registro,agro3_clean,agro3_noise,agro3_filtered
0,65.39555447652455,64.17778749794968,63.0946888399723
1,66.14323734489794,67.35485981216812,63.38816698391991
2,66.34275486038045,73.22084685823683,63.681472209160745
3,66.82601450776536,67.49450476114306,63.974283147040325
4,65.70335306063646,69.86929861971177,64.26628584742788
5,67.23986557497902,71.14739300240835,64.55717483228493
6,65.09682632078864,66.94294528978908,64.84665408940046
7,66.71371416759654,72.14765868488703,65.1344380009838
8,66.97745897795446,59.85062761229011,65.42025220310717
9,67.92706470335045,61.9040508321504,65.70383437314985
10,67.66391425856591,73.330898083921,65.98493494327555
11,66.82835028976324,64.70490044654561,66.2633177384307
12,67.28673960087127,67.65333341631894,66.53876053744806
13,68.27910333750638,74.02070889765449,66.81105555586487
14,68.24825851828855,68.90307808767531,67.08000984926143
15,68.06156651844351,73.60320240458918,67.34544563634782
16,68.29347053996487,67.02010891974764,67.60720054165924
17,69.28020932164351,71.3002403565136,67.86512775853305
18,68.59306488729322,68.78373870559348,68.11909613391572
19,69.05604794388317,73.94507838159146,68.36899017733093
20,70.79861747217842,69.94056314876559,68.61470999698389
21,68.44470576886194,65.2819510775264,68.85617116655183
22,68.30627098686243,66.77255835662865,69.09330452677519
23,70.31199033499952,68.92379208731114,69.3260559264207
24,69.44896737616575,67.32642282892301,69.55438590735906
25,69.86139840791131,67.6025013086998,69.77826933833586
26,69.69709354911845,73.37613974479957,69.99769500165365
27,70.22135644028552,74.83877040180631,70.21266513660659
28,71.68106598367343,72.96652301934118,70.42319494326273
29,71.28199533094943,69.15886204330488,70.62931205021549
30,71.48200545394417,69.56648246952382,70.83105595027132
31,70.0445453132379,63.2457408463519,71.02847740853329
32,70.38704780318658,71.63235381914845,71.22163784765632
33,69.36193172273352,67.12269009778163,71.41060871495866
34,70.93861611567318,75.76358072769895,71.59547083558542
35,72.33021976235523,67.8102352570615,71.77631375525455
36,72.17716831985902,70.23435081111323,71.95323507553661
37,71.81444259403149,71.5010162045681,72.12633978424049
38,72.10749025615664,73.63336585259492,72.29573958321632
39,71.79386623391555,77.7072282944211,72.46155221563316
40,72.57177475890815,68.07698921727935,72.62390079457982
41,73.1162722820587,72.12596588120168,72.78291313480194
42,71.60009201166652,66.91593483934926,72.93872108951989
43,73.09134763148937,75.68225753078964,73.09145989435567
44,73.68399130446612,71.56228592875459,73.24126752022593
45,72.8897055108434,72.55088648289536,73.38828403665592
46,73.81903621977979,73.25404045064799,73.53265098654
47,75.44634039873944,75.82774222550574,73.67451077306693
48,73.54983047867555,73.03728972368162,73.81400605934817
49,74.04421047139036,70.85725492134026,73.95127918119871
50,73.39750301990473,73.67596082576375,74.08647157349581
51,74.18547403467241,71.58001615522872,74.21972321050761
52,74.52443694116405,77.19606883456507,74.3511720604383
53,74.48146398601926,74.66977092100812,74.48095355417263
54,73.7732798325873,70.36309635717976,74.60920006793884
55,74.7726624559521,82.66681453314354,74.73604041945696
56,75.79202535558188,81.23278373550659,74.86159937711581
57,75.22193449708993,83.23611854740716,74.98599718185213
58,75.71979008476467,74.59515047281147,75.10934908184146
59,75.01809472621979,72.27882324089141,75.23176488098956
60,75.84561801390802,78.4908012002808,75.35334850335717
61,75.65192708037566,79.28607509083113,75.47419757664026
62,74.92560724773874,75.57083990684751,75.59440303841463
63,75.94805455046328,69.04813608580528,75.71404876916739
64,75.16377379717699,71.9459138915452,75.8332112563932
65,75.54683010919626,76.93257511149915,75.95195929417106
66,76.25326098072765,74.08800225554705,76.07035372244745
67,76.45867394349801,71.98166725791312,76.1884472097282
68,75.54698593552129,74.70191826843859,76.30628408226518
69,77.24504543492357,66.5966112514942,76.42390020226867
70,77.03441475564607,75.05567271904158,76.5413228970989
71,76.26639096529247,74.86910538376868,76.65857094063475
72,75.80800498420976,76.82605531648865,76.77565458706073
73,76.9064050962772,78.70251143724093,76.89257565632245
74,76.81809978559279,78.05692519298422,77.00932766972265
75,77.33076665828801,80.27359367577297,77.12589603371505
76,77.11756835515722,76.56662463074395,77.2422582698935
77,76.085573591525,71.31148674299392,77.3583842893573
78,77.33684369362976,77.48179434948459,77.47423670988982
79,77.51148430838512,74.6399879227458,77.58977121449979
80,78.2845378337675,73.83417385885336,77.70493694969159
81,77.46660750188003,79.36568529869791,77.81967696137883
82,79.24359498197397,74.60957421949085,77.93392866578996
83,76.84234171171049,79.07331588912703,78.04762435216507
84,79.20905547437994,74.9709896406131,78.1606917135811
85,78.24373273144911,77.29079109414118,78.27305440187969
86,79.1107419005972,77.26084110213489,78.38463260236855
87,78.67191786304474,82.40074446059309,78.49534362366651
88,79.51950717596783,81.46883245277138,78.60510249777421
89,78.55515295776543,75.8517665314068,78.7138225852838
90,78.16047616401373,77.64359027639068,78.82141618069502
91,80.02577335724233,84.3860254500793,78.92779511302841
92,79.05258936327502,83.94944547245588,79.03287133714673
93,79.38640770036497,74.89694029353247,79.13655751136872
94,80.19360961734144,84.51051612332158,79.23876755722753
95,78.70354686559955,82.76938599702815,79.33941719766865
96,79.93804749702666,80.52386909274696,79.43842447049154
97,79.20221241053684,78.90453445910576,79.53571021433254
98,79.61519219745044,77.80985476238963,79.63119852498822
99,79.84950589708258,75.73854961106868,79.7248171803406
100,78.83857393274609,79.95025094304593,79.81649803240123
101,79.43197166898821,78.87421393382051,79.9061773649314
102,81.0099378840016,82.43640477648417,79.99379621478596
103,80.77014213725505,82.27496502880568,80.07930065476145
104,80.19016566199174,88.44846498113091,80.16264203550766
105,80.4869800340341,84.41190355453818,80.24377718413534
106,80.19217100592319,81.98596669658912,80.32266855760304
107,81.42765503379374,74.41877595058774,80.39928434977128
108,80.41625652163522,81.70296619326727,80.47359855196075
109,80.79579235804178,85.98536688966657,80.54559096758989
110,81.51125875938413,80.11089965447148,80.61524718179501
111,80.23894002053838,87.42400954536076,80.68255848701564
112,81.94683511344257,83.73061992219925,80.74752176570516
113,79.85545527929148,80.82154664526695,80.81013933178762
114,82.13712918054706,78.88756885911208,80.87041873316343
115,80.80360707644762,85.73549415251466,80.92837251828588
116,80.96118321518392,78.23686687137081,80.98401797039914
117,79.87314296343894,78.02209123380959,81.03737681336774
118,80.94135040263293,74.77173052875067,81.08847489318033
119,80.59387126956427,83.53310690895714,81.13734183918179
120,80.95687884189348,82.88432287209343,81.18401070880222
121,81.34506930031276,81.37853058273215,81.22851761905738
122,82.16905114812423,84.5969314521676,81.27090136765263
123,81.6997780078185,83.81851795821382,81.31120304637099
124,81.82413097387256,80.62529687340893,81.34946564958825
125,80.89463297420808,78.32049750706051,81.38573368110644
126,81.09614020968392,75.470332319615,81.42005276287013
127,83.02137428512437,82.43862542111519,81.45246924932815
128,81.29564695689143,77.00513470960095,81.48302985106177
129,83.01607176883117,83.54959609330213,81.51178127082709
130,81.73143421811831,81.20529191013341,81.53876985455109
131,81.94643794180017,80.62784377255196,81.5640412592974
132,82.73575526182044,86.16815429632817,81.58764013988585
133,82.91688737171033,79.68177675787233,81.60960985571637
134,81.98745266410714,75.92637735823165,81.62999219936789
135,81.8301020023475,81.09085027632979,81.64882714863326
136,82.0979667241925,79.67107592319114,81.6661526436476
137,82.40730489371448,82.80603153340378,81.68200439052492
138,82.82665211230785,79.83020893878363,81.6964156924737
139,82.23608345842811,83.61534546347026,81.70941730891522
140,82.69510106814998,79.50421424243589,81.72103734282572
141,83.43586277262918,80.20948267696255,81.73130115636539
142,82.58142747151233,84.60323123356412,81.74023131476329
143,82.55653445489064,82.40417961738339,81.74784755833313
144,81.29737113171758,77.40398769571843,81.75416680240134
145,80.53969118259504,77.41789402237164,81.75920316488008
146,82.67201911203207,81.44924955277965,81.76296802116687
147,82.35109131970745,78.6023666396183,81.76547008584028
148,82.0727892130983,81.12841042177493,81.76671552016457
149,82.61763208786968,81.78867512600974,81.76670806382742
150,82.41725584559047,79.40943543570278,81.76544918878702
151,83.25971455527007,85.39173223411711,81.76293827268107
152,82.5396272500574,79.19294244036655,81.75917278895793
153,81.96393503480105,86.04951986464651,81.75414851072156
154,83.18567907941326,82.46908732816664,81.74785972524434
155,82.34470144447705,80.18113136336278,81.74029945619104
156,82.86774805385528,84.6367770462751,81.7314596907968
157,82.16581250467873,82.27879050517681,81.72133160948844
158,82.04429716543376,84.53661888954115,81.70990581567449
159,82.55561817770267,75.99248419403612,81.697172563647
160,82.5015535911689,84.19674035705745,81.68312198276308
161,82.82267469548287,81.11953231846184,81.66774429625043
162,82.29131565771951,82.41458585207508,81.65103003302555
163,81.18483817852548,80.89565518449129,81.6329702308434
164,82.1566219872662,86.57329890257529,81.61355662903352
165,83.00286272157354,76.90074391914855,81.59278184909958
166,82.22500627669808,87.51896798838855,81.5706395615695
167,82.24503594022167,84.56205514537645,81.54712463766202
168,83.09065928622346,83.58964157549514,81.52223328457814
169,81.88286423598602,77.18114075168903,81.49596316357176
170,81.28069325505005,75.79658880583658,81.46831349040579
171,82.225986047722,80.38617410464227,81.4392851181796
172,81.97564292487594,84.05867526727192,81.40888060255367
173,81.6126960507557,81.59300846856694,81.37710424903125
174,82.13917681591137,84.03570833013895,81.34396214145141
175,82.57724114056124,77.77767545118157,81.30946215054361
176,82.196305717138,82.34192926412865,81.27361392138924
177,82.38569309512434,85.97836191448984,81.23642883877834
178,83.4065716817872,88.16851893327375,81.19791996958003
179,81.86193571823407,77.7491316618334,81.15810198141179
180,82.25994780102305,81.10570091878867,81.11699103726374
181,81.67019913372238,80.5524414444614,81.07460466631358
182,81.39413715905675,79.3397648832425,81.03096161170087
183,81.53549383561483,84.51282852828717,80.98608165628134
184,81.56654234767689,90.98450424422212,80.93998542738527
185,82.10845881534216,78.45566010125845,80.89269418161382
186,83.45474396085893,84.84791263158478,80.84422957098757
187,81.26114304976953,82.23044044032129,80.79461339239114
188,81.42114048462174,82.46079393429842,80.74386732305516
189,81.6174239956079,85.98943333873581,80.69201264553935
190,81.88593348984632,83.1102723907134,80.63906996627573
191,81.73906161862652,74.73235922183846,80.5850589322998
192,82.39758785928862,77.6850420599539,80.52999795138753
193,79.74283969724283,76.24345107025643,80.47390392127623
194,79.7115109167616,77.25633864628148,80.41679197373217
195,80.9747550220436,80.51694984399305,80.35867523883681
196,82.02795408276604,81.32374758963951,80.29956463416285
197,80.10033703961346,74.11989561007363,80.23946868278374
198,79.02587359705684,73.7495975978762,80.1783933634893
199,81.46445276905486,74.51454477068867,80.11634199611997
200,81.16709023341942,76.07018423053924,80.05331516434559
201,80.1637861429199,83.41464012887482,79.98931067731965
202,80.1659619834746,79.2789204363136,79.92432357053156
203,80.10443971827004,76.9797291671275,79.8583461451806
204,80.78657586915742,74.4972461512281,79.79136804475303
205,80.19524889865237,76.87335442553508,79.72337636714143
206,80.9025179611128,82.89397615357086,79.65435581031748
207,78.47998106771959,80.04007997742453,79.58428884906544
208,79.79852068129347,78.97048432134943,79.51315593972058
209,79.52873520878708,78.65289264539462,79.44093574948643
210,80.05475738299067,74.24534512421363,79.36760540680397
211,79.77336047114683,77.22802480140243,79.29314076923886
212,80.62286618861916,82.44507568802611,79.21751670520985
213,78.67581360982865,76.46253363929509,79.14070738552789
214,79.92076806867294,85.24550079716163,79.06268658028627
215,80.18994394599927,84.14399845810567,78.98342795635915
216,81.0075647895849,79.5192601238814,78.90290537079038
217,79.27810638693434,78.40774995038457,78.82109315572363
218,79.74853168701081,87.03984893033257,78.73796639115618
219,78.16342132350279,80.9420798145245,78.65350116250976
220,77.65512660467253,77.88561759933762,78.56767480069124
221,79.82287440771944,80.43194798315577,78.48046610300331
222,79.12835206976676,79.6166940919342,78.39185553397715
223,79.85660056115537,79.80092999456896,78.30182540581899
224,77.9683526015651,74.45572428055493,78.21036003860215
225,79.1904648104516,77.8709342568388,78.11744590062949
226,80.03022056386261,75.32024966272637,78.02307172955959
227,78.91008329668821,81.28734156979063,77.92722863487998
228,78.70287483912979,78.26833692167975,77.82991018212829
229,78.40698328797211,80.95044440904202,77.73111245904853
230,77.19186192750755,73.01194975432674,77.6308341238005
231,79.12963455089182,83.79381813543276,77.52907643546557
232,77.6411684142637,81.89744167087319,77.42584326732393
233,78.30873423324658,73.14487079516289,77.32114110363509
234,76.74710238476052,75.08789944114898,77.21497902097173
235,76.90004978202302,75.59687679899599,77.10736865552919
236,78.61350414364112,73.89744769274797,76.99832415807312
237,77.24794073255367,76.39561675035392,76.88786213810477
238,78.38930429308644,80.21975283009128,76.77600159845845
239,77.19707079384322,75.65742216575406,76.66276386110708
240,75.84119830958329,70.2232303927971,76.54817248463267
241,77.63255440866648,80.16618697501293,76.4322531736724
242,76.47166090147185,73.87503008009459,76.31503368056161
243,77.24905658966999,74.99820264688294,76.19654369921665
244,76.651933858531,82.1662934565616,76.07681475104093
245,75.42735083876558,76.72831085481619,75.95588006243372
246,76.49473548502961,73.84115481300911,75.83377443344703
247,77.78824189672203,73.88819840117851,75.71053409730457
248,76.46610666025192,79.63406713466081,75.58619657077388
249,75.9498710482406,78.89202939895824,75.46080049559109
250,76.610991187998,74.94899762418842,75.33438547123365
251,75.87284926014011,71.74350580020285,75.2069918794749
252,75.73821232027089,77.00291385773912,75.07866070143416
253,74.69259765746389,76.64056271542816,74.94943332812008
254,75.48467920290162,74.26215366594246,74.81935136559369
255,75.90911325964082,72.29092070100401,74.68845643588759
256,74.46145730324153,74.5426613959328,74.55678997483815
257,75.90534025827095,77.41980127097969,74.42439302802015
258,74.70459963681519,73.10699642780273,74.29130604594415
259,74.00707811635756,74.8660443083059,74.15756867961483
260,75.18571844102458,76.3696521562908,74.0232195775551
261,74.14462965502315,77.90156096876746,73.88829618551087
262,74.73422030738125,73.35444919030962,73.75283455024284
263,73.85468203964994,70.11811160991262,73.61686912909927
264,73.87258128677479,73.65178395833716,73.48043260742526
265,74.11470600390442,79.6494322597419,73.34355572616191
266,73.82681838240485,68.04406449895463,73.20626712210442
267,72.07953170142704,64.4930795100725,73.06859318328868
268,72.54399845297512,72.18964988715364,72.93055792195568
269,73.83118756946826,72.58722762353618,72.79218286737037
270,72.93911770429594,72.25571512441884,72.65348698026301
271,72.51531028185,71.70986870270916,72.51448658993185
272,71.78054038519109,75.07866571001082,72.37519535442553
273,71.82467295080136,71.68540545780708,72.23562424388625
274,71.01351680565865,73.70163379419647,72.09578154703375
275,72.20552331290111,64.07972325763598,71.95567290081034
276,71.7045292070918,69.96937178433814,71.81530134328315
277,71.29322673607375,68.61919077670508,71.67466738984152
278,71.76795703213782,64.27467999478503,71.53376913237133
279,71.9156458998565,72.25476949579762,71.39260236042065
280,72.97076139088023,72.6417613215976,71.25116070252078
281,70.2913097260605,68.7594712086536,71.10943578497194
282,72.00476463777727,71.59158352531739,70.96741740471454
283,71.71741895272564,72.05652287841023,70.82509371249222
284,70.33342877041608,73.65622401289042,70.6824514023365
285,70.86311632061414,72.97050709586027,70.5394759033764
286,70.24209278867899,71.31969767692391,70.3961515700936
287,70.53354628393713,78.10090578609085,70.25246186744553
288,71.30064340801819,68.9782818724276,70.10838954775528
289,70.50843863609828,66.04818824533994,69.96391681686843
290,70.28039385236642,74.13141754694546,69.81902548772024
291,69.46261235872781,75.58553103423064,69.67369711999005
292,68.56407335243125,66.4807487684871,69.52791314485759
293,69.29570875682715,73.8146697678461,69.38165497414128
294,70.12464119373873,68.37499479200656,69.23490409347447
295,68.04904863979235,69.96694132393456,69.08764213964355
296,68.21724211970157,70.31723087829826,68.93985096262922
297,68.88163475700728,66.81188617294362,68.791512673198
298,67.94115205453237,73.99810310753155,68.64260967711097
299,67.91254375114436,74.34620867240338,68.49312469719759
300,68.00744394124244,64.65805635377494,68.3430407847669
301,67.18445292490597,67.84387743068062,68.19234132220376
302,67.29470772395184,70.29412316444234,68.04101001910485
303,68.30500261105979,62.13044221537841,67.88903090474908
304,66.73327283456264,66.81930488523031,67.73638831988879
305,66.36558479403489,60.94343629646245,67.58306691077694
306,66.87859285175404,69.06783024253164,67.42905162804823
307,67.66736214643916,67.94933993049644,67.27432773256426
308,66.85241537238792,65.6265148810252,67.11888080971238
309,66.50022210227095,61.36104595735552,66.96269679310913
310,66.69156560937768,64.72825116858507,66.80576199829967
311,65.27353872528525,66.97641851246158,66.64806316674373
312,66.67679776053014,66.54242257424313,66.48958751995586
313,66.43384511629128,70.34514799226312,66.33032282314194
314,65.71384489338507,69.41270540581995,66.17025745725621
315,66.53942817833459,70.0990144529347,66.00938049829324
316,64.8809704338797,63.117178551189056,65.8476818028791
317,66.29472369245133,67.26219361707956,65.68515209974647
318,65.44835218748304,62.28254433605981,65.52178308726432
319,64.93970507785997,60.8073296452931,65.3575675376128
320,64.99654816788018,68.87283084728385,65.19249940831389
321,64.7706412506644,60.87903969954518,65.02657396165561
322,65.53530703020999,61.29135393262527,64.85978789219767
323,63.762948049459965,64.10796903424519,64.69213946215443
324,63.81852289212563,62.930751001752576,64.52362864405433
325,64.9135262397008,64.30932088447621,64.35425726963284
326,63.607248984733296,71.16941248731956,64.1840291834505
327,64.4907036013482,61.22901928567082,64.01295039937617
328,64.88635682247245,66.50998346382555,63.84102925798027
329,63.25214685606853,63.53648403480374,63.668276583066685
330,63.84725564853938,67.15771954415285,63.49470583590944
331,62.39987929877714,59.8226224213014,63.32033326609675
332,63.573218610882726,62.83701126279843,63.14517805816202
333,63.02223930167974,63.39662140201511,62.96926247339392
334,63.05181856337047,58.34912342454136,62.792611986315706
335,62.107168826065,56.18526389242235,62.6152554152551
336,61.235032830774685,61.16681675117814,62.437225046172735
337,62.5891501905395,66.97637861977422,62.2585567484506
338,60.63195074810069,59.47678105886729,62.079290080694385
339,61.69403957597744,60.98859785873627,61.89946838398179
340,62.415272979538045,66.18939647418456,61.71913885962551
341,61.7314596172153,61.243368138017445,61.538352628432364
342,62.80209730633785,65.35022958836574,61.35716476850317
343,61.99741674163511,70.74298757053404,61.17563432879823
344,60.66416682723824,58.77149185144427,60.99382431606928
345,60.98355872373385,60.402848671329,60.811801653387874
346,60.774327580621936,62.0738572270687,60.62963710930901
347,59.54353081922396,64.43580877889224,60.4474051974692
348,59.83687821856466,59.45928152830782,60.26518404693481
349,59.94727876231011,62.33916067101448,60.08305524393473
350,58.75967756286686,59.90068291089179,59.90110364591184
351,60.06407993419841,59.82714485546004,59.71941716916841
352,59.70288431565101,58.32397137669652,59.538086551692764
353,58.55322186063878,56.55509701857469,59.35720509296952
354,59.854837779946585,69.90925312733522,59.176868372668444
355,59.92128432728035,54.866902326338135,58.99717395011037
356,59.42804080858805,54.68445108119295,58.81822104645106
357,58.89188597442816,59.69459395896244,58.640110211708816
358,59.38304903652008,60.04972772299765,58.46294297897531
359,59.29620340964664,60.69456981660233,58.286821508183756
360,58.88695999075887,56.01859771412826,58.11184822169178
361,57.94701080079685,54.580351653257416,57.93812543388482
362,58.571070114062366,57.63468797421232,57.765754977083056
363,59.06825924739021,62.04508307325263,57.59483782607494
364,57.6685332930668,54.330533551381365,57.42547372348403
365,59.410274181775485,59.90593845888631,57.25776080800853
366,57.43012462892077,55.74999849629639,57.09179524752285
367,57.67792183770848,52.677877882488126,56.92767087910831
368,57.04250296126765,52.83969878086221,56.765478858149145
369,57.52838793165631,60.51417731817142,56.60530731854513
370,56.01226227610624,54.03179055631957,56.447241045791536
371,56.71018500462681,60.78967071056106,56.291361164254695
372,56.18941786896499,56.06725186760642,56.137744839643226
373,56.91103350560829,52.424790861645576,55.9864649975924
374,57.3757230595396,58.94085613385636,55.837590059401954
375,56.99606042622955,54.36779468704986,55.691183696132455
376,54.74888729403281,53.5128976078615,55.547304602342855
377,57.70465040199004,61.41979725873628,55.40600629073649
378,56.3490238466066,52.1190925788051,55.267336908947726
379,55.46689147854544,53.99222825388179,55.13133907971419
380,55.9895433561794,52.43573850900786,54.99804976575478
381,55.87301267360513,51.968918554872765,54.86750016073
382,55.15403773021717,53.60204929382727,54.73971560755885
383,55.63156448029871,52.81887828129712,54.61471554504199
384,54.94103493333266,54.04266543066777,54.49251348327098
385,54.95751929003036,57.05280849230648,54.37311700781575
386,54.63556145062894,52.17286382513607,54.256527812283146
387,53.98956058803229,49.17416529229582,54.142741758588386
388,54.97209151453604,57.07602614535709,54.03174896415293
389,55.15840518942456,52.67367298053833,53.9235339151163
390,54.98892994661608,60.98370843096302,53.81807560444017
391,55.08341322907094,53.7419738837498,53.71534769359112
392,54.61860801586634,54.17263201282496,53.61531869651575
393,53.90192833176808,46.34488861429736,53.517952184934956
394,54.74704087727349,50.93674747644422,53.42320701439569
395,53.09463913339089,45.61943700297377,53.33103757069931
396,53.30125337891356,54.26581090417563,53.24139403604225
397,53.14481325738978,52.87653350971264,53.154222673480824
398,54.4650417429349,56.53174112429008,53.06946612742323
399,54.259433975095824,56.90760447600064,52.98706373709666
400,53.83231647721616,56.98578459482012,52.906951859585426
401,54.13452663411237,53.39643222975317,52.82906419916155
402,52.66291353237735,52.94305325403668,52.75333214013311
403,53.41793723691315,55.31677082630914,52.67968508111077
404,52.983091606882425,50.37651581361061,52.60805076921773
405,53.56161844494262,50.48509355070777,52.53835563321527
406,52.7875356880288,57.83870022051056,52.47052511477119
407,52.4994387914566,46.57552043661557,52.4044839971961
408,53.04956536203848,54.68949564345955,52.34015673096862
409,53.18761263161951,54.30673034037212,52.277467755338265
410,52.01116129667903,48.32685654786249,52.21634181526699
411,52.34231212314238,50.15189791062707,52.156704272947046
412,51.55158165419466,50.38120239548011,52.09848141309132
413,50.45264450147775,51.16329358015344,52.04160074106206
414,52.25178731235499,53.40521061514138,51.98599127261804
415,52.449267908128014,52.34782414480758,51.9315838136825
416,52.11944859715381,52.73734511300984,51.87831122822202
417,50.48568409593718,52.648571352157184,51.826108692189166
418,51.52057453136326,53.53197597912662,51.774913931518334
419,50.13054233008547,55.16281228712546,51.72466744231285
420,52.56082624938888,55.98213805674236,51.675312691591664
421,50.761888203765366,50.820240788695706,51.62679629730241
422,52.3224490992308,54.42377977680912,51.57906818679052
423,52.02877256246264,53.41884202392111,51.53208173349675
424,50.660712590215184,51.1999388435694,51.485793872226424
425,50.42411074333541,47.57525227846005,51.44016519381086
426,51.38973349396446,51.92190578987047,51.39516002033481
427,50.48234867656593,43.708676299493135,51.350746462273655
428,51.07551005597358,54.59255840203225,51.30689645879298
429,50.597687907912665,51.74677017846583,51.263585802110946
430,49.62226067462924,49.10016022676959,51.22079414634515
431,49.24266288908336,47.862776878926695,51.17850500084973
432,50.8991095231345,53.045769087347765,51.13670570779051
433,50.28530764478018,56.312048367739024,51.095387403527965
434,50.230736394104895,51.46093610345854,51.054544963206716
435,51.04604488863746,57.28510163424022,51.014176927896635
436,51.32293636859298,53.89548780803508,50.97428541387068
437,50.25488342906723,47.61329712986449,50.93487600415756
438,50.15294057539345,51.75261144795652,50.89595762322326
439,50.68871714265516,51.9680756330499,50.85754239629986
440,49.33758716246532,46.6940669973681,50.819645495311406
441,50.3940470564669,49.0567723876904,50.78228497349824
442,50.57613573555328,49.17384185067375,50.74548159078195
443,50.61953492575235,50.94825783636304,50.70925863169489
444,48.74279234892492,47.82431171882259,50.67364171734822
445,49.52230773876671,50.40349033042664,50.638658612511485
446,49.39880539432726,50.811384707904175,50.60433902851467
447,50.04344401058591,54.20118574164748,50.570714422386565
448,50.27158205768694,52.07266928942812,50.537817792429415
449,50.94590393461162,48.64365473710791,50.50568347037277
450,49.51648838796972,56.4405550069373,50.47434691040097
451,49.48103635525667,47.200019438873326,50.44384447564806
452,50.60209906820101,49.33086049891127,50.414213223085056
453,49.97454593795828,51.93423290365727,50.385490688004396
454,50.62553648158123,60.12163815621168,50.357714669493134
455,49.91315616440053,51.23028968752799,50.330923018412214
456,48.875561579598696,46.77127969291704,50.3051534296466
457,48.728483079484114,43.351764939254736,50.28044324090438
458,48.55337952274154,42.95855944180802,50.256829240921824
459,50.08227723048122,50.118218264251546,50.23434749011295
460,50.43190131295113,52.21857688120237,50.213033156223084
461,50.87712126559535,46.22036954462243,50.19292036661546
462,50.15706910157594,50.88510102243066,50.17404207790449
463,50.3668549168342,46.05855701557799,50.156429963044594
464,49.13447536873513,46.10258117484498,50.14011431563287
465,48.72026220366778,50.79229167627893,50.12512397085924
466,50.11572394105711,47.66363353348188,50.111486242096156
467,49.80560963647763,54.1024599399373,50.099226871582026
468,49.58265918633049,47.665996285345926,50.088369993154416
469,49.77447406702601,53.41325892283693,50.07893810467186
470,49.72706108032363,57.15659032389512,50.07095204767858
471,50.39867181077442,47.95296084976143,50.06443099199707
472,50.407310321982784,58.49547442977465,50.05939242328029
473,49.884246618321306,49.92847881898238,50.05585213212185
474,50.0994776494462,48.02476205649073,50.05382420404511
475,49.87303358747962,48.9020679663572,50.053321010432796
476,49.19779546765998,47.87456173664565,50.05435320104798
477,50.0592836058124,54.65692276210033,50.05692969908834
478,48.56426450414194,52.8865520800638,50.061057699707234
479,50.29050545026598,54.57386388930877,50.06674267284138
480,48.73063197122451,44.46877364099984,50.07398837128083
481,49.78252194624782,50.403403303260674,50.08279684528902
482,49.00815687433695,43.92541715126496,50.09316846553258
483,50.00608358422679,53.322318692537394,50.105101956302256
484,49.61555004331489,48.02924759589121,50.118594440856455
485,48.5451926300066,50.19520533442911,50.13364150032891
486,49.97987111094173,48.3338586360457,50.15023724725057
487,49.3063294748804,43.54742369030941,50.16837441446172
488,50.35479990179899,53.25795540188657,50.188044459962875
489,49.76767617203231,52.924159149428846,50.20923768793776
490,50.073918808548186,50.53102636184283,50.231943385776674
491,49.15882367468659,42.23378120330364,50.25614997661055
492,49.4502058982232,51.91124330355551,50.28184518676055
493,49.576923259593336,47.1577568810789,50.30901622747417
494,50.5345056866114,52.22879012199457,50.33764999010672
495,51.14742967039778,49.53833404478241,50.36773325349458
496,49.44970150512931,48.17725337693221,50.39925290185342
497,50.808771709370696,52.44087440295739,50.43219615126637
498,48.57945617704731,45.8870244901153,50.46655078267518
499,49.30714190509115,48.76044568098046,50.50230537915264
500,49.518360949118986,51.18976049096592,50.53944956504245
501,49.29076378688258,56.39635678696808,50.577974244277776
502,49.17859980996352,48.934352826388725,50.61787183489495
503,50.627375582814565,53.38076098242517,50.659136496614344
504,50.24116134404772,46.39782541570931,50.70176434848369
505,50.71088734708376,56.26900136834887,50.745753673877275
506,50.98448629864016,48.33425568103514,50.79110511041202
507,50.74449058573512,50.310924293121786,50.837821822490014
508,51.07794186251919,52.75464330745282,50.88590965426189
509,50.62932376333933,48.07133480845447,50.93537726087601
510,49.90912343730994,53.45432330114796,50.986236215915575
511,51.54403869363394,49.37342061051571,51.03850109291734
512,50.45626138326594,53.1805697720369,51.09218951883693
513,50.28030821388169,53.78219319763585,51.14732219731256
514,50.87877682922164,52.77592743082365,51.203922899622825
515,50.43394657438362,52.757482382524266,51.26201842138689
516,50.85180201604799,59.1526498160484,51.32163850335277
517,51.457417168065945,52.82361313466254,51.38281571506221
518,51.53447458913986,51.89472924623193,51.44558530077078
519,50.737682670086606,51.84047079885053,51.509984987729034
520,51.1017631363284,55.27150343303494,51.57605475769031
521,52.27364031047177,59.91327603893422,51.643836583146985
522,51.94898687540216,51.40300690352418,51.71337413030386
523,53.13539318461607,50.142940667348135,51.78471243135582
524,52.59171137884408,56.40468027378827,51.85789752935529
525,52.65082565582458,48.18012316414353,51.9329760996868
526,50.96392779533494,51.809333740487006,52.00999505269221
527,52.55716115180877,53.55628083745689,52.08900112225517
528,52.07370641073024,51.72165843084854,52.17004044523215
529,51.815006465933656,51.65580275456137,52.253158136596284
530,52.40949832334657,46.98959399897622,52.338397865111425
531,53.04610168740048,50.19828312010932,52.42580143429158
532,52.82896466092022,55.90246679933343,52.5154083732315
533,51.958733323953965,45.26371101123009,52.60725554153901
534,53.19001262801604,52.90796590662573,52.70137675212652
535,52.32194080635794,51.29677666619871,52.797802415152866
536,53.01921545430678,46.48434788131237,52.89655920596299
537,52.75579195855761,58.3065053779961,52.99766975939069
538,52.91683484391866,49.537726768652,53.101152392267046
539,53.7096097960517,55.50999816440611,53.20702085549064
540,52.54958655199894,51.01168034443111,53.31528411666518
541,54.745114640554576,51.974115011253154,53.42594617412899
542,52.21573667700064,51.44175965077746,53.53900590311267
543,53.18040057592562,52.01161843480474,53.654456934637096
544,53.96742865976395,53.35497378001371,53.77228756752639
545,54.228043027707365,51.646971994900426,53.892480713569554
546,53.86065218773001,50.53495133653546,54.015013875481266
547,54.00398188016711,57.29843197448663,54.13985915693151
548,54.445907383096895,54.46865507094199,54.266983303541345
549,54.1123259631631,53.91450781782439,54.39634777340899
550,55.36602750817549,52.44212766466905,54.52790883552128
551,55.096233109855525,60.25999964022874,54.661617694353545
552,55.23870414939505,54.951952953635725,54.797420638993756
553,54.07159412700406,47.85398311621597,54.93525921519359
554,54.81363499222689,55.71829070414328,55.0750704188595
555,54.78129796508543,52.27486922014587,55.21678690957217
556,54.41122233614521,57.39860632069799,55.36033724259163
557,55.49186696371161,58.89775006761383,55.50564611744919
558,54.98908583296949,58.01615518129376,55.65263464086357
559,55.95097088436447,54.4376329364618,55.80122060159041
560,54.87085627347263,54.50056845227308,55.951318754988506
561,56.95215999159325,57.76754510482306,56.10284111542063
562,55.25126603086504,58.17904675971516,56.25569725488066
563,56.16309099174455,52.75943304643627,56.409794606355156
564,56.69576137031493,57.00218298558156,56.56503877046144
565,55.87487888161897,62.00135560640747,56.72133382393637
566,57.00489609533587,55.248894078448416,56.87858262857569
567,55.68254052373566,55.59703273340904,57.03668713926562
568,57.69519907049891,66.26700379622751,57.195548709880725
569,56.82530185879882,56.0340858703466,57.355068396058975
570,56.53550945173936,51.48852074859325,57.51514725417211
571,56.88207585869442,56.69387693560701,57.67568663616901
572,57.79714398381429,63.28407482540603,57.83658848026072
573,56.96205696698623,60.427905189983846,57.99775559746233
574,56.987764203485575,53.774540519950165,58.15909195387099
575,57.49922749343261,58.86165310105737,58.32050294852795
576,56.97325355637816,56.39651167736665,58.48189568687547
577,59.215152795802304,61.87848843536913,58.64317924996638
578,57.68874759391082,55.67034631221868,58.8042649595485
579,58.81259956868748,60.43453542855869,58.96506663900609
580,58.52311861178167,64.78843032065353,59.12550087004339
581,57.8341005603601,49.26597311347018,59.2854872449881
582,58.666639356268895,60.61122850556437,59.4449486146552
583,59.36787650183979,63.69419722902566,59.60381133176059
584,58.83627733054609,53.73175074682495,59.76200548979122
585,59.952928927810014,57.58949102638604,59.91946515701438
586,59.98318914927767,58.691906660289895,60.07612860504969
587,60.06242113644111,57.66515735728203,60.231938531143435
588,59.24913209644611,56.60619723527121,60.38684227287708
589,58.96735677128843,57.7382622928704,60.54079201350027
590,59.44671810693662,62.24013561002865,60.69374497547642
591,60.16719401989263,65.0464463403863,60.84566359922012
592,60.56606960157822,64.83855845995845,60.9965157034842
593,58.818694634740936,62.07819618533884,61.146274623609415
594,60.488457775269225,66.49749071810305,61.2949193240201
595,60.76069300514833,67.42311000088895,61.44243448188021
596,60.6121786269024,61.15682492585037,61.58881053955351
597,61.86730022198216,66.56062838335076,61.73404372433698
598,61.41610767397252,62.80649217469672,61.878136034813345
599,62.19593744302316,61.48670932728452,62.0210951940143
600,61.286044816712064,61.12281171346581,62.162934570301736
601,62.252322230395485,65.57321120196141,62.303673067403246
602,62.89994609473918,67.70684148296334,62.44333498536955
603,62.83332154726256,64.73711537282853,62.58194985444025
604,61.3107824233422,60.011843996290985,62.71955224409587
605,62.05824655176863,60.45283704085451,62.85618155004867
606,62.15511957111627,56.07665455256364,62.991881762436584
607,62.9004887824691,64.0842924071895,63.12670121872713
608,63.20007837993281,64.16071739841513,63.26069234463251
609,62.29435466556642,58.86811781173071,63.3939113857933
610,63.091327294606565,64.64303278716798,63.526418132390276
611,61.79244790917164,63.289145479248496,63.65827563839223
612,64.3785948900916,59.51226480102905,63.789549936835435
613,63.17367109964478,62.11840433790507,63.920309752262675
614,63.73478451968234,68.35622024338983,64.05062621116477
615,63.64250231637699,61.56577545457813,64.18057255094381
616,64.82526805979124,64.8831298457618,64.31022382760835
617,62.20078378073394,62.72705542542765,64.43965662221994
618,64.33958205860367,64.25320371586011,64.56894874604762
619,64.44147221919934,66.70030701392893,64.69817894434641
620,64.36248452213192,67.42985624262998,64.82742659858887
621,66.05300534738393,70.20062635427968,64.95677142691868
622,64.38824856621362,63.360027476191455,65.08629318269605
623,65.71446809384182,67.4326634749582,65.21607135134545
624,65.58850196510967,68.34300241793294,65.34618484622764
625,66.38716888611283,65.9990549009621,65.47671170478628
626,65.20210308498791,62.843372275222194,65.60772878666654
627,65.32112036923033,65.79203295497697,65.73931147587338
628,66.7665272847302,64.77982855539484,65.87153338930453
629,66.46208308844285,64.15233200833467,66.00446609408266
630,65.2479654009256,65.96996802559451,66.1381788360093
631,66.11693842961643,65.49929221070639,66.27273828124903
632,66.92990069931236,67.50558333605315,66.40820827310736
633,67.410782689853,62.323017414550144,66.54464960554003
634,66.51371865410519,65.93795325237784,66.68211981484554
635,65.11393427886087,57.70064113724146,66.82067299080605
636,67.6847875562795,64.25581917774761,66.96035960823761
637,66.62879271384992,66.3371054489606,67.10122637936045
638,66.23521745977774,70.2140578081227,67.24331612658757
639,65.82889899368188,67.58968057462863,67.38666767443678
640,68.54530493352634,68.8413980540589,67.53131575859541
641,68.22934398900489,66.99368310970426,67.67729094989237
642,68.14493160607356,67.3230299905304,67.82461959098728
643,69.4385569078505,73.72129561001458,67.9733237437619
644,69.075469044362,65.44682956335444,68.12342114555886
645,69.92359051350783,67.54394562909425,68.27492517257048
646,67.97982487529775,71.4786052870243,68.42784480888088
647,69.09281772405993,67.96479385578544,68.58218461987461
648,68.14725524372952,74.50713493319736,68.73794472887758
649,69.28001019839549,71.5453909989721,68.89512079604678
650,69.42782555833261,73.21589273120448,69.05370399880584
651,70.2014044842144,64.8696164530142,69.21368101361645
652,69.95521128617874,73.42995449457386,69.37503399952264
653,70.51985047641745,67.73399351409462,69.53774058453037
654,70.73561373126952,73.08320253616768,69.70177385632077
655,71.91097112903155,70.71809132293072,69.86710235903666
656,70.34068812394223,71.07144629897917,70.0336900980584
657,70.06109802770382,66.43284659864344,70.20149655490664
658,71.05001813463313,65.40680044671956,70.37047671465704
659,70.47362101062582,70.96742107470618,70.54058110838534
660,72.22954297184276,71.26592816464198,70.71175587302614
661,71.15035147867457,68.21885041466817,70.88394283062885
662,71.10859892921717,65.59175458500233,71.05707958851193
663,71.32992866621012,62.55619614258923,71.23109966139755
664,72.31752260508213,74.03470984791755,71.4059326161578
665,71.85840621794094,71.0218360082775,71.58150423912228
666,71.67326355440518,69.69268683121841,71.75773672500645
667,73.44116504250326,74.13915140156911,71.93454888569596
668,71.82846001873098,75.1555373624853,72.1118563766049
669,72.60439195026092,73.48852534702948,72.28957193812619
670,73.18716819328925,71.73377866090074,72.46760564973106
671,71.73900377526519,78.7332115439192,72.64586519450232
672,73.36681639223642,71.28165327834553,72.82425613223877
673,72.44105059598648,67.81769555090216,73.00268217965878
674,73.90384716787378,74.23122586668988,73.18104549658707
675,72.80158324827067,71.96338635442075,73.3592469772183
676,74.10716872847355,77.21348040571736,73.53718654550975
677,74.54234202267986,72.8162026038272,73.71476345353163
678,74.51651531750072,73.97483795846782,73.89187658141849
679,74.23389014029655,71.39431583757653,74.06842473755428
680,74.03970996692937,76.68869565731835,74.24430695771728
681,73.94095808800411,74.41184381561473,74.41942280196477
682,75.51617196618584,74.61361168987327,74.59367264800602
683,74.13794743270812,73.64600396562925,74.76695797977034
684,74.04193062392652,73.97203572925383,74.9391816698866
685,75.37304026073645,70.65873526029488,75.11024825480867
686,74.48849976261113,78.301989970748,75.28006420125061
687,74.51835911798591,78.13938845177603,75.44853816239281
688,74.30956937234583,74.44299428706101,75.61558122206198
689,75.11781132373275,74.90071766036351,75.78110712493299
690,75.53275702689804,72.26388442387457,75.94503249083239
691,75.8946710677268,81.56004259981233,76.10727701132764
692,76.52329712836632,81.39534116626064,76.26776362679864
693,76.3581004863922,77.65164964955906,76.42641868214692
694,75.98655065007856,78.67617205324329,76.58317205943605
695,76.1113004737939,80.14707349883642,76.73795728621934
696,76.73599789803532,80.10592887615908,76.8907116189865
697,77.39749808761134,74.58932091127416,77.04137610185734
698,76.72187850438355,75.70143533607099,77.18989560127623
699,76.43076215686054,77.96632189823399,77.33621881797225
700,76.18876576099603,76.8556377391424,77.48029827774921
701,75.99565702631317,78.4655655875336,77.62209030271943
702,77.59611640904177,79.7074287208307,77.76155496450386
703,77.65562545508998,78.465650356392,77.89865602085119
704,77.77538158544527,69.23555802171548,78.03336083715757
705,77.40021388355956,81.24692190930773,78.16564029444957
706,78.59302802842045,81.34492602652394,78.29546868537648
707,77.38602700101075,84.1727053669846,78.42282359955966
708,78.50916099961363,76.94304829599713,78.54768579943655
709,77.92772987112195,71.88330412147099,78.67003908780069
710,77.64218505499545,77.05034449553834,78.7898701685889
711,78.5947744973588,80.0926100923839,78.90716850274916
712,78.57750204820817,77.12768806386804,79.02192616091754
713,78.65016088409739,83.14941607460914,79.13413767420356
714,78.56545677693138,76.40030900449365,79.24379988394934
715,78.5890665556333,78.25817946539703,79.35091179111089
716,80.39321912804415,79.58641305922174,79.45547440587676
717,79.65483200653037,88.75411240386771,79.55749059814717
718,79.43504094516736,76.46325684227057,79.65696494949019
719,79.1092371039117,81.02377929250129,79.75390360728994
720,79.8365989171146,75.89683798354126,79.84831414211608
721,79.59348194163135,80.71834930361761,79.94020540975058
722,79.34720124496599,76.2167075607221,80.02958741954228
723,79.21300100165651,82.82063632579279,80.11647121070295
724,79.46414812234741,82.44265901899881,80.20086873791055
725,77.3954330521355,78.28597435691734,80.28279276732907
726,79.85472963906405,75.29107227614921,80.36225678402717
727,79.45658168856477,79.28208042156763,80.43927491177276
728,81.00320861566658,80.00568750674536,80.51386184612451
729,79.99031492642214,82.71386548036567,80.58603280146802
730,79.23153507870131,76.27152311021548,80.65580347221412
731,80.11452098336758,83.90293062930445,80.72319000799524
732,79.501363602695,82.6742323721483,80.78820900247463
733,80.64782004683477,76.14001347887114,80.85087749528745
734,80.60145144022165,79.88118984216916,80.91121298660997
735,81.14818824864203,80.97981644121772,80.96923346385013
736,80.00254626754385,83.30188802198072,81.02495743987022
737,80.65697514304695,78.40431750916926,81.07840400195312
738,79.7531954037018,80.43410256771331,81.1295928705142
739,81.27382586190166,84.87855510062465,81.17854446644715
740,81.21857844992113,82.04270002644284,81.2252799859504
741,81.27353423628114,75.18183028901,81.26982148167423
742,80.99721201308463,79.37526625270606,81.31219194907025
743,81.35452658817913,84.32025855745204,81.3524154168497
744,82.25382190040817,84.81004387774713,81.39051704032192
745,80.99630292459568,73.61867545612714,81.42652319610768
746,81.3564838181258,82.01487040157659,81.46046157650811
747,80.56117960753963,83.66391730701886,81.49236128173276
748,80.7741875039807,82.54177023675335,81.52225290809496
749,81.50940191887254,83.65301926081966,81.55016863010083
750,82.27110290738597,89.03515793637146,81.57614227425688
751,81.3748182857065,81.23229921133203,81.60020938258295
752,81.44338176506473,82.4429981683278,81.622407264268
753,81.37644973600656,78.29506063563011,81.64277503454618
754,81.33811812797912,79.25650234955184,81.66135364049764
755,81.96853340289296,80.87971308862284,81.67818587385334
756,80.762000849033,83.54895974889952,81.69331637088655
757,82.75318414397272,80.30115162617105,81.70679159920712
758,81.43558884501682,85.48494734070208,81.7186598309621
759,82.44998319041599,78.86457967334397,81.72897110176886
760,81.09732198191244,83.19511973844362,81.7377771547044
761,82.49457912236605,84.30526566252041,81.74513136877466
762,82.53521805778641,83.37970338219827,81.75108867141213
763,82.37065600409254,85.60010712384957,81.7557054346976
764,81.44086054041037,79.00544828846529,81.75903935524424
765,82.34527489288732,80.81645679431826,81.76114931804867
766,81.37446382146675,78.21482544217585,81.76209524499988
767,82.0560589945634,82.08561687055081,81.76193792895802
768,82.98234765585899,82.58895754947278,81.76073885425858
769,82.84658725653304,85.6556174751697,81.7585600042356
770,82.32503088365348,83.5937089269121,81.7554636560983
771,81.6559120776963,83.91708629603656,81.75151216345017
772,82.81242648725183,82.16587581505983,81.74676772698108
773,82.39468268787891,83.72522752808287,81.7412921543077
774,80.77585589824447,86.72132672659446,81.73514661043554
775,82.96523705571666,78.5520826975083,81.7283913607781
776,82.41610918499468,76.38418569362457,81.72108550910129
777,83.2888190956642,85.3777879316759,81.71328673313398
778,81.69279856972508,78.90971946157411,81.7050510207677
779,80.24653239228316,75.71468348217155,81.69643240966599
780,82.67467223395515,84.42580103021366,81.68748273280637
781,82.69084701162286,79.396660202136,81.67825137210248
782,81.30907089206299,86.35691900540678,81.66878502184308
783,81.81172905189915,82.32492337493348,81.659127463313
784,84.42781755222333,83.76330410127127,81.64931935178292
785,82.28607254543424,79.59142535204687,81.63939801715404
786,83.01085446506936,83.71663655928464,81.6293972798366
787,82.04125295301431,76.82329542980861,81.61934728375972
788,81.02938314492312,72.93380217321753,81.60927434859767
789,82.36764384706795,77.27027691250605,81.59920084323852
790,82.29348055471426,86.023275226734,81.589145082102
791,82.19041853114459,79.1593957616874,81.57912124512043
792,82.37936559680935,77.67443662910456,81.5691393212717
793,82.63223526039602,82.34098142158199,81.55920507483096
794,82.32815253597397,89.62475813696291,81.54932003308843
795,81.53277206162083,85.1140048663627,81.53948149404776
796,82.74060432369066,80.11527861615738,81.52968255259053
797,81.01677167622387,78.33234546914693,81.51991214391418
798,80.92549886132817,78.31489840960359,81.51015510363742
799,82.85595490564604,79.87043823661294,81.50039224443806
800,82.66958675348518,84.45313837350987,81.49060044913784
801,82.24900672474887,81.14715153923068,81.48075277982625
802,81.28524990939498,77.63433615507894,81.47081860221672
803,81.7377787664402,77.35504473964069,81.46076372417316
804,82.01902132108238,89.56602904578916,81.45055054720049
805,81.0538239836265,83.47678878388245,81.44013822950834
806,81.62001671839553,78.81218337371591,81.42948285905737
807,82.55873969797085,86.53507721404468,81.4185376350036
808,83.06438208966483,79.28473716651581,81.40725305625146
809,81.7332157600651,81.28351613418307,81.39557711623642
810,82.5163094146999,81.70761986692824,81.38345550338853
811,80.60527273373567,81.20327225180992,81.37083180692832
812,82.3634817745224,79.27354315136887,81.3576477277302
813,81.29426137333702,81.7156913096564,81.34384329398392
814,82.0257392770669,76.2913446868537,81.3293570813138
815,81.58916010554955,80.35354205379274,81.31412643686635
816,82.63728823515231,87.01662319682521,81.29808770661953
817,81.04973224525037,84.41271794479027,81.28117646483035
818,82.04843264016485,79.76562211643777,81.2633277442891
819,81.35916158047539,76.35434554958522,81.24447626608217
820,81.38815451774629,74.22780219308507,81.22455666784485
821,81.31287073975804,83.33807250258218,81.20350372967322
822,80.79065171517153,81.70372310413924,81.18125259664231
823,81.31226824666956,82.57721219063437,81.15773899628711
824,81.21626466748378,86.76116082492764,81.13289944880972
825,81.36543997076136,81.86690767703882,81.10667146751635
826,81.190657607481,81.93872906562375,81.07899374714276
827,81.62351774679217,77.04034498009081,81.04980633817166
828,81.64328716266455,86.96953079351097,81.01905080575752
829,80.1918032041203,79.65404881419097,80.98667037225175
830,81.46429447244873,78.78507669857204,80.95261004251303
831,79.95314532599608,80.63488056308468,80.91681671129524
832,81.12102722440135,87.68171679004153,80.8792392520981
833,81.06782011714432,88.07091851364714,80.83982858692973
834,79.21909115625995,76.03634186314251,80.79853773656059
835,80.54365131962892,84.3986748054289,80.75532185124234
836,80.07072214090245,81.17186550260425,80.71013822252732
837,79.78619601702952,83.02533420846109,80.66294627749231
838,81.18015745238075,82.08774094555919,80.61370755714094
839,79.69278967703175,81.70950989423075,80.56238568109211
840,79.50028903889131,83.83395060636778,80.50894630099823
841,80.03071928999782,74.29373331388628,80.45335704551539
842,80.36922643668935,81.55119316877573,80.39558746001076
843,79.70035007662194,75.86454448400445,80.33560894443518
844,80.52477262147389,79.00424398622995,80.27339469279632
845,79.98743316381903,79.99061881536612,80.20891963741138
846,77.99707631132313,74.69155471710253,80.14216040068735
847,79.05591787104116,77.14906254570222,80.0730952566844
848,78.93663179938527,74.34251465536344,80.00170410419905
849,79.56751614477848,77.62165649775523,79.9279684524907
850,77.29530923687399,78.97409710589984,79.85187142000976
851,80.81639109999065,83.65493195161837,79.77339774561433
852,79.30190119613151,76.7784667868304,79.6925338109625
853,78.93120101678028,83.28613587745815,79.60926767223032
854,79.54960500818733,81.44332928234479,79.52358909910518
855,80.25731228297583,84.95859015780849,79.43548961907138
856,79.119261009,73.31140394160786,79.34496256525405
857,79.06563922179653,80.08649035275327,79.25200312647651
858,78.3834433901418,80.388120910565,79.15660839860148
859,78.08215224851814,72.44567897540742,79.05877743648034
860,77.73620403703734,85.65453578775103,78.95851130583677
861,77.3778149017675,75.28999558194991,78.85581313424703
862,77.36081907845205,79.14458517445193,78.75068816018855
863,76.78079007740699,79.82035694149633,78.6431437790009
864,77.5563457595411,77.88820880178233,78.53318958455904
865,76.31230289583522,80.85758859965779,78.42083740546201
866,77.50617589422333,84.05014351815613,78.30610133457493
867,77.22692864707855,73.58758687908033,78.18899775088147
868,77.23391417427223,77.61485398028603,78.06954533286041
869,76.6431525484875,79.64642041851378,77.94776506294093
870,79.03893013176457,73.6828346208204,77.82368022284686
871,77.71260263487328,81.20324208643027,77.6973163796943
872,75.7636582667714,81.36081168945277,77.56870136261252
873,76.67109765090963,80.8820331317988,77.43786522957562
874,75.95468581071243,77.39271215502316,77.30484022421956
875,75.54131536397956,80.59048705544063,77.16966072276695
876,75.18353562232234,76.35591638432045,77.032363171735
877,76.29325949200098,71.96513592515889,76.8929860176827
878,75.38186331802206,73.67013598627396,76.7515696306903
879,76.40344251215063,75.56503793166377,76.6081562234286
880,76.28777309663181,76.0780265012882,76.46278976749247
881,76.41906670275837,76.1100087663708,76.31551590820828
882,74.72491031229943,73.61550548724851,76.16638187859581
883,75.51765830829763,76.23542868732618,76.01543641275303
884,75.4900222629765,80.42366728303381,75.8627296586581
885,74.57687589098171,75.27912934533846,75.70831309019673
886,74.22916478143588,76.29125032681154,75.55223941815211
887,75.7557963449191,68.5600985560291,75.39456249999434
888,74.64724194961003,75.06042617373303,75.23533724849663
889,74.79118557798479,78.35582306672498,75.07461953926554
890,73.62773283102247,77.7171937831787,74.91246611707793
891,73.20604366686341,76.96178939535118,74.74893450062719
892,73.5164779513026,74.51161746909807,74.58408288519209
893,73.68303552751868,75.04067427712776,74.41797004298274
894,72.8788764430339,70.67246263274555,74.25065522134072
895,73.47015589123103,76.24167558386465,74.0821980393346
896,72.14756198837031,69.95862120682901,73.91265838345524
897,72.39721710807783,74.63043695145635,73.74209630307355
898,73.50190402369101,73.63805957627747,73.57057190615288
899,73.30523143568473,73.35423735243216,73.39814525549251
900,72.45788731647788,75.74179421466494,73.22487626559153
901,71.86871512844407,73.70938061066343,73.05082460012359
902,71.71025798315084,72.63713053468986,72.87604957004208
903,72.01579943937631,70.38333828159708,72.70061003247939
904,72.57526856634354,77.83058961541225,72.52456429078981
905,72.62028299847069,73.71234783990698,72.34796999623136
906,71.46874654841483,73.92005273878969,72.17088405189739
907,70.85409960469731,71.11959267228592,71.99336251971015
908,71.69369367274531,69.41836704235651,71.81546053162953
909,70.77383630340451,71.93799827461346,71.63723220659318
910,70.83110603020006,68.87709303357465,71.45873057490587
911,71.96462833154021,73.40046676585239,71.28000751176846
912,71.45846386568918,60.748818476284825,71.10111368144602
913,70.83212464918131,69.51752151615506,70.92209849329728
914,69.67278627190936,69.62572495199949,70.7430100704881
915,70.55223734619818,67.42187093326288,70.56389523160414
916,70.9888091657466,72.18195425547935,70.3847994846056
917,69.82226989321092,68.43744616534335,70.20576703182792
918,70.87084879252622,70.85146633456138,70.0268407841887
919,70.66945320606999,68.86054065279872,69.84806238243225
920,70.76823023303675,73.95593672248087,69.66947222306928
921,69.65601246688915,71.44670933331165,69.49110948660619
922,69.69189692011628,70.66897893638651,69.31301216571927
923,70.10870588616653,70.31202551926393,69.13521709126309
924,69.26969040737994,77.56974299248854,68.95775995440286
925,68.44309469820563,67.92681679449782,68.78067532366568
926,68.31714283718641,66.03147138214625,68.60399665629055
927,68.63501216609964,64.78756755698775,68.42775630390479
928,67.40128453150115,70.37069879952044,68.25198551310577
929,68.040819418045,73.39094597808963,68.07671442175958
930,68.74489245094877,65.96340966179724,67.90197205175232
931,66.27944265458444,65.34502890790394,67.7277862988315
932,68.72328719187979,67.54441588508853,67.55418392026843
933,68.27047596530558,67.8634590024074,67.38119052125619
934,66.99849444396749,61.20049571914727,67.20883054100811
935,67.5360867533975,70.1820145630301,67.03712723938403
936,66.99318439554965,70.89698734069728,66.86610268462785
937,67.6871428610066,61.44052069269349,66.69577774254819
938,67.34911372247535,73.11484853278577,66.52617206732008
939,65.51620574657184,70.82146179577045,66.3573040941146
940,66.74230899771477,56.67370907011544,66.1891910339636
941,66.02222271082782,58.89410022067491,66.02184887156079
942,66.05906527511823,65.62307748089236,65.85529236691427
943,65.32628230409911,69.64267609384031,65.68953506161324
944,66.89463515819666,67.84503506094751,65.52458928986128
945,66.233951997513,66.30408916587923,65.36046619372235
946,64.82308788073051,66.70460408129928,65.1971757416987
947,64.24178521524166,61.59137054281176,65.03472674990937
948,64.74120922347005,68.93073674074259,64.87312690550159
949,65.15059832261825,64.8107529485135,64.71238279223058
950,64.84997243614815,59.49391200209258,64.55249991830571
951,65.39453514573592,62.78550058195581,64.39348274667773
952,64.90594820985929,66.11623519302171,64.23533472793768
953,64.86752982130173,63.91742970356504,64.0780583358437
954,64.2536386792342,62.963797758032165,63.92165510520573
955,62.88853689521647,63.554122541054994,63.76612567160002
956,63.560477249787866,64.73670580565158,63.611469812260694
957,64.27617973663467,60.24073407358156,63.45768648745214
958,63.3349483988618,67.3477977331508,63.304773881585206
959,63.56033839645189,63.130280834239095,63.15272944328815
960,62.822491466876194,64.1989928664676,63.00154992361968
961,62.16248287436694,62.48187939344791,62.8512314116671
962,62.63505817849123,61.289943434286165,62.70176936692503
963,62.77610827388986,65.7661481139268,62.55315864803243
964,61.93951406448921,62.20573556991129,62.40539353757593
965,62.07257850892445,62.31304804468112,62.25846776274235
966,61.41940963889091,53.25690798735683,62.112374511683164
967,62.70035556445744,65.38966177797468,61.96710644551843
968,61.551024022528864,60.9917019714738,61.82265570581832
969,62.614755571862815,65.09080834665968,61.67901391708446
970,62.50907447728997,67.90427419147285,61.53617218337639
971,61.223799655783466,63.92430513785441,61.39412107808488
972,60.41667098266008,60.5942783314821,61.2528506261156
973,59.50499807090979,58.56556474777173,61.112350278352245
974,59.777746111086834,68.06169831681822,60.97260887897444
975,59.690052859690034,61.27547633317457,60.833614626752635
976,61.46076650829378,62.148318349469655,60.69535503178587
977,60.42156647453769,59.82155408189299,60.557816869462584
978,60.45843043747509,57.51787329013558,60.420986133822595
979,58.47721257777164,52.079284038883074,60.28484799286306
980,59.03932823857478,64.02853359872374,60.14938674844491
981,60.34587085462302,57.78962395646988,60.014585803202195
982,59.77329529310086,59.14909191695755,59.88042763632151
983,59.31779150519424,58.96993733365995,59.746893789490535
984,59.66516520653197,64.3655209852827,59.61396486391498
985,60.26444806539694,57.75113800032876,59.48162052909503
986,58.81496266608794,59.659023790122255,59.349839543995856
987,58.86925777033556,60.549068384401046,59.218599791328856
988,58.80724191208121,54.26646791586302,59.08787832582444
989,60.1993594589376,55.35024271767964,58.9576514374983
990,56.90854022798855,54.56339498868623,58.827894730872515
991,58.7103155697076,59.50951252559075,58.69858322082257
992,58.00644529644253,58.3885137250639,58.569691445170896
993,58.33908659473987,57.948515582903234,58.441193593479284
994,57.338531679455016,59.47824930828012,58.31306365093397
995,57.62158397114221,54.811436794793934,58.18527555589534
996,58.01184916598446,57.4524905514784,58.05780336954831
997,59.55175062469354,59.179350146605394,57.9306214560015
998,57.79805412497249,55.07648867893721,57.803704671042794
999,56.49937580941285,64.04855262616078,57.67702855756916
1000,56.65787446801763,49.57199700645016,57.55056954555015
1001,56.499506334014896,60.56873321845083,57.42430515432092
1002,55.42325517520333,58.04735903247131,57.29821419499615
1003,56.31338435237138,58.96443333018845,57.17227697076691
1004,56.92261642797646,57.236983688629095,57.04647547278823
1005,55.38382215962751,59.75773819221878,56.92079356939147
1006,56.876844457564026,55.40629951237772,56.79521718652694
1007,56.35245762299326,57.63959293376496,56.669734477607
1008,55.36616045904265,55.606245686156896,56.54433598118473
1009,55.6511745663926,54.88923341654932,56.419014765102034
1010,56.74021809863947,57.13987242224977,56.29376655583507
1011,56.00706271419668,52.89529062207141,56.16858985174671
1012,55.37296589935636,53.19504935671843,56.043486018843154
1013,55.074741488743534,60.25790789560768,55.91845936743823
1014,55.1701255853517,64.62128737316031,55.79351720787611
1015,54.63473360105082,56.34010064708788,55.668669883274774
1016,53.39721408871126,56.13114591038996,55.54393077737073
1017,56.17874798180708,57.00536935664933,55.41931629609436
1018,54.73776183977368,56.23026514695177,55.29484582228911
1019,54.788686546842406,56.57223344259244,55.17054164367529
1020,54.35154729918904,57.74758043475763,55.04642885462225
1021,53.76076217013978,58.80170207601825,54.92253523263033
1022,54.02963162968936,51.12890027620771,54.798891090772656
1023,52.92582246567151,62.20053154351838,54.67552910776358
1024,55.5261760271942,55.979675233811975,54.552484137780546
1025,52.95608173507025,53.41065379262798,54.429793002628884
1026,52.987107575388535,51.632833572694025,54.307494269313665
1027,53.29177664244074,51.95005561768362,54.18562801653979
1028,54.39332643910976,56.41492054060591,54.06423559395158
1029,53.39479715138265,55.484565119760525,53.9433593779248
1030,52.41357600272684,54.26741568413159,53.82304252753902
1031,54.05241149586717,52.56062613059178,53.70332874422639
1032,53.58286250082711,44.72343043044762,53.5842620386294
1033,53.34614811772136,47.45709639415902,53.46588650826756
1034,53.36964357089016,53.41322551531608,53.348246129424645
1035,54.44538332707666,55.54701827873512,53.231384566043566
1036,54.2009211978053,52.82438881366488,53.11534499748945
1037,52.09401299304708,49.8214088638466,53.00016996620369
1038,53.61613605093934,54.58924045587754,52.88590124580473
1039,52.65369051175272,52.300677779416695,52.77257973003259
1040,52.64225887699632,51.079442102344366,52.66024534285685
1041,51.01709332144153,45.71850267984565,52.54893696995652
1042,51.992585166767405,49.22461997857516,52.438692411612166
1043,51.45444118099078,54.51318938743902,52.32954835673648
1044,52.51602040160625,49.35874481447451,52.221540377224635
1045,52.60050487616876,54.777181230112696,52.114702941131476
1046,50.314393704201095,54.86156867727263,52.00906944262386
1047,51.668320128250095,49.07376755540872,51.90467224637342
1048,52.387691015842286,50.92930034101274,51.801542744037235
1049,51.39179730832361,54.63014108363299,51.69971142059845
1050,51.95435094239375,55.99783414297546,51.59920792846064
1051,51.61281307107857,49.4979938631693,51.50006116726734
1052,51.53061501140954,46.2129292058242,51.402299367555855
1053,51.02746028409005,55.143246309066726,51.30595017659753
1054,50.293181854489006,52.2081376484685,51.21104074496828
1055,50.28861195822286,51.60261086019604,51.11759781239739
1056,51.50061857855776,54.50360861772916,51.02564779136641
1057,50.94958243533577,47.06262322813416,50.93521684698123
1058,50.77240082207128,52.05546862759701,50.84633097185183
1059,50.5075486661207,49.57192188374964,50.75901605495091
1060,50.52707288721509,52.50401177632941,50.67329794354925
1061,51.41150416232388,54.03221718170117,50.589202497327285
1062,50.38348952990449,53.58642204786069,50.50675563374872
1063,49.62044927938675,51.58362977770576,50.425983363904614
1064,51.02233062595018,51.84453006211585,50.346911818377
1065,50.30249188334733,51.234497877322674,50.269567263179
1066,50.41357077194047,51.61649665756112,50.193976106367984
1067,51.464148988174514,49.41652957769598,50.120164896389866
1068,50.27326996097336,49.05810331073667,50.048160313566676
1069,50.44048189278375,51.76007919835855,49.977989156392695
1070,49.36477560705797,51.49824182752427,49.90967832445318
1071,49.9898047304652,47.85465635856414,49.84325479985198
1072,50.52538009115885,46.99420616459244,49.77874562909681
1073,48.9666804650846,43.47197795291452,49.71617790745469
1074,50.15435990134596,46.01738981817982,49.655578767728954
1075,50.04424855404865,48.27459009625758,49.59697537505748
1076,49.96412671011184,48.49930299241532,49.54039492865444
1077,50.62437547998466,49.69671786629442,49.48586467057775
1078,50.097221732543176,46.14496165825375,49.43341190084206
1079,50.864130912172136,44.91929328825644,49.38306399764668
1080,49.10195239028505,49.517059243319466,49.33484844109061
1081,49.86221857756724,50.27865386494352,49.28879283834503
1082,49.79742936411948,51.83530730889054,49.244924947781634
1083,48.962683484700406,51.635872694648654,49.20327269913691
1084,50.35505764881744,51.64192690023856,49.16386420662291
1085,51.28904503239709,51.665135815096825,49.126727772050714
1086,49.62762748114263,52.50078173965747,49.09189187544406
1087,49.97244218049452,54.64311894417261,49.059385151175015
1088,49.65912577011179,47.439740229277135,49.029236348291796
1089,49.08313061770102,51.60945757539613,49.00147427441643
1090,48.29242810704061,46.24523233358678,48.976127723311166
1091,49.05888421298678,49.77728067068647,48.95322538681985
1092,48.56616647378222,52.07407889589116,48.93279575227002
1093,50.72266806408857,49.82508339445209,48.91486698658865
1094,49.44012774754256,46.31747390492778,48.89946680847728
1095,49.27111849175024,47.76497950513016,48.88662235013485
1096,50.12987749817165,47.00403778657539,48.87636001018504
1097,48.718102737295446,45.19486334973564,48.868705299511035
1098,48.96403367544534,52.92139384563174,48.863682681530925
1099,49.54765063680395,51.29373847630868,48.86131540811933
1100,50.22095152606373,47.86093495669756,48.86162535206721
1101,49.85445750347976,46.62581682603779,48.86463283685015
1102,49.68122162075538,46.67883968289073,48.87035646457284
1103,49.56784338211708,47.20725925005839,48.87881294309119
1104,49.80074333283622,53.58127065577369,48.89001691326885
1105,49.67080211166882,49.3097252988705,48.90398077708964
1106,48.8193799998564,55.81072081426747,48.920714527123295
1107,49.5849791588616,49.45464116258936,48.94022557786267
1108,48.815151113852274,46.92713180252751,48.96251859980469
1109,49.6391453840223,52.682074207744336,48.987595357729674
1110,49.26323186437127,43.78544247677384,49.01545455522059
1111,51.39619203780806,52.01427131417272,49.046091687863175
1112,49.6112780748792,45.63554831229686,49.07949890772748
1113,48.67845339199947,41.52142970671864,49.1156649017027
1114,49.591347365118494,49.20548242000644,49.15457478607018
1115,50.074310150471646,52.81223748541564,49.19621001932061
1116,50.90922984740692,51.61087145713867,49.24054833466302
1117,49.35400228806368,49.66143872920287,49.28756369314451
1118,48.689288218229606,40.16571798762368,49.33722625807419
1119,50.40076444928096,49.89250955238686,49.38950239152938
1120,48.89616889534151,48.41997422782166,49.44435467379173
1121,49.59250397128664,51.63013934785626,49.50174194632004
1122,49.75431504805866,46.28381963894736,49.561619378379675
1123,49.92435070756816,52.64548357519002,49.6239385570042
1124,50.49555826289063,48.8248841537176,49.68864759973295
1125,49.57624843562066,48.59459488374544,49.7556912894973
1126,49.90642735014683,51.63798108128797,49.82501123102226
1127,50.13288574737028,46.23176735752241,49.896546028119346
1128,50.29401801863174,52.99727794577224,49.970231481239445
1129,50.305785563707765,45.862786641909416,50.04600080460669
1130,50.59209551074801,52.7409622132531,50.123784862166104
1131,50.92873692174429,50.15643092755861,50.203512421465355
1132,50.6656186922199,50.16127934109352,50.28511042448241
1133,50.762572695569,40.70942705697105,50.36850427433665
1134,49.393351667628174,47.45576238545793,50.453618136744645
1135,50.5934637763471,49.90397012769613,50.54037525483899
1136,50.95290187510864,56.03213203010303,50.62869827540443
1137,51.18798743420929,51.070176737967294,50.7185095838151
1138,50.25509881027197,48.11347158861971,50.809731644351466
1139,50.34196015403255,53.07622048459453,50.902287342393976
1140,50.4664816473329,48.80962826919863,50.99610032512424
1141,51.3104209899857,54.69590632877642,51.091095337527925
1142,51.72673514047122,52.5839176926656,51.1871985505554
1143,50.78738465534366,47.83698831178065,51.28433787833389
1144,51.779262899132455,54.85530596052184,51.38244328143765
1145,51.302694800567565,53.27399367745649,51.48144705339446
1146,51.20330838594325,54.14107983617767,51.58128408777271
1147,51.217861393836536,50.62055043085287,51.68189212337058
1148,51.96544510394304,53.93705530066215,51.783211965297
1149,51.74916557742559,58.04804824476213,51.88518768009073
1150,53.19423217274132,53.756399311706886,51.98776676340711
1151,51.08593170450801,49.77845027748693,52.09090027922873
1152,52.127927899220346,57.191858774952415,52.19454297009081
1153,51.47900864111039,53.66701523742962,52.2986533384023
1154,51.326557556632046,49.84903557342943,52.403193699459266
1155,52.01446844110605,57.70539525027301,52.50813020715525
1156,52.2066383417481,48.259630667500325,52.613432853739155
1157,54.2430195930728,55.97859180146765,52.71907544525865
1158,52.162583871592695,55.92287609200946,52.825035554535724
1159,51.59292088181127,55.10806623031978,52.93129445368392
1160,52.66907649122493,49.71732741406205,53.03783702838045
1161,51.12099750425286,47.0521657424413,53.14465167640368
1162,52.60549633218753,53.358238953586365,53.25173019322887
1163,52.77903866336749,55.090495866719294,53.359067647507025
1164,53.42332065063845,49.88779356524324,53.46666224893767
1165,53.64922996726358,54.63902744980454,53.57451521057408
1166,52.71709419340336,47.93678090970365,53.68263060721236
1167,53.06735597429407,56.54674896666072,53.79101523124826
1168,52.74097805539876,50.86726619679792,53.89967844711407
1169,52.59336923709348,52.05538851060163,54.00863204507212
1170,53.706952710465806,56.54176909758354,54.117890094786596
1171,52.70678205917618,55.23620097790286,54.22746879878148
1172,53.41756009263975,54.972024766158576,54.33738634565769
1173,53.12191457094319,56.49844518722419,54.44766276284445
1174,54.315271348363225,55.65687619575505,54.55831976873911
1175,55.30465911100065,60.052326003903474,54.669380624315544
1176,53.24690819784968,47.63582074425295,54.780869984596684
1177,52.97645396530174,52.78108496360772,54.892813750746214
1178,54.30286700814453,53.96810803772426,55.00523892382299
1179,54.51915933298517,53.80097175099196,55.11817346127327
1180,54.78026576183211,56.41174952587031,55.231646136943084
1181,54.43495166593736,55.13682297830585,55.34568640494413
1182,54.728226676031305,57.43349970112813,55.46032426733806
1183,55.24834386845007,51.36543693498666,55.575590145423895
1184,55.84290258565259,63.36097571906696,55.69151475438806
1185,53.870670821479415,52.58834729239531,55.80812898112848
1186,55.10662850068698,56.04714170215662,55.92546376516088
1187,55.641297977892975,54.96485990126194,56.043549982664686
1188,54.97684614270076,55.24273128199072,56.16241833388742
1189,56.96008483918615,55.20566731580023,56.282099234192735
1190,55.43334205258256,56.108341726029366,56.40262270895779
1191,55.98010015122937,57.882721017595415,56.524018292350135
1192,56.53009665431952,48.65280848791189,56.64631492981906
1193,55.85984487906481,54.78226273633373,56.769540883942916
1194,55.114979733270246,53.91265986684672,56.89372364300537
1195,56.24231952726447,63.85503839829654,57.01888983121729
1196,57.39872961543298,60.21962011178557,57.14506511889318
1197,56.57897128069358,61.49891746799683,57.27227413041701
1198,56.35988993333398,58.19041719953301,57.40054034780365
1199,57.73886622440969,58.00898579672929,57.52988600812922
1200,56.99874677851638,58.19312232955923,57.660331993820655
1201,57.01344800553805,60.6966173375338,57.79189771545938
1202,57.61631500754673,63.356412071666746,57.924600987229724
1203,58.193205734010014,59.183883376612805,58.058457895507495
1204,59.46370036221454,57.42058892246288,58.19348266150835
1205,58.51920763211351,61.55165773731627,58.32968749947702
1206,58.89647858560172,56.09821003925028,58.46708247249491
1207,57.87565484867966,59.156095404915504,58.605675348457204
1208,57.65774188062695,59.89233761691027,58.74547145905995
1209,58.56626303803899,58.2117917103081,58.886473564781845
1210,58.74518005143249,55.777519602159096,59.02868172890402
1211,58.06346592054326,56.57261362525912,59.17209320361858
1212,58.84470126752927,57.80689390192013,59.31670233119914
1213,59.39661631580008,55.94100801201422,59.462500462965316
1214,59.51974490090442,58.253413693087815,59.60947589834627
1215,59.77152047274007,55.00931963636428,59.757613845804315
1216,59.7739025386956,61.712703921849496,59.9068964067918
1217,59.36767303370684,60.46097518232732,60.05730258332019
1218,59.51582888920024,60.387275266378495,60.2088083091777
1219,59.18988663377429,57.92420659377644,60.3613865044417
1220,61.43268610160109,60.60600721391216,60.515007152742605
1221,60.34753203409442,57.62872890847503,60.66963740066153
1222,60.3360595947016,61.992935590368745,60.82524167853839
1223,59.999193432434616,55.545703825259785,60.98178184176209
1224,62.86073517298416,63.135467932617566,61.13921733132964
1225,60.21139170871315,58.13296936070936,61.29750535212984
1226,60.81997870102602,66.5836646277842,61.45660106705139
1227,61.56919741908107,63.29695671144285,61.61645780469545
1228,61.85667275186946,61.8552118377777,61.777027278305006
1229,62.2659449571791,58.63837271928583,61.938259813595344
1230,63.02002821450792,58.54791214103957,62.10010458341911
1231,62.268747309510864,63.89488974386964,62.26250984740071
1232,61.335359044087056,67.23510867091814,62.425423194630724
1233,62.05525560135225,63.39655474664582,62.58879178726771
1234,62.61151329647925,63.18643706959614,62.752562602723735
1235,64.0050630661502,64.62740089897495,62.916682672226614
1236,61.740459814745215,62.07834380679847,63.08109931390587
1237,63.72267444909517,64.38958950952556,63.24576035893506
1238,63.16907042236832,60.9218625582939,63.41061436954294
1239,63.79216718699831,60.59902862029856,63.57561084785789
1240,63.297124668071,63.65539151967128,63.740700434568595
1241,62.94191669505734,67.84007853891544,63.905835096247685
1242,64.2205761311649,66.7691074385446,64.07096829993831
1243,64.31664328622932,60.27122090372623,64.23605517341474
1244,64.70277218330637,63.8657938257553,64.40105264955562
1245,64.17700776558978,66.5679951405557,64.56591959346521
1246,63.93061584498573,68.90569495586315,64.73061691113313
1247,63.42367573031894,69.29880080280608,64.89510763846555
1248,65.25287194478523,64.56175764163945,65.05935700962603
1249,65.14064952505002,67.84399004490099,65.22333250398636
1250,64.33261099662607,65.1501807113385,65.3870038715717
1251,64.79648845311159,64.40380128142522,65.55034313748571
1252,65.01167277386203,65.21615952906254,65.71332458625324
1253,64.4652949829118,64.7100534879574,65.87592472726855
1254,65.09603626162298,68.95037801752292,66.0381222426053
1255,65.03979573494192,60.43336900159299,66.1998979183844
1256,65.70982139067188,67.24526298616118,66.36123456078761
1257,65.64654830892313,70.6955833118891,66.52211689768265
1258,65.18979659201246,69.88582165999316,66.6825314666868
1259,67.90954377425926,69.77568208767238,66.84246649041611
1260,67.53549027876342,65.05249078473403,67.00191173981594
1261,66.278313389614,68.82601707393955,67.1608583868959
1262,67.17915473553528,71.52473805066089,67.31929884873213
1263,67.44541914988187,65.75584433823424,67.47722662504839
1264,68.1515720806759,69.32447597685935,67.63463613202155
1265,66.90927494702194,66.23602372001713,67.79152253526021
1266,68.41111132087129,66.39733539234861,67.9478815851868
1267,67.42727613846883,66.39357107902376,68.10370945823117
1268,67.03969818713577,67.46125711998242,68.25900260724869
1269,68.64549180404755,65.63383025690335,68.41375762441396
1270,69.2057073800311,65.6565662509586,68.56797111955375
1271,70.27706258911844,67.35930263129501,68.721639616517
1272,67.7888216492757,68.86428159799597,68.87475946974747
1273,69.28071301778844,64.47309033438036,69.0273268027423
1274,68.66716884702011,61.39584451715541,69.17933746958711
1275,69.66464559835626,74.16622998105848,69.33078704025459
1276,68.24890465973009,64.9257067739472,69.48167080976258
1277,68.55593319713753,67.91961552740854,69.63198383060111
1278,69.05804002986744,72.08299449030419,69.78172096718872
1279,69.81734713138995,65.10009528964342,69.93087697062724
1280,69.47385872560551,64.75272905374833,70.07944657166551
1281,70.5441043148401,68.46933679681963,70.22742458944175
1282,70.96133448699823,74.11425401482113,70.37480605313587
1283,70.82152984135425,70.75053289684139,70.52158633308615
1284,71.6938535991163,71.66736526291403,70.66776127736499
1285,71.01020105801413,70.04126255750589,70.81332734950738
1286,70.02524250563133,71.86895107322741,70.95828176309793
1287,71.98889335679934,76.68511184707276,71.10262260909022
1288,70.76787607424463,80.55498040413914,71.24634897192631
1289,71.98521436704786,71.49951811065,71.38946103082726
1290,72.60543602408595,77.6102913550372,71.53196014322901
1291,71.97885340683126,75.25627585846462,71.67384890829378
1292,70.76664387813089,71.64234097887287,71.81513120955904
1293,71.3254078063335,64.07699635031331,71.95581223685456
1294,73.04768131734174,71.80827423924246,72.09589848844567
1295,72.15636539466115,71.04691813577784,72.23539775478078
1296,72.4828157353255,73.65962279923744,72.37431908513594
1297,73.11001098918216,72.46235279122901,72.5126727380207
1298,73.21732100205188,71.37012215144053,72.65047011576783
1299,73.07544231061853,79.73353746995133,72.7877236834916
1300,72.88391331440366,77.17451702415654,72.92444687257367
1301,72.9601082987815,66.3255833264892,73.0606539690021
1302,73.92778181497123,73.00586193029683,73.19635998725832
1303,73.8622942830672,75.9316163581564,73.33158053089578
1304,73.44148036357954,77.80663314485197,73.46633164123463
1305,74.525100820396,73.14764686888986,73.60062963564096
1306,73.82255262491947,73.1161734158964,73.73449093690311
1307,73.4611752147609,73.77205252134591,73.86793189545413
1308,73.66971494536286,75.8404646249722,74.00096860652536
1309,73.6587106336681,68.62240490661274,74.13361672455173
1310,74.2951417809881,67.6850374735828,74.26589127721492
1311,75.49058593595845,79.6053024367784,74.39780648140095
1312,74.20369890887825,70.95641828561507,74.52937556301742
1313,75.03860756617132,82.00057803522226,74.6606105821069
1314,74.58550943802635,71.75313485699672,74.79152226424398
1315,75.00058768073912,74.39395700614203,74.92211983904865
1316,74.2624679992001,75.47141398489366,75.05241088677862
1317,75.30088005058876,68.3084159826103,75.18240119416608
1318,75.45447654452217,84.84920373251865,75.31209462073107
1319,76.10212541184785,74.80660142723963,75.4414929766911
1320,76.01310067355102,73.2629211973827,75.57059591343834
1321,75.14982307146207,71.32433156482264,75.6994008275602
1322,76.87852999338047,78.06502127294726,75.82790277952512
1323,76.39668405093589,77.35063801799846,75.95609442822017
1324,76.51720212068486,72.80236470470172,76.08396598237546
1325,76.49971488455958,71.99997441658569,76.21150516967238
1326,76.27047653525887,79.73154168962681,76.33869722414981
1327,76.91106825663877,74.76045690975147,76.46552489233666
1328,77.21614146611833,71.57149419254351,76.59196845826722
1329,75.7839361161718,75.29877732965177,76.71800578722657
1330,76.752062284495,75.43446695761357,76.84361238776306
1331,77.07204973792942,83.46782372015282,76.96876149112677
1332,77.55002362000941,75.83734433911847,77.09342414685796
1333,78.32507528013504,77.31414515205955,77.21756933295215
1334,77.06744226972923,77.78722207569791,77.34116407903025
1335,77.37582889310654,75.50347508210938,77.46417360115836
1336,77.48119605060964,78.9274611751089,77.58656144717594
1337,77.39328318518024,74.05811214266245,77.70828965146862
1338,77.82450790026564,77.03960179021207,77.82931889807533
1339,78.71907799799882,80.05336001087463,77.94960869088118
1340,77.55259043407493,81.28385200836385,78.06911752944774
1341,78.69927394704415,76.77667750210028,78.18780308884897
1342,77.31675968808723,75.35500339377353,78.30562240183932
1343,78.22218997982493,83.27717336532055,78.42253204180564
1344,78.49025663083276,76.68037780751956,78.53848830511448
1345,79.9978001233393,79.81169747620976,78.6534473915493
1346,78.73625213765827,84.35379649276426,78.76736558158451
1347,77.48966457384383,77.71091353587975,78.8801994093717
1348,77.73192967807942,76.91933312396797,78.99190583056148
1349,79.25427511262033,78.68633898904386,79.10244238441844
1350,79.75807213209475,77.32951265413705,79.21176734998272
1351,79.68789559827745,81.16638991931914,79.31983989613838
1352,79.63767569694058,76.60703539614332,79.4266202253437
1353,80.42790508665017,82.98128468317888,79.5320697105835
1354,79.32919347597355,79.3790978255659,79.63615102494657
1355,80.42455663079444,81.19687128473649,79.7388282631669
1356,78.74553955189307,84.41867267342495,79.84006705451547
1357,79.34292704495286,74.59018864173333,79.93983466659787
1358,78.79850308208465,78.87860315499627,80.03810009987487
1359,79.95667413973389,82.04947608126461,80.13483417297286
1360,80.20090047904311,78.17975652421356,80.23000959894743
1361,80.39594711577004,83.51545038039174,80.32360105256747
1362,80.4407541299792,78.65427391790148,80.41558522852797
1363,79.82806699075614,80.78454216491413,80.50594089042207
1364,80.42265509843563,80.01761407717034,80.59464891032513
1365,79.58462336181175,80.1152515956407,80.68169229889357
1366,81.66264391697287,81.90518345845044,80.76705622588825
1367,80.56992068987206,80.4650785376174,80.85072803099123
1368,80.51283425118436,78.95994098010804,80.93269722473133
1369,82.03842137837029,79.85830016763136,81.01295547929746
1370,80.12620509133139,81.16258609535925,81.0914966089668
1371,80.27598013540167,80.44884749323941,81.1683165397553
1372,80.36314245417144,78.09317636463274,81.24341326770282
1373,81.14807772952574,82.27432070047396,81.31678680498322
1374,81.5612997858171,80.04420172259532,81.38843911280179
1375,81.83897299102458,86.94055760955598,81.45837401980525
1376,83.18210576336686,91.34620339791388,81.5265971245385
1377,79.86607550357245,84.42191825399232,81.59311568051069
1378,81.92421671413682,86.29729954263392,81.65793846288486
1379,81.16398263297334,83.83431629459074,81.72107561673525
1380,81.19779872059539,80.50958611282407,81.78253848802055
1381,81.22720174818355,74.99859938477366,81.84233943955647
1382,81.07608872311296,77.71423973188851,81.90049165505526
1383,82.94100734958671,80.72141437144121,81.95700893456033
1384,82.39948281875748,86.36065980198529,82.01190548430434
1385,81.87256404287959,82.7126342386168,82.06519570336812
1386,82.84690284640355,80.68377555570888,82.11689396891458
1387,80.88569480850961,74.83379034574988,82.16701442150696
1388,81.05464872800539,88.65778529503228,82.21557075202695
1389,80.5016419424214,82.25082175032495,82.26257599168896
1390,81.57510199951372,84.55486322655666,82.30804230647102
1391,82.21474590545705,80.45786827076806,82.35198079712565
1392,82.20881094686706,81.75418574137566,82.39440130598751
1393,82.27498700319497,81.14716547408118,82.43531223199456
1394,81.21472695732285,81.42574076606546,82.47472035547389
1395,82.79507227790745,88.84894733529032,82.51263067420881
1396,82.4293755425074,78.47953367220218,82.54904625217317
1397,82.80191882099516,82.66657925118724,82.58396808224862
1398,80.98936134930298,82.17296982164235,82.61739496430097
1399,82.55621947590271,82.1730782398158,82.64932340009948
1400,81.52898576894134,84.79348581367616,82.67974750658128
1401,82.10290305648428,76.4102778764215,82.70865894888567
1402,82.7740529301148,88.95250224346881,82.73604689448514
1403,82.48108956596089,77.98601439842055,82.76189798964992
1404,81.83692923458842,78.13036394288319,82.78619635937203
1405,82.45143667708072,80.97730499285004,82.80892363171884
1406,81.38736265764632,79.26338836846683,82.83005898732128
1407,83.27536888883773,84.6676696585696,82.84957923424025
1408,82.33557857878075,83.34803645985785,82.86745890783203
1409,83.2697084709825,83.64215653802356,82.88367039464002
1410,82.12394713811788,77.47353080539295,82.89818407896102
1411,82.1301610476315,81.67278027629733,82.91096851058006
1412,81.96422710574686,82.02894662957941,82.92199059206838
1413,83.11332167229287,87.15497684378423,82.93121578381071
1414,82.00258853623927,82.65673022490019,82.93860832457216
1415,82.94794601890622,84.20299878328267,82.94413146513294
1416,82.22490009763561,88.66155696452931,82.94774771248869
1417,81.10367912746275,77.29872199933119,82.94941908233002
1418,82.08021992981924,80.80729140954787,82.94910735785783
1419,81.64500078770048,77.91960203259086,82.94677435329646
1420,82.48339653264206,87.75251309896966,82.94238218054691
1421,81.61401969948166,87.10722848754213,82.93589351717789
1422,83.08148181060055,88.09479305950532,82.9272718735676
1423,82.35389530273427,84.14926700128053,82.91648185686223
1424,82.27603697940259,83.52401933018177,82.90348942974467
1425,82.84054277994778,81.33824292730893,82.88826216269725
1426,83.03557747759122,85.55919058662917,82.87076947916911
1427,82.32456012982776,78.12188665719218,82.85098289356698
1428,81.7749401943384,77.5610749385961,82.82887624221696
1429,81.04751972358079,79.6704081298673,82.80442590742568
1430,81.78195112937472,87.9710007439077,82.77761103448448
1431,81.80139705862976,80.11734897070284,82.7484137409267
1432,82.27802056479082,81.0370011462321,82.7168193167552
1433,81.92949033128319,82.87333520456414,82.68281641395508
1434,82.61904031476452,85.56634178224384,82.64639722343075
1435,81.67317768047926,85.77959757477598,82.60755763742127
1436,82.02550406502513,78.35085629286252,82.56629739541255
1437,82.85578286589094,82.53870543535736,82.52262021166352
1438,82.2262237895675,82.96259081051856,82.47653388266465
1439,81.90327406360358,82.96845102115438,82.42805037298452
1440,81.48069732397082,84.32035629627183,82.37718587794531
1441,81.4139627622004,84.10370191957021,82.32396086150855
1442,81.2153744732642,81.29899221604977,82.26840006779334
1443,81.38409530527221,85.16370744531069,82.21053250482879
1444,82.24218471511873,85.41963858084364,82.15039139940481
1445,81.50674247352715,84.42048750429657,82.08801412217865
1446,80.66450098956854,78.93009692213018,82.02344208254148
1447,82.79277603469518,85.13096221963717,81.956720593172
1448,81.72319150533522,85.67069340291938,81.88789870463886
1449,80.45696237342455,78.77162075552852,81.81702901076152
1450,81.0735896722427,81.50508120119157,81.74416742571253
1451,81.40002574182836,86.5321331304873,81.66937293410403
1452,82.45360733057014,83.75402979128881,81.59270731553103
1453,80.42117418216561,80.13303448398449,81.51423484523808
1454,81.81502025075409,86.60883720452253,81.43402197283058
1455,82.04485640948917,80.50169756427522,81.35213698133091
1456,80.55707404379605,74.99406386479058,81.2686496293084
1457,80.73328746936397,78.1777468209197,81.18363077916226
1458,80.13105123851156,83.85697322719417,81.0971520147699
1459,80.6414785008963,82.34926716322292,81.00928525152369
1460,80.68424204830667,80.90763642262901,80.9201023413693
1461,81.09609131438881,84.57641974049828,80.82967467512603
1462,81.32048114488605,81.86774964663732,80.73807278432486
1463,79.95524468943321,79.22601310615305,80.64536594501416
1464,79.0218942811254,81.76095061590144,80.55162178631832
1465,80.30281904086318,79.04983993228558,80.45690590686715
1466,80.44040202768062,82.04832796492536,80.36128150244924
1467,80.32532860317767,77.71873968599736,80.26480900834619
1468,79.83645893569543,76.37771756519567,80.1675457598149
1469,80.06544275702497,77.22600066028932,80.06954567412131
1470,80.9505145325976,80.86502678607067,79.97085895733089
1471,80.06711361578404,77.94193761751319,79.87153183867942
1472,79.44735697129488,77.41427004457975,79.77160633485043
1473,79.26601933617619,78.76275637041958,79.67112004601539
1474,79.40334113006628,79.16647009850514,79.57010598510911
1475,80.57268216029387,75.48549218958645,79.46859244146862
1476,79.20203606800449,70.92890718277435,79.36660287960456
1477,79.21853854360799,80.53036772629093,79.26415587345069
1478,78.79549855257477,79.2521208713241,79.16126507585749
1479,79.8018152547607,75.30767234223674,79.05793922234682
1480,80.30251728915466,81.73343757412034,78.9541821673942
1481,79.14287030535986,80.56780102525605,78.84999295095812
1482,78.78090814621919,77.78970150634937,78.74536589267997
1483,78.64296748026361,85.06936326771635,78.64029071109165
1484,76.84119415428064,81.00399740854267,78.53475266527492
1485,78.92355165841467,77.61466415138581,78.42873271671893
1486,78.3863582662219,77.13864041147255,78.32220770959707
1487,78.48154646801682,73.69994022801818,78.21515056822133
1488,77.57172937460872,81.58862660295307,78.10753051082366
1489,77.6874708000024,78.49699954335678,77.99931327890033
1490,77.55451401891902,80.25401720311979,77.89046138120517
1491,78.44182302413614,71.44281693186683,77.78093435132782
1492,77.3448366780261,79.89500143907473,77.670689017792
1493,78.94995026845814,77.27839368525864,77.55967978567183
1494,77.6746608663451,79.591081916732,77.4478589286859
1495,76.3599100067108,78.0694389652818,77.33517689059694
1496,77.04160975358064,76.97389387460997,77.22158259467241
1497,76.5530095995811,74.26586342825848,77.10702376004015
1498,75.34960247167982,76.65780224963288,76.99144722392468
1499,77.8806982267822,75.13904806769786,76.87479926882317
1500,77.12758954161941,80.57329729208001,76.75702595359
1501,76.88189148352498,74.51500149204941,76.63807344719507
1502,76.49663361462056,76.57122851306092,76.5178883637413
1503,75.28460433043998,72.83852784005913,76.3964180972608
1504,75.7836239878763,76.30425277230249,76.27361115480082
1505,76.58052866483249,73.1965253410094,76.14941748622691
1506,75.12355411880691,72.46969629085622,76.02378880893458
1507,73.95430871618792,81.47998407219464,75.89667892529866
1508,75.4337385100389,78.2026308475174,75.76804403028393
1509,75.3586876823355,76.57042038882474,75.63784300632778
1510,75.417070885913,77.10328906786012,75.50603770255663
1511,75.69546492636812,76.69791546735092,75.37259319566608
1512,75.49423186419774,75.20268077602384,75.2374780302401
1513,75.0905468903402,77.57246329867249,75.1006644367169
1514,75.60688840439097,72.89451607538936,74.9621285255567
1515,73.56646812024161,78.79955872217414,74.82185045643958
1516,74.84182093991254,75.23649973908844,74.67981458155035
1517,74.78520752330422,77.41466753346904,74.53600956222024
1518,73.33611857651526,78.49655187261686,74.39042845845336
1519,73.0081630631324,74.61924190942825,74.24306879122454
1520,73.39356649597498,70.73529971794015,74.09393257791112
1521,73.3074081118895,77.30731032804341,73.94302634174092
1522,74.15186406338849,79.71508729991506,73.7903610965708
1523,73.04751340394289,66.66324429061243,73.63595230858758
1524,72.73071819217806,72.39658849545356,73.47981983673445
1525,72.7537563980758,73.70962545691066,73.32198785387723
1526,73.81596160372351,72.94990533449227,73.16248475081787
1527,72.89236429808876,68.80588099309288,73.00134302512595
1528,72.60738417799833,69.71111530987517,72.83859915647524
1529,72.50480805222183,66.43998819482047,72.67429346985014
1530,73.33454730653597,76.46714500657092,72.5084699875669
1531,71.7533343864488,76.25837268041381,72.34117627046002
1532,73.04563152282861,77.50498623894373,72.17246324795732
1533,72.11853116712008,72.02154636635301,72.0023850364276
1534,71.70470051824041,72.59654277200065,71.83099874535318
1535,73.41285248523792,76.9220227192598,71.65836427145257
1536,70.7679357607528,70.0041083986847,71.48454408155713
1537,71.10341340399906,67.9899273555044,71.30960298562697
1538,70.3318659699889,68.46000957469892,71.13360790173105
1539,71.7043456461938,72.28011347747587,70.95662761506719
1540,72.06260468762886,69.72198918534922,70.77873253306515
1541,71.89118004675821,73.44351520953012,70.59999443835069
1542,71.4205872006347,66.97607293786632,70.42048624105446
1543,70.2666208844115,69.47075868874101,70.24028173179404
1544,69.98997773339276,71.32011323848502,70.05945533661435
1545,68.91609379667685,69.35071013612504,69.87808187512152
1546,71.35088133508711,68.93980497653322,69.69623632293481
1547,70.09351877162126,72.50435315079535,69.5139935794655
1548,69.25995164289249,70.1208727486642,69.33142824197888
1549,70.37268786813513,63.52112643356378,69.14861438692331
1550,68.60049480716248,70.09386114467937,68.96562535959512
1551,69.40411884725444,68.01938114187097,68.78253357326157
1552,68.83638422577906,67.11458677561266,68.59941031877622
1553,69.24174379824582,66.51972573017426,68.41632558548835
1554,68.5873337591231,65.29757056889856,68.23334789396901
1555,67.45308770429214,68.13064634823404,68.05054414079261
1556,68.35829556173526,70.14917055549705,67.86797945528502
1557,68.87602110497791,69.37840093697581,67.6857170677913
1558,67.95757443219176,71.07162403564244,67.50381818875653
1559,68.35661821313529,70.2635286463501,67.32234189789641
1560,66.91799711599653,60.33549517101355,67.14134504299733
1561,67.4671501781163,64.4611172084981,66.96088214831212
1562,66.88389169158235,70.78170918051615,66.78100533286464
1563,67.67931963895478,63.51595254695725,66.60176423902233
1564,67.01374542713249,58.04330822000135,66.42320597145238
1565,67.30992192110247,73.31677357094682,66.24537504622815
1566,67.4233538910017,68.39619368361102,66.06831334949932
1567,66.98110957894862,64.74079682196611,65.89206010478945
1568,66.52312971706402,63.74052168167528,65.7166518477715
1569,65.4681352411716,67.53248281098652,65.54212240742245
1570,65.9998538487901,67.56760743661222,65.36850289265014
1571,65.46356096838153,66.53673025076101,65.1958216836203
1572,65.43081594741385,64.81174886160429,65.02410442710122
1573,65.24445614540849,61.04435654650373,64.85337403531241
1574,64.65570086836996,64.53774227826975,64.6836506879932
1575,63.80659637856533,67.3000950118719,64.51495183753947
1576,64.5442002857332,62.76669112281983,64.34729221699915
1577,64.98253197253017,66.95393766112265,64.18068385056259
1578,63.73882375877625,62.41170049312628,64.01513606610477
1579,64.52903846647287,67.1569860521206,63.8506555093921
1580,65.68391034930526,62.4698493976933,63.68724615970606
1581,64.90568838344046,64.95058150646223,63.52490934680037
1582,65.17603541841436,66.6731934789188,63.36364376928612
1583,64.13555108345665,61.92018567070691,63.20344551473566
1584,64.51543768930995,65.7047493119725,63.04430808202476
1585,63.02805515585902,62.93113039156008,62.88622240670373
1586,62.92068869583496,62.775865497463016,62.729176890478534
1587,61.29148824215966,59.06856848951534,62.57315743614568
1588,63.87662711034263,67.14774491871684,62.418147489512656
1589,63.96228661703909,60.862419563919055,62.26412808991677
1590,62.33488221531715,63.25246405777134,62.11107793095446
1591,62.382714663146885,59.59745353484828,61.958973433043774
1592,61.87149624185832,61.65446620472422,61.807788829512525
1593,62.5061365086647,64.61461950077587,61.65749626796991
1594,62.86518765094231,61.9178033792244,61.508065928713144
1595,60.69764294987176,50.60823103474439,61.35946616188282
1596,62.04444741220257,57.63406813828348,61.21166364505241
1597,61.40485194666217,54.326977515368576,61.064623562772105
1598,61.51902059193903,61.74175445961873,60.91830980903259
1599,61.60251913754929,61.5860795642794,60.77268521263255
1600,60.99153279400923,59.84154406203442,60.62771178432422
1601,60.89330302505543,58.83863021102123,60.48335098374969
1602,60.6591444446512,61.3844202138208,60.33956400371071
1603,61.331641272154265,56.58467515202324,60.19631206911445
1604,60.78965006065576,63.92535529061569,60.05355674781248
1605,60.49557561700372,60.74195680189724,59.91126027041016
1606,59.29671643271279,56.19794487649126,59.76938585600494
1607,59.76717425279798,58.39482793278928,59.627898040778554
1608,60.50764329509379,60.07689068225203,59.4867630063883
1609,59.75197004385457,55.223217292401166,59.345948905051706
1610,60.034890095620966,62.23525838778513,59.20542617802359
1611,60.65805526736608,63.82463909062735,59.06516786388956
1612,59.99745869896139,60.38255635774632,58.92514989288694
1613,59.18525635468084,62.270098469066376,58.785351363464564
1614,58.61265284514501,67.30424044912773,58.645754797604994
1615,57.033863956130816,50.87304607370983,58.506346372033754
1616,58.5552012142692,58.72544527232011,58.367116123199146
1617,58.29731731961755,53.89211464674751,58.22805812461847
1618,58.65198599861571,63.77087859624506,58.089170635601945
1619,58.12496248287526,58.93281545220668,57.95045622037472
1620,57.86317058058389,55.57353411316105,57.811921836418854
1621,56.69739689249728,55.84346778893501,57.673578890763515
1622,57.141341187075085,61.52418227930799,57.535443263041046
1623,57.9901378016376,59.47355637978895,57.397535294239326
1624,58.71561600027096,60.61437761026999,57.259879740130216
1625,57.30506086929457,62.185713918091714,57.12250568847639
1626,57.4625078921043,60.59268791531069,56.98544643948207
1627,57.76036391917476,61.44692188962191,56.84873934958454
1628,56.38748404362081,55.97312360526927,56.71242563950763
1629,57.0742656055494,49.68189903343992,56.57655016840062
1630,56.16245783880039,56.502128776126,56.441161176677944
1631,57.15041600290634,54.971103497488,56.30631000061166
1632,56.51620544667981,59.10263288914548,56.172050761689526
1633,56.48528392941022,50.67893360722643,56.03844003339246
1634,55.59566631614759,58.31214037852191,55.905536487668925
1635,56.50651229041314,57.12489494576271,55.773400523146435
1636,57.33999282017874,58.500391018062736,55.642093876984276
1637,55.04527266001166,57.0747068813038,55.511679222216586
1638,55.38412254899793,55.29076430863466,55.38221975253746
1639,55.65626092834099,54.564112855393375,55.25377875676903
1640,55.91785351592544,59.64039010832469,55.12641918562162
1641,54.8499845571968,56.7954493307582,55.000203213673544
1642,53.13392044413241,55.393202893010354,54.87519179976163
1643,55.9449383593407,55.67427131754607,54.75144424928063
1644,55.403425805042005,55.76266783942563,54.62901778228323
1645,53.529688055182994,53.48626230487134,54.50796711167455
1646,54.20425911881109,48.48371143100901,54.38834403610632
1647,55.60822909293502,51.07836853068893,54.2701970523313
1648,55.40605309447476,55.00203209215487,54.153570991700235
1649,54.93289971907708,48.77525960909021,54.03850668510751
1650,54.03700267941227,53.67576564672834,53.92504066009441
1651,54.1039874031712,51.17096449667768,53.81320487317456
1652,53.84105956993729,53.59186853376926,53.70302647986107
1653,54.6104948321323,55.16807837398967,53.59452764435607
1654,53.09687578558932,47.00222811421577,53.48772539042072
1655,53.03637442112541,54.10257195914018,53.38263149460537
1656,54.1993362868536,52.724908072977605,53.27925242274124
1657,53.35405298060696,45.735636573100365,53.17758931027911
1658,54.24425781298218,52.73264674067439,53.07763798665576
1659,52.70477011331101,53.95003111727821,52.97938904338024
1660,53.03326558989793,51.70269975017668,52.88282794497341
1661,52.32399725865193,50.79345794412096,52.78793518133683
1662,52.874220455440906,53.37887422305603,52.69468645969794
1663,51.73477834940367,50.16294154460225,52.603052934009945
1664,52.33043677434177,51.45422218276667,52.5130014694837
1665,51.56975557194429,47.21918414056265,52.42449493970826
1666,52.96557646796833,51.26569015049465,52.33749255353235
1667,52.88749302862851,59.06695999088723,52.25195020849534
1668,51.08210962853689,51.66728235158554,52.16782086714312
1669,53.135798641705726,54.01848156026082,52.08505495222212
1670,53.86043544977305,51.75257531951869,52.003600756713944
1671,52.05600572715386,50.76149748846602,51.923404864942704
1672,51.487976676313416,50.73858403705584,51.84441258133424
1673,53.828151194176215,56.695374902313525,51.76656836362866
1674,50.84362124582326,54.775643628816304,51.689816257420645
1675,51.6981778581785,50.20798414088038,51.61410032896
1676,51.7284760693248,51.6516668522437,51.53936509335088
1677,52.46442211464835,51.69355207526378,51.46555593565477
1678,51.696163519607815,54.19658982496123,51.392619522763965
1679,51.01828697653464,52.5551735116284,51.320504204139745
1680,50.62595082995896,50.33091830891304,51.249160399655786
1681,50.97842608235782,54.289897481629744,51.17854097297755
1682,50.440253368028486,52.1395797902589,51.10860158916853
1683,51.107468372648086,48.57830735853086,51.039301055490796
1684,50.609435533198194,50.63637010836791,50.97060164462271
1685,49.89042966498034,49.31147333801081,50.90246939971469
1686,51.74824930264293,48.50818616341089,50.83487442077149
1687,50.456182151689376,49.71720385299309,50.767791131738875
1688,49.85328387462131,53.58930162975821,50.70119852741734
1689,50.56115238031924,54.15228277272768,50.635080399020325
1690,50.6662816340803,53.661588789565165,50.569425536978954
1691,49.33692227775489,51.89238443997209,50.50422790962625
1692,50.734175387828,51.41632597193339,50.43948681673719
1693,49.71313609375456,47.74076647480578,50.3752070174484
1694,51.58954785819515,53.43857827989896,50.31139883262432
1695,50.705843716325774,45.30616499261944,50.24807822210923
1696,50.00795267796159,47.8042914607236,50.185266837458926
1697,49.71664931598621,53.34006659824634,50.12299205070566
1698,50.11675118160375,48.50275737318344,50.0612869595142
1699,50.57272646380137,52.67174166518865,50.00019036881208
1700,50.0810586187565,48.89028555043797,49.93974674876894
1701,49.90361659541807,51.70807481825681,49.88000616895853
1702,50.054806235178376,45.003559621929625,49.82102420863039
1703,49.55116524268552,53.72245413036841,49.76286184313574
1704,49.695146012491655,46.0349982212158,49.70558530660107
1705,48.438467176015216,43.97187147964876,49.64926593088656
1706,50.54487371253553,54.5399115527393,49.59397996070841
1707,50.03878253972949,50.02953636516137,49.53980834454617
1708,49.25618238758584,48.25174153359724,49.486836500638674
1709,51.0963151980419,56.23793358077601,49.435154057143045
1710,49.79933637092461,52.19716262374244,49.38485456553318
1711,48.985976229140086,47.51168796817223,49.336035186570356
1712,50.2854753082456,49.84471277867217,49.28879634863111
1713,49.94050829158108,53.4627589850686,49.24324137871974
1714,49.91583139061429,46.75546292199832,49.199476106965356
1715,49.32098499933426,54.05528167857691,49.157608445732045
1716,49.91538917530769,48.46124462800901,49.117747944732436
1717,49.39948123489676,46.54114047853015,49.08000532381784
1718,49.95618428164077,53.52107916517473,49.04449198541185
1719,48.21952230340108,50.62890675953315,49.011319508798415
1720,49.23687648670358,43.40994512922056,48.98059912865105
1721,50.735348543477045,50.38498012839955,48.95244120034209
1722,48.983793470955405,45.358926027997526,48.92695465469677
1723,49.090604157548256,51.70902152028522,48.9042464448518
1724,49.19391861198164,54.83396525005698,48.8844209877011
1725,48.65297872444018,50.41660761112586,48.867579602215955
1726,47.95504924969519,45.46346558609987,48.85381994695024
1727,49.33858964037877,52.25744771256084,48.84323545937105
1728,49.59590767994168,49.430751812104205,48.83591480013012
1729,49.46651005561921,49.224508013291626,48.831941305775466
1730,49.4059574415211,47.81427146715146,48.83139245363588
1731,49.54326077525395,49.88660927107279,48.83433934278201
1732,50.23653124945931,50.00374516315234,48.840846195119646
1733,49.3962895241387,41.51092170982527,48.8509698807707
1734,49.138452359581166,49.223287182378,48.864759471920834
1735,49.3558782358178,48.90451693178864,48.88225582921597
1736,49.97221108439313,51.109719549307336,48.90349122452057
1737,50.570734408877,43.98898648890555,48.92848900347631
1738,49.15990561554408,50.83918949992871,48.95726329099459
1739,49.68779218990112,49.781619153749496,48.98981874265251
1740,49.87596082619765,51.4999228623771,49.02615034485988
1741,48.96651580258767,43.62324970110223,49.06624326658511
1742,49.699457704212925,45.64978280713141,49.11007276541236
1743,48.68467236940672,42.53502739123256,49.15760415069489
1744,48.49941779146046,48.97931463697144,49.20879280635825
1745,50.02321226270029,48.89144047076358,49.263584275344215
1746,49.52813919337849,49.05585649224356,49.32191440687749
1747,49.97043145562928,45.4034224428935,49.38370956695858
1748,49.84991106568314,45.881863190137054,49.448886911926266
1749,49.21417525255644,41.02740886679069,49.517354724532765
1750,49.90280684474702,45.489634014632,49.58901281150168
1751,49.10975165796955,46.97774104765115,49.66375296079168
1752,50.98664523570964,49.02416374664079,49.741459455746565
1753,49.10542764743112,48.88362938307161,49.82200964215215
1754,49.96079562461223,52.45881535959543,49.90527454320276
1755,49.41308542171352,47.15334510595832,49.99111951667898
1756,50.58838787988387,52.19153482234815,50.079404948269136
1757,50.00509128358832,52.55765803159471,50.169986974833755
1758,49.92360457969191,53.69553822601681,50.26271823141574
1759,50.93506329716743,52.541480688076,50.35744861591725
1760,50.41114233410395,50.65151374837071,50.454026065649295
1761,50.8064732313747,47.26413071037981,50.55229734041418
1762,49.81373222443185,50.70751895736856,50.65210880727037
1763,49.57467825213666,48.34051542137373,50.75330722245572
1764,50.69203114665444,55.206682142272975,50.8557405059981
1765,50.45426841277426,50.75361504676437,50.95925850439258
1766,51.17797419525597,50.65330272808909,51.06371373656281
1767,50.74707063805537,55.391080229341,51.16896211831024
1768,51.01161713025928,49.42950616299532,51.27486366060078
1769,49.79826915496682,49.78778606878105,51.381283137264944
1770,52.32462334818111,58.915095692536326,51.488090717917295
1771,50.95732988203619,51.83053803853314,51.5951625621019
1772,51.63168618340214,55.32195365494913,51.702381370882115
1773,50.63067430445884,55.56285589486157,51.809636892431065
1774,51.50558844793626,49.695568664726046,51.91682637870661
1775,50.45350568635965,53.4341359323117,52.02385499093101
1776,51.75892491467836,50.6675641862218,52.13063615218287
1777,51.27173317284259,57.96239406165614,52.23709184582686
1778,51.62123533408562,56.35607455361973,52.34315285874721
1779,52.17071210061883,54.60858756988496,52.44875896856189
1780,50.90211356774876,54.32822034164613,52.553859074374486
1781,51.36993400376348,49.08851115269157,52.65841127123023
1782,52.254808138059374,57.88807901002794,52.76238286912425
1783,53.49044702731634,50.524227065390654,52.865750357946915
1784,52.013444432714095,53.348444600903335,52.968499320062115
1785,52.61369778959483,50.27202724722692,53.070624292375776
1786,52.2162042974898,55.03813270159235,53.17212857983631
1787,53.74321031410364,59.46676253701343,53.273024022312136
1788,51.25450028973066,52.73548614231732,53.37333071675008
1789,52.639060833129456,53.67247581026227,53.473076696585515
1790,51.531559973525226,51.15891196662884,53.5722975706594
1791,51.012789771646425,51.34228876356296,53.671036124286324
1792,53.07488695642586,51.97372133824065,53.769341885360696
1793,53.0649002617689,58.42201349122212,53.867270658344204
1794,52.8697588014586,55.473858812308926,53.9648840287236
1795,53.097996017055685,51.95855487337819,54.062248840285854
1796,55.44561274596924,55.6436984118996,54.159436647518724
1797,53.20182538986968,62.76546104079153,54.256523145616335
1798,53.84664288109697,54.73926123677072,54.35358758083675
1799,53.14326058217676,57.908699248658266,54.45071214431679
1800,53.913980335317184,52.02296411182604,54.54798135299627
1801,53.65128602530532,55.20460498402964,54.64548142200366
1802,53.64263812896653,51.59438258026436,54.74329963347725
1803,55.31638970617122,53.56066020493092,54.84152370713773
1804,54.981546745137706,57.58488872526308,54.940241177959656
1805,54.36878188488726,51.43138539204833,55.03953878610949
1806,52.776826695205216,48.86714167487137,55.139501884066576
1807,54.25494658744167,56.50237822869916,55.240213865587315
1808,56.51880070735118,54.917624889196425,55.341755620848645
1809,54.58538507471651,53.66702987900448,55.44420502164459
1810,55.64039380283772,49.73303449082571,55.54763643999418
1811,55.99990873537884,51.83682514848216,55.65212030307393
1812,55.26733338439608,55.99112169998316,55.75772268695679
1813,54.64938276473112,53.88328829915326,55.864504951069215
1814,53.65961574069821,56.64156043090018,55.97252341457719
1815,55.96998970692661,53.01905255015349,56.081829075260536
1816,55.04853928223803,54.50388414521863,56.192467370965694
1817,55.87100596722572,56.02346951561093,56.304477983400936
1818,55.00268482725517,54.33317762224316,56.4178946837365
1819,55.82276444934706,57.78249235797029,56.53274521913693
1820,56.16390587730652,52.60274054081581,56.64905123901543
1821,56.46117680502929,58.14142301297011,56.766828259505814
1822,55.62661817573628,59.3626975675254,56.88608566439764
1823,57.37962403224031,54.679227528882336,57.00682674056689
1824,56.2596994400162,57.57382719183746,57.12904874579415
1825,55.642069760816405,56.81420859945125,57.252743006828325
1826,56.87547407472542,58.80659720389758,57.377895045577816
1827,57.11435098948248,57.11924168211604,57.50448473131727
1828,57.34209053622117,61.99385363787513,57.632486456792485
1829,58.32343817799144,65.24483032680824,57.76186933616465
1830,57.34556273400524,59.395735439651446,57.8925974229573
1831,57.569324341719785,58.5989040459979,58.02462994665332
1832,57.023645693515455,57.06883927114176,58.157921567336096
1833,58.513900120702566,54.20571080783723,58.29242264858323
1834,58.21297377049448,53.53129419929634,58.428079549400266
1835,57.93517516333856,54.15036048779418,58.56483493612403
1836,57.04193728554115,57.91351777142028,58.702628114902055
1837,59.53307634175558,58.90095445648195,58.841395384673596
1838,57.810138607685566,62.81882688301937,58.98107040975865
1839,58.40388052985332,50.18728401910106,59.12158461047035
1840,59.21759578302333,59.351174662353486,59.26286756975301
1841,58.27884758661352,59.70029306464002,59.40484745361901
1842,58.22135384255448,61.165607073875385,59.547451442887066
1843,57.93109391726095,58.40117082729473,59.69060617334906
1844,60.07426049749478,61.2707283362719,59.834238181174904
1845,59.34028134635575,59.917636689527455,59.97827435024318
1846,61.92397830146484,63.36629270453957,60.12264235811911
1847,59.3324313287939,59.269189542161456,60.267271117500215
1848,59.53765254096377,66.47836635420352,60.41209121010427
1849,59.941663871279246,61.836897866040175,60.55703531021784
1850,60.66297072024883,61.31037537450515,60.702038595485774
1851,60.31952290456595,57.89859728536784,60.8470391429952
1852,61.23372223612383,60.11105920345634,60.99197830920702
1853,60.27702226451093,65.22996597692521,61.136801092645285
1854,60.1523686823136,52.002060881261855,61.28145647836247
1855,60.01866985144114,60.20496103899468,61.425897763104246
1856,59.87932826191298,59.79758536342992,61.57008285987338
1857,61.23204874620856,62.87224381488046,61.713974580206006
1858,61.543318689014406,62.4131811562285,61.85754089192519
1859,61.47173185718194,66.44334013684741,62.00075514960585
1860,62.94426373492499,63.26636356740284,62.14359629469611
1861,63.0940357257541,62.883771392103455,62.286049022280906
1862,62.16096432219073,65.28267978050584,62.42810391178082
1863,61.30085429362762,66.32828562652746,62.56975751932185
1864,62.321522838499526,64.57426663690381,62.71101242998337
1865,62.4602872837152,65.77798263305529,62.85187726862424
1866,62.582425924568426,61.86937618290847,62.9923666685439
1867,62.71657135561081,63.12787827301432,63.13250119783538
1868,62.91038453142837,67.78333875139495,63.27230724382323
1869,63.26032687776636,64.98785290926114,63.41181685637171
1870,63.24937184461515,62.45555408607478,63.551067551141635
1871,64.00365177847644,64.1104121871207,63.69010207418422
1872,64.2738739622117,67.67555778302906,63.82896812961606
1873,63.548152173439135,67.24198954837237,63.967718072444164
1874,65.23951895574767,62.47746880334101,64.10640856888814
1875,63.82806429577601,65.01730340238147,64.24510022687318
1876,63.54613089358477,63.520407673768894,64.38385719976905
1877,65.10975166140638,64.89480497401185,64.52274676680554
1878,64.43575279965525,68.79894173263732,64.66183889378979
1879,65.3976733101727,64.61858769859626,64.8012057778283
1880,63.65511485193583,61.7673176345511,64.94092137985034
1881,66.47738192124912,63.8043459234217,65.08106094891005
1882,66.13829782042352,65.56581290196846,65.22170054241732
1883,64.78242178670021,62.3709362491519,65.36291654645673
1884,64.96269106180117,62.12635063811697,65.50478520015993
1885,67.33350107545117,64.41454700790757,65.64738212778158
1886,65.8118125965617,63.087770592787685,65.79078188174066
1887,65.90907989092324,63.41367613231235,65.93505749941342
1888,65.07175422530268,66.38058081560698,66.08028007592053
1889,66.57736148908899,60.14894463364667,66.22651835459493
1890,66.82833567213945,64.52670167506788,66.37383833628532
1891,67.65331886781395,67.32490941682592,66.52230290811707
1892,66.33773773615538,70.10503554813143,66.6719714917703
1893,66.41737897715342,65.61077917079085,66.82289971080455
1894,67.96159236689746,67.45871720803171,66.97513907622525
1895,68.51480360805171,68.22635303886933,67.12873668943448
1896,66.87427875915958,60.89288641642968,67.2837349618363
1897,68.89494050765236,71.05665631400338,67.44017135047973
1898,68.32774117835571,70.35278129125473,67.5980781091047
1899,69.22907649415342,71.9004884984231,67.75748205383034
1900,68.57876264534129,76.797527698326,67.91840434267081
1901,67.02516344528006,62.76622844789277,68.08086026831563
1902,68.84694255626461,63.966462459240766,68.24485906423915
1903,69.85768650826003,72.17281395992633,68.41040372497709
1904,68.65191786536137,67.54500971614772,68.57749084194619
1905,69.16759076474351,65.93489393956521,68.74611045629811
1906,69.47715469682448,68.5503967742898,68.91624593015294
1907,67.73170993760996,65.70364563798168,69.08787383737383
1908,71.09185795028812,76.74884001345424,69.26096387485246
1909,69.45110408484209,76.86947244849948,69.43547879504936
1910,70.59582566497862,65.23145651774986,69.61137436042782
1911,70.34043926637777,65.49760461371942,69.7885993206557
1912,71.44034205079232,68.94974122953296,69.96709541398124
1913,71.00267019329311,68.74113284063685,70.1467973946307
1914,70.71193380243339,68.16920841308419,70.32763308808505
1915,70.40838199062759,69.77132617034424,70.50952347571675
1916,71.74929592543734,70.28375205888375,70.69238280977982
1917,70.03582980560157,65.59620551939491,70.87611875931553
1918,71.95526504193084,68.58750470389637,71.06063258716054
1919,70.88916259071038,75.96089690392162,71.245819357854
1920,72.68987823828857,71.51750740959312,71.43156817579357
1921,72.08039320802533,70.74015181245986,71.61776245257302
1922,72.5719766783328,67.58519559067457,71.80428020221204
1923,72.33147600672999,70.81220214424474,71.99099436297523
1924,71.19978563564484,74.35138586851379,72.17777314446094
1925,71.9756616703362,73.92897151790757,72.3644803984512
1926,73.19990863348374,75.8601794973254,72.55097601173135
1927,72.99628559033101,69.04868726138355,72.73711631894628
1928,73.8560212275302,69.85587796974244,72.92275453366351
1929,73.46061863315907,77.17809938461605,73.10774119602733
1930,72.64991471573659,75.35995653839356,73.2919246354919
1931,72.91690735532275,72.06919246225841,73.47515144706803
1932,73.69299248063174,76.49082275555418,73.65726697948438
1933,72.14715466526951,68.20152654500167,73.83811583378795
1934,75.08365256626261,71.00200404748695,74.01754237111224
1935,74.36593168711165,69.06092798635522,74.19539122841208
1936,75.05929244445707,76.2448553754845,74.3715078407434
1937,73.23678387220428,73.94758247415312,74.54573896814017
1938,75.35640549862391,73.64296615661101,74.71793322447712
1939,76.18841301663792,73.62885498608155,74.88794160514894
1940,73.84203933023893,81.76135736717237,75.05561801006343
1941,75.44604830009918,74.5961417179041,75.22081975830082
1942,75.04536537906823,79.59799444070107,75.38340809080668
1943,74.1011007417067,73.62110220502015,75.54324865770901
1944,75.66392010178419,74.0216656564735,75.70021198726093
1945,76.03818763594099,80.6845953289791,75.85417393384895
1946,75.16869447193294,77.75964546680298,76.00501610281361
1947,76.53948238925942,76.46040880160304,76.15262625001166
1948,74.68949090758055,78.40788473057695,76.29689865425738
1949,74.941793856409,83.2079802650056,76.4377344611171
1950,76.21463939888883,73.8126420998371,76.57504199697163
1951,76.26667607327593,77.81389385521472,76.70873705276185
1952,75.87616418577724,74.53402287396769,76.83874313736534
1953,77.0723021753804,74.00716298117067,76.96499170100302
1954,77.00398093149535,73.84790583595168,77.08742232928358
1955,77.35875681189546,82.58134482851177,77.20598290839598
1956,76.79649163461598,70.81158018267519,77.32062976163573
1957,77.42803165535594,79.09372592686371,77.43132775706904
1958,76.81670686925348,74.11004675936925,77.53805038583222
1959,78.68765780742136,84.50114659694869,77.64077981033147
1960,76.80139921334009,75.90575319987357,77.73950688139827
1961,78.9629478346085,77.76906317724664,77.834231123321
1962,77.6315695143563,82.77929912490582,77.92496068571899
1963,76.76103677941252,79.63679529408108,78.01171226143835
1964,78.79712284524955,80.6148952217495,78.09451096994842
1965,78.0419860479015,80.68491530739297,78.17339020609654
1966,78.66283314919997,75.10987585659404,78.24839145456936
1967,79.03572872546006,81.46842474054652,78.31956407094647
1968,78.5263626609224,77.87349792830867,78.38696503068763
1969,77.98475917317553,79.16853218792357,78.45065864768951
1970,79.19061995715019,80.77987300538074,78.51071626421897
1971,78.61519027292098,74.97290508605325,78.56721591416544
1972,79.20053999762833,81.14817939757967,78.62024196170012
1973,77.3173329235185,76.70611199161294,78.66988471755519
1974,79.24105256046892,75.17431633664812,78.71624003519041
1975,78.58308221482235,78.10237073384981,78.75940888906878
1976,80.28803166997442,80.35371071538698,78.79949693710316
1977,79.66618432441219,81.6131982450664,78.83661406906975
1978,79.4959075446584,71.66270995944708,78.87087394250672
1979,79.7650739361988,81.03809624816718,78.90239350745134
1980,78.821054364172,77.14223846707338,78.93129252130116
1981,80.7501953268694,83.40644560136427,78.95769305496924
1982,81.10046487609569,81.0943442265032,78.98171899130696
1983,80.07276296949904,78.97932705506173,79.00349551664998
1984,81.00084279739028,80.41867100447439,79.02314860646284
1985,79.57760321335928,80.67113174320507,79.04080450638757
1986,79.50507512143898,82.48286705181071,79.05658921039237
1987,80.17734190619315,77.25464498416675,79.07062793807643
1988,80.53737699965143,79.41022978918808,79.08304461353198
1989,80.03992658233193,84.85913737151591,79.09396134850907
1990,80.77352098644987,79.58913466205786,79.1034979329389
1991,80.6914807475405,81.89599881466549,79.11177133616481
1992,79.85666908677256,75.80872469769714,79.11889522259789
1993,80.99565766820973,75.3723587652005,79.12497948596608
1994,81.31252634988996,77.90082731152678,79.130129806694
1995,80.90216686128326,78.63943560210829,79.1344472370299
1996,81.66159408928418,85.07232983718966,79.13802781829044
1997,80.07367289135728,83.8439279408786,79.14096223422221
1998,81.3230419053042,75.00831135530484,79.14333550429393
1999,80.24440014252812,78.46920605981668,79.14522672092173
