registro,Ener_1_mean_50,Ener_1_variance_50,Ener_2_mean_50,Ener_2_variance_50,Ener_3_mean_50,Ener_3_variance_50,Ener_5_mean_50,Ener_5_variance_50,Ener_6_mean_50,Ener_6_variance_50,Ener_7_mean_50,Ener_7_variance_50
0,,,,,,,,,,,,
1,,,,,,,,,,,,
2,,,,,,,,,,,,
3,,,,,,,,,,,,
4,,,,,,,,,,,,
5,,,,,,,,,,,,
6,,,,,,,,,,,,
7,,,,,,,,,,,,
8,,,,,,,,,,,,
9,,,,,,,,,,,,
10,,,,,,,,,,,,
11,,,,,,,,,,,,
12,,,,,,,,,,,,
13,,,,,,,,,,,,
14,,,,,,,,,,,,
15,,,,,,,,,,,,
16,,,,,,,,,,,,
17,,,,,,,,,,,,
18,,,,,,,,,,,,
19,,,,,,,,,,,,
20,,,,,,,,,,,,
21,,,,,,,,,,,,
22,,,,,,,,,,,,
23,,,,,,,,,,,,
24,,,,,,,,,,,,
25,,,,,,,,,,,,
26,,,,,,,,,,,,
27,,,,,,,,,,,,
28,,,,,,,,,,,,
29,,,,,,,,,,,,
30,,,,,,,,,,,,
31,,,,,,,,,,,,
32,,,,,,,,,,,,
33,,,,,,,,,,,,
34,,,,,,,,,,,,
35,,,,,,,,,,,,
36,,,,,,,,,,,,
37,,,,,,,,,,,,
38,,,,,,,,,,,,
39,,,,,,,,,,,,
40,,,,,,,,,,,,
41,,,,,,,,,,,,
42,,,,,,,,,,,,
43,,,,,,,,,,,,
44,,,,,,,,,,,,
45,,,,,,,,,,,,
46,,,,,,,,,,,,
47,,,,,,,,,,,,
48,,,,,,,,,,,,
49,119.90945137068964,4.091780562607738,179.84199362081262,24.48976559589532,29.90125289465462,0.25013155207224597,4.982818621931674,0.008955128310096667,996.774128171474,3.017661056011013,500.28476633042186,1.024538458423843
50,119.90821959186707,4.0978168237205,180.0990091966334,22.618080961410563,29.876852929419123,0.22258344528504803,4.981310172554418,0.008906540924579119,996.6699813383362,2.8747770681934823,500.30033507451714,1.039747171860138
51,119.83596838826531,3.8903876496972107,180.01509078673692,23.280388820053375,29.86755992436899,0.21758832475737447,4.978052143445622,0.009550986375540752,996.5545709753798,2.7535367290889914,500.32525724472464,1.0126397451313847
52,119.79676561694059,3.758522071248217,179.89859835283048,24.422563645702724,29.858406763855715,0.22894704240313324,4.9763434877405475,0.010021336002727874,996.4333665717303,2.590019219343536,500.3627000310114,1.0025793098469757
53,119.79699402904802,3.7574987513825406,180.05222576786778,24.147488120952982,29.853937640871436,0.22878312108392254,4.969534778241304,0.011458618101276321,996.3123026567681,2.4228837509773014,500.41731523710155,1.0102335604164734
54,119.71993252922105,3.4765897259137284,179.78957815334923,24.3644667554425,29.839087321169423,0.22449678966818504,4.961501768677788,0.013431416613548956,996.1976012446321,2.2842587989261407,500.4689903397808,1.0344360444189644
55,119.62073113406153,3.4793357036877732,179.64004035913777,24.111010145823865,29.820408299001755,0.2264468079091801,4.954235344398956,0.014957936171709065,996.0754131312101,2.1426234361758354,500.5163436025531,1.1129797786872342
56,119.47273312635627,3.703232749906734,179.3067151196845,22.110126361246525,29.817965227118417,0.22855516442923202,4.949569046992592,0.015828845777526003,995.9541293923638,2.018386521314991,500.520562989431,1.1084296037569443
57,119.31110196398078,3.8110842773905436,179.3628648466091,22.078669842093568,29.806614914233677,0.22589908090553235,4.945898335899968,0.017129817063363403,995.831802782057,1.922856045154102,500.55479148981874,1.1076283879844564
58,119.239527749621,3.644097958468956,179.2742341592374,21.971861565333345,29.79158826044114,0.2348548466636628,4.940670991891779,0.01721591451519586,995.7101933534282,1.8379252134010142,500.5348851261544,1.1198406334845388
59,119.13163066320502,4.219223555152182,179.3311441685081,22.003669335345517,29.790348555143396,0.23501591452034054,4.932947574050286,0.017967017279967315,995.5924244175919,1.81797039615594,500.5481152157951,1.128272019298859
60,119.02762105397198,3.952768264376317,179.17964371352105,23.592423445195223,29.764890271443733,0.24306141969674078,4.928991389262498,0.01835230099881565,995.4755502750976,1.8174072644509662,500.5686371246133,1.0685993955343887
61,118.98277761874098,4.135513861235559,179.04921476904678,23.17860142414964,29.727726634627874,0.2289959035654896,4.922715291218135,0.018561943927984943,995.3645769059701,1.7833534484575608,500.65649677098486,1.1636340155523022
62,118.87577305501111,4.846365660924175,178.7628525778863,20.37865770712566,29.709762860564524,0.2497375823676527,4.917155685708242,0.017686023050347867,995.2560979686604,1.7489560112374904,500.72208950184097,1.191245653748683
63,118.86970907240922,4.847014043685365,178.51212773483542,20.45969090703641,29.675143316784172,0.2752395033564931,4.913256907573707,0.017618202158258857,995.1520335823402,1.7271259917788708,500.72741953644663,1.1788538823326533
64,118.74735226086088,5.180717074920459,178.24146517155106,20.98960104680308,29.66423897761357,0.2756090602945515,4.909136622914713,0.01796683100368261,995.0531556075205,1.7501458641854604,500.74765770728476,1.1544623850342197
65,118.8222200846621,5.3480237354656355,178.15734545554912,21.132254237020035,29.625035858185992,0.30431569577663514,4.9053179315007025,0.017764933335127357,994.9527097843663,1.771823702884721,500.7901999015514,1.1710831626134588
66,118.88012436219964,5.350766839149943,177.96024087178284,20.73588827775456,29.61336238547613,0.3019790559497261,4.900930986544488,0.016884429777207246,994.8476604449762,1.8262767249935317,500.8077639653867,1.1824357508729855
67,118.85731629615012,5.419266068259018,177.8752526451283,19.77393055773422,29.604090341114464,0.30537352686018476,4.896985534239934,0.016503241436950044,994.7532629526389,1.9418992859228268,500.8506368733891,1.1350859907268496
68,118.73337414103673,6.138903069293177,177.9565749697618,19.688662228891065,29.614592836163148,0.3115651691246219,4.897854350932079,0.016490310067743964,994.6567830610559,2.0692898815594454,500.8909687062499,1.1131193807995536
69,118.68301098387765,6.146788503915059,177.79473374790905,20.378800180163218,29.601208182412662,0.3054035814401561,4.897966536137759,0.01649212010681806,994.5639964330611,2.1718977760838674,500.9597174359271,1.0555594316642656
70,118.72617723140442,6.197418725532362,177.71045869729133,20.70495533725208,29.589843148221966,0.30271023407633946,4.896660064857113,0.016308954965696832,994.4672511980302,2.266304564166764,501.03835194223853,1.1270970167689667
71,118.75515802762744,6.15336145863992,177.7354894525693,20.66825952809932,29.561416595035148,0.30573842279634217,4.8961444568678125,0.016210511723273726,994.3717000042344,2.357742988899798,501.03986358411487,1.1246632169807333
72,118.7213439445011,6.0939786194089685,177.60803043274632,19.74366436361776,29.555928709812033,0.31220966479105405,4.893428986587163,0.016102062316678992,994.2841114510171,2.404833056230547,501.0737192543818,1.078559820060224
73,118.64638814941596,5.68315825630006,177.65369193782854,19.909864617981018,29.524668971812044,0.3037256731078426,4.887545685796036,0.01474131401650552,994.2033488421746,2.435698491654886,501.07838755994817,1.063974767707518
74,118.5470691944268,6.150986062302123,177.50124779919292,19.790579090852646,29.493717820552742,0.28319398776448007,4.882760990477837,0.015181287030334225,994.120777168416,2.4870900850584783,501.1076176394816,1.0404428320314785
75,118.48781956114446,5.987466611518282,177.36837485842807,19.51767342129156,29.469600417964543,0.28894569489181393,4.874431197233418,0.0159422525511473,994.0276980262566,2.5222540719995514,501.1557372310773,1.1197490454041057
76,118.49708633708963,6.011585759750861,177.1148966966199,22.42961915478469,29.451628082088455,0.27782022621918073,4.864316378781536,0.015773634610314245,993.9317484110097,2.522445137181439,501.2035781499879,1.0825113135645041
77,118.37725882557918,6.173679514927009,177.0450993028219,23.406617319636887,29.42058595699263,0.2683313058247633,4.857699952073249,0.01527632810214718,993.8373872005097,2.509702742494523,501.2185864004134,1.1047553198560458
78,118.25776905925088,6.226513782918421,177.06508576997493,23.44240917436193,29.415847102602935,0.2660358941173069,4.855242594155591,0.015657293017574663,993.7458590959709,2.4695455618178572,501.2591530162377,1.0624701773889247
79,118.24765570373027,6.207475836695183,176.79501281466088,24.496881888269538,29.387299237656844,0.2744669034221299,4.850560604223536,0.016060728914114572,993.6462339974297,2.425827857937278,501.27313238634224,1.040992239176908
80,118.26949535446361,6.194036562161614,176.4872872556471,26.855447132462846,29.371587149144215,0.2643712733787226,4.844331676017394,0.016483579666771227,993.5424857579419,2.3238436010339956,501.23928779737196,1.064762891264056
81,118.20939393023009,6.545694351808835,176.6474824932436,25.772106161867907,29.377495569883,0.2685364660041224,4.8360444150335065,0.01522077967663757,993.4475178393939,2.251048018722364,501.2768312985278,1.1318220867351303
82,118.0358814678238,6.852991608696515,176.41325906287636,25.480803712652385,29.374867137409495,0.2661232215722643,4.826648225303989,0.0150423230018537,993.3549161760878,2.230806998835107,501.29067208618113,1.1194958627930591
83,117.92911993930743,6.8840766454045506,176.2736663087979,26.543184897692296,29.36722449385511,0.27797579460364413,4.814092322600579,0.015843241806241973,993.2613607752756,2.24514252922516,501.2996240630541,1.1187728101580934
84,117.75281214537836,7.27536590382667,175.95121559066357,28.193362739763433,29.36545046196137,0.27769586136993385,4.807597263246902,0.01621457747028989,993.1661817132804,2.24595356988243,501.3057379554853,1.0971036576390671
85,117.61199808664955,7.475278945770995,175.60343716886655,29.375464757779472,29.308736109762357,0.30477096526733544,4.800484387714957,0.015551824747915971,993.0768295268072,2.275148997266548,501.2766893941945,1.0680936789023405
86,117.46117009095298,7.492845604192609,175.3908327663338,29.28957807593954,29.2691575968181,0.3297106412161464,4.795030993427185,0.0161052460785779,992.9827173224455,2.302724246647615,501.3236333609345,1.0085975193504997
87,117.41542311321237,7.407157567997482,175.06576815962129,26.21155268061349,29.262673645690985,0.3305333482757299,4.788367311184655,0.017024824155397907,992.89198479282,2.3311852251929324,501.3463045905896,1.0169560114451612
88,117.4489707591761,7.36418567566459,174.96569442889765,24.98898183339775,29.258633994323354,0.332408060890378,4.782673542889982,0.018550147303353366,992.7984909938028,2.345037115157807,501.376023166087,1.093692313067421
89,117.39864036500332,7.278678830157446,174.87143223278937,25.203383277496826,29.218376942976878,0.2704343351616445,4.773692704070418,0.021525031191128495,992.7058785070772,2.356822110161875,501.3857268240595,1.091813317241073
90,117.20856570491685,7.112242723779941,174.74641951718743,25.546430052580018,29.19918225555282,0.2827714609565693,4.764462331508072,0.024695278682479994,992.6124646264636,2.3924177991128786,501.40463131090297,1.0851165834128984
91,117.10452582343797,7.157339549850258,174.5951588932966,25.720682497327708,29.17135836076144,0.3065616627145484,4.7557334289941995,0.027538255872566617,992.5073940616192,2.430897997036587,501.4325655623963,1.1549920295308544
92,117.04787860179484,7.407649290181866,174.27343498479436,29.69656940393428,29.125353559629403,0.33494533821138645,4.749839409668224,0.02847178780957286,992.3960494491387,2.4862564335272768,501.46363834753197,1.2050579641111234
93,116.93811028443577,7.304434428594876,174.05411711292138,29.565203900985008,29.102820022992194,0.35383518082144266,4.74409272537707,0.029115597133571956,992.2816436187098,2.569716980328225,501.4652302829494,1.2016430158629012
94,116.79139245472874,6.56422305432651,174.09585978072457,29.50584338270061,29.083042505293328,0.3430147158062862,4.7370188696835065,0.028120888947005,992.1666017587906,2.5950226349836,501.4833611157535,1.2535135327777862
95,116.70344155289287,6.825195743440914,173.8294999589053,27.221341137271327,29.06855675420444,0.33626245459747794,4.728418286819871,0.026439876252557545,992.0426191162412,2.626200199374998,501.4861630215626,1.246316093987694
96,116.55744223472328,7.147394120077335,173.7643709051043,26.875394338296616,29.060156515853645,0.3401024313102394,4.720268287187174,0.02549159016546712,991.9223462134363,2.640579592599928,501.4830755888113,1.2401151263434016
97,116.50785750044386,6.979166661773042,173.59697816776253,24.611739588868446,29.03823741008018,0.33791713191492767,4.713315903036247,0.02486717520825373,991.8070628295608,2.5956746390706584,501.50626801851035,1.2694063214523719
98,116.44800787911879,6.8750146108834045,173.40884320531794,27.105374439653804,29.028243919552278,0.3280266010178292,4.706048106883386,0.022573874716743735,991.6902577343149,2.496799365186052,501.5378935991314,1.25879121291537
99,116.33390236291638,6.710637249101055,173.31813634863775,27.845864464334284,29.028936710642014,0.32809540173213214,4.69972418830859,0.02143901281199767,991.5739381530879,2.3929289975218744,501.57081510293955,1.2069274769145706
100,116.21066203737414,7.182588862859769,173.16525449698736,26.04754215157821,29.0089406495154,0.3153046748155317,4.6938203940956456,0.020044163217796503,991.4675081713016,2.2606157878742823,501.57867388062573,1.2034337353481523
101,116.12223588688008,6.984897976886088,173.09344977795584,26.16955143311911,28.98902497749766,0.2987873253677858,4.691683212637269,0.019803725970189635,991.3672077461894,2.1957478310638296,501.5615815279666,1.2590554214064267
102,115.96963348132812,6.79071730064518,173.02949462544376,26.485428075705812,28.977964377254015,0.3040676643176701,4.689731060709942,0.01956434472591931,991.2639157073011,2.1478840696497827,501.582461950172,1.26324769403062
103,115.79000941193051,7.803615664232256,172.86611001648208,24.516037711495848,28.95283661338565,0.2954102745205588,4.691711135214405,0.01979898672794147,991.1621969013271,2.09252360096911,501.5878513260717,1.2673572406755498
104,115.6354118005282,7.7908531063385045,172.71616556871115,25.614560277504395,28.9174770525206,0.31002026101127206,4.69507401022751,0.02003943204172119,991.064004130754,2.0100221744226814,501.62028728818666,1.3448961273302078
105,115.56647819291098,7.811610822671326,172.49127164351677,26.26591960938807,28.899106715125363,0.31211718563609814,4.697777062414794,0.020284473375560132,990.9667153497005,1.969873151358483,501.607081888713,1.3301968913541755
106,115.5094170602487,8.028091996512966,172.3104648867659,27.313646738870407,28.869367457953768,0.32986822284372713,4.699162840549843,0.020510628174286748,990.8744238151392,1.9215140807526279,501.637060170033,1.2826543564877597
107,115.48041681415576,8.09886127373125,171.944894088835,27.91268064630707,28.851685676272936,0.31757664564891885,4.697742326999952,0.020660405449613048,990.7919573053919,1.8672189617652464,501.6419886352224,1.2813026205819604
108,115.37499732760149,7.977099521813709,171.74161637336204,27.594040720130195,28.837433203400625,0.3195973586134959,4.69375947725471,0.020585557723677032,990.7106384555597,1.819306489904245,501.6734930302708,1.2090637407384341
109,115.2996196174567,8.491737631833596,171.50849027559514,25.906920842773236,28.80069728087579,0.32268245955344416,4.690015494208072,0.02126876394521591,990.6328703468507,1.7916664068433859,501.6843239174293,1.2041210443842973
110,115.21553002257608,8.427405779415906,171.3623620031272,27.326237793581264,28.78880187156518,0.3252515213260217,4.684292574464707,0.021804641059228684,990.5553607788216,1.7785941848842213,501.71480531280554,1.1238178470656965
111,115.16938078727894,8.470627531804213,171.16435678240694,26.843397336524003,28.780113709444212,0.32523363871858696,4.679357221740033,0.022334692769917015,990.469147656665,1.7559833294169218,501.7047171358318,1.095465790779458
112,115.14609379188617,8.600888079990956,170.93067570836257,27.011039766212406,28.75679961857808,0.35603829848738894,4.673427847500181,0.021929094489142095,990.3782227252699,1.7454195306706592,501.7068100491145,1.0992327740235428
113,115.00853676902383,8.558074694684215,170.83161416892275,27.24285999329729,28.743714732770623,0.37236410533047937,4.672364047599371,0.021653875006374917,990.2913242565508,1.7103036381177048,501.7285759527884,1.0346129762405203
114,114.9531935038005,8.778455030921736,170.91181849389406,27.53491660161208,28.704515092831386,0.39825424692494327,4.675380797021976,0.022689886398703164,990.2143530043202,1.6569817345150597,501.7630303848166,1.0183344199344555
115,114.8084699382885,7.81779746923861,170.75981290437085,27.339636682874193,28.695452289010518,0.40973624129036373,4.67715762542611,0.023436220447764416,990.1361535104337,1.6161589557719747,501.790855767251,1.0718621009623088
116,114.6443925668633,7.317654002716567,170.62866989192426,27.301170664855555,28.67705542778452,0.39925121044246265,4.679169080036839,0.02451962162998913,990.0630770403021,1.6022252340578784,501.8273362659376,1.1208288343598214
117,114.5371587917641,7.4149770388796785,170.5421363320827,25.78410128925625,28.64918724002212,0.4084811813783161,4.681462302029619,0.025571124618697285,989.993424646311,1.5921628405903503,501.8261710855997,1.1220083454310188
118,114.52046721451876,7.48632042171902,170.23500013765158,24.926487682029034,28.60716267466707,0.3671436288279795,4.6830550994319875,0.02644686572610248,989.9262378115092,1.5912667877579478,501.8678016574884,1.1904863481904289
119,114.40972841789898,7.454946115801,170.18960290585264,24.890087509650165,28.5664168519202,0.3760063479864222,4.685340140121553,0.027759828276276946,989.8583396721396,1.5692184096734998,501.8601597965161,1.1876981446345647
120,114.21455720303683,6.990098417560887,169.98542333132028,25.4912275138091,28.54035467905039,0.3641676018373609,4.685369712680123,0.027774839856589805,989.7841332656411,1.5779353621989625,501.8403999456135,1.1446943486230792
121,113.99988047069371,7.320375844088099,169.83109755413992,24.27426358221731,28.516751255733293,0.3789014667093393,4.683803285171599,0.026965032407079727,989.717113216076,1.5593800905901787,501.87602829624296,1.09528547427976
122,113.83946910395817,7.050800650279392,169.4952861401424,24.287082098955175,28.500082214232734,0.3816729091306974,4.681653974639744,0.02648249902110667,989.6401407738641,1.516681422425425,501.8760694322428,1.0952318210882377
123,113.68065279650973,6.4787015922615385,169.16187910910583,22.319192280947828,28.48279044999617,0.3827999615742295,4.679148425173473,0.02590112486545439,989.5630559167151,1.4366579819484098,501.91645943667527,0.9942859785293734
124,113.62077161222537,6.642710326184984,168.9296776224203,22.65139706963099,28.442186815204177,0.4173643941564199,4.679496197447135,0.025936505636633734,989.4915071552645,1.3670365659459265,501.9623987167453,1.0541316085806947
125,113.4348021115944,6.562439705073614,168.62553251243983,23.434627594774508,28.410547294794004,0.44677559155995133,4.681795888993426,0.025947927685580047,989.4243280606821,1.3088033984267695,501.97502346652885,1.0924991785392495
126,113.22584128784104,5.946163041750609,168.40565699584084,27.355097316203274,28.369846625736145,0.4545071963396619,4.682310937861627,0.025901147189356807,989.358718379934,1.235395289726122,501.999179496352,1.1226242480769626
127,113.16593136697401,5.935768689032192,168.37079556445872,27.410842745026887,28.36038919586529,0.45048715441922976,4.680711211298943,0.025865486885088114,989.2917814856233,1.1543833274999082,501.99924782292794,1.1226681752504601
128,112.98926503432546,6.794095898066667,168.02801320283163,26.247282022615625,28.331481879216376,0.4228497847706873,4.679902908392052,0.025834873897796942,989.2308235291853,1.038295434852847,502.0516525339979,1.2324982676119653
129,112.77117315307144,6.531599716889661,167.92070446646133,26.771125516987503,28.309146112093575,0.4381448980019425,4.6807266540641645,0.025891878075189508,989.1799572027302,0.9403628672574783,502.1057877608501,1.2476837828095324
130,112.59354698025182,6.0313372051291365,167.88464991388045,27.036872531002444,28.297306835635567,0.4211766363440644,4.6829907621967894,0.02604529812314886,989.1332728688764,0.8299783059241606,502.1541541012139,1.1633025645262192
131,112.54194382729719,6.030067210339161,167.46920494726578,27.718943316227254,28.232895842470114,0.4221880894460426,4.683844885899206,0.02612479652402731,989.0891919293869,0.7145450125416234,502.1060540044338,1.1888971687831906
132,112.53743714286524,6.027633052017623,167.27608298119895,28.080159300765445,28.180642133904826,0.39582205596290815,4.686653948298596,0.026071625105559052,989.0523554769002,0.62421335608783,502.15223791494566,1.2095237226878446
133,112.44786453209275,5.947415043282894,166.9823206900376,31.286842838068285,28.16855814413046,0.3972187513150826,4.692785330518302,0.025305595111333505,989.0195254250627,0.5547021655118703,502.2007072733849,1.2604295549786455
134,112.35250934013426,6.421909987420534,166.8883971071973,32.00371086990658,28.124831630639815,0.3829899233817786,4.695362996943196,0.02525731129553229,988.9885499071486,0.48821898861950896,502.2685303726306,1.1469027305904913
135,112.1849768927898,7.444422499087883,166.98827110292692,32.20261648892161,28.10570736193719,0.4184308971698963,4.695406184271351,0.025255334418166176,988.9611036952531,0.4284751079600597,502.26326616353515,1.1613326225453509
136,112.15477059876098,7.396105762328114,166.7807578753106,32.919330309188936,28.092183504745886,0.43074926450843537,4.696096301942868,0.025161250752926734,988.9376372991297,0.3807106488839446,502.2846033935905,1.1662200253064319
137,111.94308165339493,7.451713133054693,166.48050966345718,34.38709118240868,28.079665647772014,0.4143285727514085,4.698844340545288,0.024761486739473513,988.9153245900794,0.3337612504171167,502.3413039795024,1.3035702798881865
138,111.75923982674709,7.002977643979029,166.10626932145303,32.20987277922913,28.03345908654402,0.4406815886902408,4.704147131988095,0.024144441873655446,988.894098150826,0.2904453239922626,502.32607237904364,1.2832134465398695
139,111.57473762209148,6.732449172912583,166.07436027021114,31.91295895689025,27.98644626016239,0.4597614612528022,4.713925209947851,0.022683047580252587,988.8734234407327,0.24935365256684633,502.39040290621057,1.3854345775734553
140,111.46943069953348,6.984747222863265,165.858271154311,32.36698521095515,27.946678782205318,0.504136929230277,4.7226337472987145,0.020362979886131016,988.8586159811633,0.22212901635985488,502.4265895101725,1.3994943516686549
141,111.28992269814063,7.543135065578195,165.52778760374233,34.81548064503843,27.91956737710033,0.5340258070109838,4.735147120636708,0.019500519801079582,988.8557766620253,0.21734544581920537,502.4171104089075,1.3862656724014357
142,111.24278640883507,7.442121626417818,165.36488316365697,37.868509976624814,27.91420590614959,0.5379101793406021,4.743535687572807,0.019469694667953827,988.8577138363155,0.21978142989487873,502.4417081276317,1.4465032946804939
143,111.06142455308996,7.803594180801538,165.16661193734194,38.373576445267155,27.904038137475595,0.5383943810037451,4.751258506123634,0.01937634188216945,988.8603731946548,0.2215652613622109,502.4777122785963,1.3652000665830994
144,110.89911164863106,7.594630741085935,164.97657594174217,36.58985491509426,27.850231773932073,0.5774552903862346,4.7598768541290255,0.021003328038404948,988.8628940873463,0.2238375632018072,502.4440253581881,1.3633874242949824
145,110.7610173792295,7.929363185371931,164.80296016992207,35.78338107675278,27.81287982280376,0.5639852935772581,4.765744806630207,0.020971762383491778,988.8710224363148,0.22745510850420855,502.4718195112475,1.2801777451043561
146,110.68606414109995,8.036174385685113,164.6250346920298,33.746565095453626,27.782629852735305,0.5592715888427019,4.772791146572409,0.02074882970599159,988.8782205901232,0.23072233287609917,502.4865694436857,1.2886402911575632
147,110.47393362384487,7.571995650822416,164.36840054636767,31.018092174308823,27.738641630723915,0.5871250895460625,4.779273739906216,0.020391933642131977,988.8759700936336,0.22961947021767348,502.5004496119563,1.304130258734426
148,110.27692424603374,7.357399760091584,164.32173339421178,31.32351574460463,27.69374462946481,0.5477497842908129,4.781253931277584,0.020197325301966888,988.8737922354786,0.2282239108069768,502.5030694474681,1.302590375319846
149,110.16458017954238,7.078868035738917,163.90933656251792,37.49244823324823,27.64787567858951,0.5218162465472369,4.7816712625405815,0.02007952891792721,988.8721110185219,0.22737752564274968,502.5549814189734,1.342237531643381
150,110.05123821805502,7.455128710527991,163.73299011610155,34.989909194257876,27.613619083885506,0.4976751739262958,4.783888437817484,0.019797160148640622,988.8627750583872,0.22036036893531932,502.5857109386621,1.3266387661254235
151,109.92937259173155,6.954155791179713,163.36136168813798,36.7617816537394,27.543885791459935,0.5566788149028165,4.786747756625377,0.019684031103434512,988.8552686561364,0.21760189853059145,502.6717641528555,1.1634644515956716
152,109.74249094015444,7.5848212602963665,163.39088792327652,37.14770147997494,27.507222267048704,0.5543659331361225,4.7915529299693125,0.020007333275944093,988.8554959879658,0.21765321954215344,502.6751145462369,1.1607481213009025
153,109.67634985372115,7.9542439343843245,162.99334973641606,35.8180331924506,27.474333314513725,0.5414099101996522,4.792552489345694,0.020071029729234482,988.8529782107059,0.21755257440096293,502.69083501131763,1.1544460209388607
154,109.51735907669007,8.50045915177192,162.78149717492653,36.99880746640175,27.456118097646925,0.5440826484031404,4.79404338466703,0.02024285954601064,988.847926946642,0.21659134589590612,502.6454304795838,1.1745464972194093
155,109.35394933478214,8.43070813443553,162.58191023058436,37.857924083145534,27.423808887915992,0.5344948884204044,4.8003308680905015,0.022403983725719303,988.8445112509359,0.21761088670970521,502.66525985597303,1.1611664916080136
156,109.16071796898157,9.154609314387336,162.44257869009024,38.12926613691862,27.381462200943698,0.5874734198205492,4.806251014260178,0.024310435533647524,988.838993257632,0.21884590212152455,502.70031388009863,1.1460003429279784
157,109.01754727230028,8.889958532480506,162.21708721941548,40.78989846469631,27.346433270048077,0.5503401138397671,4.816508055460699,0.025489392773178642,988.821981598184,0.22445766790606325,502.71936797120276,1.1224687158601248
158,108.87945613589247,8.620145296955014,161.9284764296422,41.8257515358275,27.31059014736718,0.5361355769987199,4.827105072326918,0.026538429188990374,988.8111493263619,0.22623374499362553,502.75495100740557,1.0842865190310256
159,108.83463029017999,8.608278138794178,161.78067736591058,40.68153081565156,27.277857027458655,0.5530388831912447,4.839613722998886,0.02623794152330731,988.7982500501129,0.23216940586055765,502.78884229118347,1.0705538848249865
160,108.69175832021432,8.259784043851354,161.79507575516624,40.728399714811886,27.233844993746146,0.5498604267305012,4.850977001031621,0.024776612207924268,988.7853525972927,0.24204573056678313,502.81876312956825,1.0165078971961523
161,108.54419619530888,7.876490714428093,161.4702770905881,42.2162012896765,27.20276472795031,0.5135186661226878,4.862475615609593,0.02328776806308303,988.7736826311811,0.2559980034156146,502.8212130227392,1.016887500098119
162,108.4220712163879,7.8021217117654516,161.33756045433603,42.18041397859409,27.180959229102456,0.5223666626844407,4.876312436789195,0.0243665624707753,988.7613589295776,0.2778316404295692,502.8186237678945,1.0181801426168466
163,108.26161268756283,7.986291221584839,161.06618216786006,42.583827368914044,27.147300642571437,0.5356806864967121,4.886020582141783,0.027033483702771227,988.7511700864119,0.2913612506923276,502.8488891520421,0.9397359793870556
164,108.17426477840829,7.7644566848226,160.74439826507788,38.833254594875285,27.11059730334121,0.5825739424822887,4.89548087704673,0.032117397688496994,988.7241614119495,0.33241869934495016,502.891598454739,0.989692289907293
165,107.98368090160331,7.114241405232816,160.41767414072723,39.55602550704092,27.070665262724898,0.6018323872525512,4.9106747206106265,0.044622130801786314,988.6969157865642,0.383330028570691,502.8607261590658,1.0043584693293488
166,107.91454565395303,6.769887353430563,160.2510109659183,38.51575213709442,27.010596866667427,0.6063362995317916,4.923124058706452,0.05444708516521186,988.6621515035098,0.4672259881766343,502.87666048572447,1.033901568119509
167,107.8263870945153,6.519663203318609,159.80392606060585,33.216478950809424,26.954753108817922,0.671826299722768,4.9374548931224185,0.06586219715136556,988.6180947868769,0.5916468127245931,502.89017351862617,0.9995951876681305
168,107.66761922186308,6.422147829188243,159.57469496687915,33.84415201451891,26.912727768287382,0.6653787198757756,4.949073790650959,0.07389335036794117,988.5717457280733,0.7304056194664514,502.9137612491945,1.0660969948642236
169,107.5111555693687,6.315345400313342,159.278192456794,32.251961663596894,26.862064504031697,0.7369705229795165,4.959983643037764,0.0814877330949914,988.5210201318208,0.8816063247359115,502.9558662687204,1.0634784886420312
170,107.39356525161797,6.265477935101172,159.24351723115512,32.010463332450826,26.808568193588904,0.7422448321601783,4.977844449529772,0.09652119078309075,988.4742051784935,1.0497073565759567,502.967972517409,1.0576333483529496
171,107.35501852233834,6.293130758314388,158.92253122636012,30.172048339432177,26.76728055766694,0.7580452322570201,4.9979208208269315,0.11343333466181783,988.4284691397363,1.1788840368474145,503.013897202698,1.0788693297988525
172,107.13349250144267,7.219723707289308,158.80783750138022,30.285179692318525,26.706111335620356,0.7899661534748246,5.022004818836228,0.1297092513589058,988.3847783858713,1.3102024460124195,503.0797146023608,1.0569219438784685
173,107.00611603643306,6.881643389081992,158.61594857313364,30.137758398849893,26.668560069267528,0.759228727921059,5.044074235237668,0.14097615224078677,988.3320715970873,1.4707901682066566,503.12689938994015,1.033587728181819
174,106.85272562106286,6.8667929777176395,158.44644503708167,30.21700116467093,26.638790665157117,0.7815638192719183,5.0650054906636,0.14980181672164355,988.2706085864759,1.6743145464990408,503.13148842619967,1.0402537409833723
175,106.75873741023477,6.879335060859132,158.4369031795442,30.193011860790904,26.583372177254027,0.8739266037473531,5.084411665759015,0.1557827939641924,988.2086469756734,1.8748019381100438,503.1305290395531,1.039042792355216
176,106.5802223129647,7.455292578742037,158.49642756516675,29.865415418498408,26.55649988336444,0.8718505718549507,5.1037612805051875,0.1573654406313231,988.1413160515361,2.0889873182272134,503.1652564225177,1.1044135322314994
177,106.35194985976918,7.6368596784659495,158.0827034113249,31.469244077879637,26.516945397050662,0.806353167690465,5.1249281776139615,0.16027128600655013,988.0707881908811,2.3227924951580863,503.18927560976937,1.0916273157877174
178,106.2745631172366,7.947612153922182,157.96367347304326,31.397779128416214,26.465572291716143,0.7732081187024983,5.147150343453631,0.16472352968642856,987.9900764394147,2.549727591841219,503.17566223858955,1.0682981775474023
179,106.18457733628865,8.03236900927751,157.91388229192648,31.02017140523913,26.4310694636785,0.7650763334114155,5.168119659067831,0.1690635315310433,987.9069666561808,2.74463538260112,503.1931524071153,1.0976530337490817
180,105.97087764183432,8.81672918457481,157.66480515170585,31.338684182065805,26.367114413323556,0.6722040614831091,5.187459184164734,0.17211694260131863,987.8190871202866,2.908182665232804,503.20913580894614,1.0873030699193884
181,105.75380356771629,8.816492878021824,157.6575501864296,31.35876448327078,26.346046534517626,0.6823572939758549,5.208876906149486,0.17594823000514584,987.7305012361314,3.034207046808613,503.29023509634624,0.9953900757866162
182,105.47339970970985,8.777588303571058,157.18048175446285,38.87271849532913,26.30303301094195,0.7044968572922623,5.233947241574254,0.18370198896001588,987.6447829075838,3.118026014628378,503.3108592240109,1.0255956869527565
183,105.29428992273546,8.473989006754625,157.02215222263345,41.012819347015416,26.243754652675424,0.6971763093025132,5.260488581168296,0.1944323364089198,987.5597191643974,3.2006900301785137,503.36295833911163,1.2242535611244467
184,105.23714751199321,8.370928638095407,157.06670983663454,41.45992981709404,26.192629474805486,0.7267392858648379,5.288097601392426,0.2037444506996389,987.4632149071077,3.3272740857552328,503.3719291837983,1.2236462715187515
185,105.13329188750704,8.94146262152103,156.75182761344584,37.84217285802452,26.162085383010627,0.7399456688400632,5.3192568705790055,0.21324098667683858,987.3622457196632,3.4471337725956235,503.44211251304824,1.1002812736341483
186,104.92870412913211,8.08436177676525,156.5855774217982,38.12060679733519,26.1242495966304,0.7225362279132265,5.353109065281545,0.224040834331128,987.2603286003261,3.550951662571235,503.4674966274535,1.1054306666371636
187,104.80567993973813,8.414470727143515,156.64206885616954,38.29671368946949,26.063427019794382,0.6230667000887451,5.386493010220189,0.2349204134976818,987.1541275680931,3.651204292254969,503.4601887439938,1.0864764955781505
188,104.65275225702283,8.44607458163954,156.33724169986334,40.985587667942745,26.027128663089727,0.6475718257569915,5.4187373756830155,0.24680094551155413,987.04974450251,3.723109169147532,503.48185300614693,1.072256002770431
189,104.47144828003756,8.935150559434273,156.06412687934025,37.18233266588681,25.991973420244484,0.6656992787011636,5.448061875425712,0.25757126298224714,986.9506684473556,3.750673254491599,503.47188288932614,1.0515224455127206
190,104.33799718502154,8.94210862959105,155.77968879581053,39.21305474580457,25.960147417597764,0.6881796629384468,5.480739702613743,0.26810788995011353,986.8512301456898,3.7486787037592832,503.4807565071866,1.056032857788449
191,104.21392764522935,9.451033332401147,155.70014210251082,39.85072171648788,25.91863950921414,0.7103696281423674,5.509230387396111,0.2812039843151165,986.7500127319561,3.6906978930732617,503.5170208306858,1.0764901934935382
192,104.05083539531785,8.476362955778187,155.4758468148687,43.972653079545374,25.84780831768571,0.7430614916029588,5.53717658723313,0.28820231175064154,986.6559988021564,3.60090645336517,503.4705406687661,1.1155208380316484
193,103.90223800495158,9.098055625727646,155.23327071373774,45.140085983943415,25.78939600184397,0.7010185303990086,5.563687813553304,0.29073943281696,986.5675284062303,3.52314570740229,503.49794230467626,1.084993944965443
194,103.77165837024775,8.977645776063227,155.03923991407748,43.18674174709938,25.758216889455454,0.7250089818849312,5.587738599677546,0.29511205453766187,986.4728629606344,3.430508006879897,503.58510544892937,1.1352669244744384
195,103.70480742295986,8.87116588515658,154.69867733211962,43.57423159725829,25.710753984444718,0.7101497465219728,5.613231910007756,0.29218403205749444,986.3761806956978,3.342376310251725,503.6602437784947,1.1263125716546007
196,103.56400117217561,8.58470255083432,154.39249442180713,41.27785001845768,25.656739063059227,0.7009186704607658,5.643903656025214,0.2964498887041537,986.2766384919673,3.248518073940229,503.68216828885124,1.1265801155557722
197,103.37227353541522,9.332982836819207,154.0350328846393,41.17562709031459,25.625468156735955,0.7055273538137934,5.676126490415365,0.30017697561614987,986.1727393669131,3.1978848781159943,503.7051049716223,1.1390840517003775
198,103.18072339095752,10.146608323536872,153.83070327138833,40.78766535625232,25.60408771582104,0.6673822006263022,5.710152055447437,0.2959489503843495,986.0675804697161,3.1151974412051646,503.74915712160094,1.107925388439004
199,102.99101441187545,9.837498279453733,153.92271500689057,39.829883499327416,25.56707079069781,0.6454650227013377,5.747306259050605,0.28485681836528637,985.9598267014736,3.0338198034025496,503.75738859914213,1.118904676362802
200,102.84191230910545,10.140664245107518,153.46965217909823,38.587792081319705,25.510273354524223,0.6267990694427099,5.783687732311682,0.2789054795694775,985.8531314990214,2.9405198687508287,503.75810095511804,1.1179595935983382
201,102.64143204714726,9.647929179918458,153.28179956153195,40.94623480642891,25.489149530259137,0.6529664050309262,5.81947260910606,0.27382665250759636,985.7417670567137,2.8791858291450065,503.7482136641574,1.1209744279230456
202,102.57378121295835,9.756802761955983,152.7633193650707,36.148479004765754,25.443901006735153,0.6490751499975708,5.851440222197399,0.26769290389804107,985.6292314033095,2.7706016959195234,503.7688392101185,1.083808206966312
203,102.42232913767482,10.055162378505576,152.55021413725325,37.49313071240071,25.395685831481824,0.6258129970648891,5.8852676610565835,0.2556530104145013,985.5149384828974,2.681623052693954,503.7835938104779,1.067915430740888
204,102.26652774416885,10.7867232572814,152.17279843865336,42.83613294647423,25.343907567506463,0.5968917972734501,5.918040295117785,0.24259117955937484,985.3975158053628,2.579627972592821,503.8703933029298,1.0075262591753096
205,102.10845619294392,10.97373638158239,152.0118648205672,43.011134713603354,25.29003733556091,0.5843683393333009,5.945388651867972,0.23560287669232022,985.2772727502708,2.513102296519803,503.8726986863874,1.0028521523702085
206,102.05893109450909,11.047615177325678,151.80081237285293,42.62691042207762,25.255759260815537,0.6122738049577475,5.971553909245038,0.2251767363466235,985.1554013888812,2.4307740986127375,503.9274732725077,1.0941152530665734
207,101.87026731690929,11.14986490016187,151.5102589841423,47.37565645488709,25.206614380113923,0.5573265643286157,5.9993694347480675,0.21575654019069476,985.0394880728851,2.3720419389946445,503.9667976282513,1.063379750588171
208,101.76218728686544,10.72297183818355,151.43457120853367,47.416706500284995,25.15518942593433,0.540524917533999,6.028104831847818,0.20636690458184276,984.9185669813222,2.257694353549499,503.964679708301,1.0673464992138968
209,101.57191084306011,10.16295365935852,151.0529937953337,46.505724626003605,25.119362634054152,0.526639117311712,6.057985320605933,0.19650462588542364,984.8004322753638,2.150680036993194,503.9685125263453,1.0638254435706855
210,101.40413090680917,9.921868796032017,150.70350025074742,43.56193796475745,25.075453637020924,0.5270151328751731,6.085719885361287,0.17883795274440287,984.6910106130199,2.013817946635506,504.0079899605698,1.0368697402611708
211,101.18336013764481,10.197297568085297,150.54093458934466,44.69597830670821,24.998398354318006,0.519004381066219,6.112569181771319,0.15981518235069533,984.5855182762575,1.8789673473787711,504.00744335812834,1.0380568965369057
212,100.98558904626978,10.318524443882115,150.29188491548982,43.895217142209496,24.93932267146338,0.5187457635974899,6.1386627503996865,0.14811253050873027,984.4865667810218,1.7615430474199174,504.0351087025709,0.9918117458905306
213,100.849659841348,10.470510829678618,150.10762745115838,44.315316985154695,24.88037571192003,0.5493840825488324,6.1656433132354405,0.13604500089749955,984.3849853305015,1.5800299430405584,504.05120346275476,0.9484407716105911
214,100.6181727570509,10.112610982749873,149.89688825801144,42.89554503248824,24.84955647316495,0.5525364410366954,6.18785445964022,0.12557907988325176,984.2943142345338,1.4484376201605877,504.0593337802017,0.9593770434024289
215,100.48090959538771,9.831084409395222,149.73852735651985,43.68662656070142,24.793448973501444,0.594694631017214,6.20768707869707,0.12494140211381677,984.2093106784752,1.3206061770987103,504.0855204835177,0.8767454984752272
216,100.22498394563108,8.833354085214083,149.49255456787353,41.949069615876844,24.755605248217176,0.6115651435388092,6.2242981982053,0.1186401502555564,984.134078011949,1.2322602708720147,504.05829273751954,0.9088110266370941
217,99.96577030258453,8.578599015435897,149.4001541354892,41.40184706313232,24.728058185379663,0.6350964077958648,6.240083869152996,0.11352806292967912,984.0638080056102,1.189352505928552,504.13487500930364,0.8768062243193926
218,99.80060028873694,8.556240674397595,149.1930469836884,42.186930305643266,24.681997553486408,0.6255327479883585,6.261629669821417,0.10738180446291673,983.9927431423258,1.165517457894797,504.1185550830385,0.8655346999215141
219,99.60656740810806,8.770918145515742,148.92238813178673,42.838198682986956,24.666998487813018,0.6292388862918068,6.280320618208237,0.09840496691682199,983.916394982925,1.17262270363379,504.1191995623028,0.8653429355945668
220,99.4370061173687,8.438861200667896,148.58626731166828,39.6489818277068,24.642506451224396,0.6201145972453104,6.293068751859533,0.09475942547804496,983.8418124272299,1.1993961315816237,504.1561098240821,0.8512639764165595
221,99.18958480885244,8.155954066204274,148.14182687966394,44.737605429032016,24.596866227989818,0.6380425384365298,6.301710980273931,0.0916064070829302,983.7641873401865,1.1708245326885207,504.15668649512236,0.8515271866747143
222,99.161817874255,8.168042783323628,147.7782383594181,45.876772446957325,24.569991161882786,0.6546910688019962,6.3125635913890825,0.08955508112491087,983.6875268258847,1.1396558719299497,504.1385001362776,0.8542516578536241
223,98.8867805088943,8.568975141216255,147.43081436783928,47.294125575588495,24.51433559496836,0.6301470934359854,6.324143410259669,0.08497212453168074,983.6172981241506,1.1196353962395762,504.1347191251797,0.8557218316378155
224,98.6959813714757,8.732229051900484,147.22926038463163,46.59664725809879,24.478472144254905,0.6192550107996504,6.338921634568492,0.07961435014343206,983.5571111894615,1.1134527774616403,504.15961911999426,0.8776247965733917
225,98.49774811749494,8.393232789079194,146.87531367782114,44.043833273146305,24.459418535064252,0.6401098070373269,6.358148598236826,0.07345465022484855,983.4913745483657,1.121844289142543,504.1558712122361,0.8816475657585939
226,98.34504386442961,8.896011862766485,146.67194260063926,41.802550304152035,24.414391722542195,0.6057967638694484,6.376864947479769,0.06269492491495376,983.4252625343298,1.1458796545083285,504.14682571578794,0.8712920189377976
227,98.12352846369414,10.434251282382315,146.68204392034016,41.79476784388877,24.344244387590976,0.573408840375032,6.390932499109041,0.05346706087092076,983.3611593952704,1.1821595180864242,504.2006902523161,0.9471154499176109
228,98.02573500505665,10.056751235495595,146.18458744523326,45.37655004754763,24.30364536466435,0.5581510330811964,6.404578782036262,0.046035881738266456,983.3026633164316,1.2011880343492314,504.21234902581017,0.9415666800772139
229,97.85581447982241,9.595673304042185,145.60849032317554,45.24592080056625,24.242383961204315,0.5710677021627338,6.420105950439974,0.03840284073722811,983.2407606137053,1.2135234821366871,504.239763381166,0.9921076855786134
230,97.69506024772322,10.533148266926334,145.38968837663347,45.260799729651175,24.19034824364884,0.5716507441994846,6.43658494490087,0.02906262615710397,983.166902830405,1.2581617910917642,504.2459450560493,0.9819535907953499
231,97.50692480542435,11.250503493935714,144.90387484532027,46.41935486903293,24.144711332181643,0.5450802386438649,6.451662642954384,0.021495557328833036,983.092213533734,1.2785457433061205,504.2476443802337,0.9837483540914165
232,97.33655599998238,12.296870591022232,144.7378263101229,50.213864959878954,24.08970458808616,0.6006913391636901,6.4663309537658655,0.018724406314421644,983.0123469405808,1.2758406630620964,504.27473629702064,1.0362679909933445
233,97.1548231019199,12.316282411254921,144.5156348590201,51.87424550975966,24.034457453587585,0.6673613520030033,6.4785366472234465,0.017268717960731417,982.9262462663959,1.2973364245684298,504.22641492999975,0.9328026739611365
234,96.97489349238373,11.156724398128496,143.82297460643542,49.62743467156123,23.992644278755233,0.7016787566417834,6.493276458736213,0.017641036169482326,982.8507670061059,1.346530048111216,504.28723583363217,1.0348627674972555
235,96.81785776475995,11.453255733771329,143.39958030920505,49.22062609611412,23.941334279029494,0.706688914605123,6.505019431978679,0.018274308954708454,982.7781129262158,1.3945657053978946,504.29420152582105,1.037474595762272
236,96.60964599474738,11.431981568672008,143.2049729000756,47.82090657118954,23.885878986182114,0.6927969834190411,6.519621256001567,0.02398205859679412,982.7052257429013,1.4391352242770763,504.28162013470507,1.0480952753327986
237,96.4852072964303,11.224147713618922,142.7287815578139,43.27087059602372,23.83372484550357,0.6703423102236915,6.532147868733724,0.02785170233906057,982.6324436466134,1.49836195841807,504.30550558626595,1.0898028240657749
238,96.32529089319158,11.093080871543679,142.74651440089752,43.35238267462692,23.80046633612205,0.6595869032998976,6.546739155061512,0.034242236933940455,982.560100477252,1.5352763490249137,504.3586371884272,1.164318105536546
239,96.18914348109429,11.35792915966082,142.32009408967053,40.73948176900853,23.78155660057986,0.6358821425846451,6.560453255983793,0.0380412077588953,982.4774208373678,1.568815620174531,504.3444121557698,1.1776880712339477
240,96.03501514047059,11.01896973942109,142.21891854706985,40.63340302183237,23.736883854792996,0.6396876554559856,6.5740832984222095,0.043961226930614564,982.393561940463,1.5871522325035998,504.37034471504575,1.190292356595302
241,95.8154207891424,12.027669249890636,141.91473684860838,40.53910012264577,23.70544076876178,0.6311849180994735,6.58803509044953,0.049662165744718045,982.3043567353293,1.5922887306101532,504.3596975858799,1.1891903808913722
242,95.60596849907192,11.15719972896994,141.8143221877998,41.23567826261805,23.696952571017686,0.6316546289740516,6.604501107018283,0.0550370533243247,982.2094228765881,1.5553974997010516,504.3977102668157,1.0721984885467863
243,95.52143848519766,11.064972984349122,141.57266195465738,41.631723977559425,23.669432605871467,0.6125711679169197,6.6241877872876,0.06057858692993113,982.1176304108803,1.4856447401906392,504.404851466609,1.0634635655389115
244,95.27686804548946,11.309103721462598,141.25563224684572,37.828327057756155,23.62451995323983,0.6265481215063434,6.644447151518753,0.06629401582219731,982.0365735684846,1.3980470016986357,504.3866393979299,1.020640226430947
245,95.02747984649939,10.565748698117702,141.1393881746465,37.426510845978704,23.59376747535599,0.6062538901388846,6.666912758992733,0.07030570939634635,981.9561805561945,1.324556748053875,504.40170314757927,1.0644530270408512
246,94.74676901072706,11.02048111512934,141.0570269808605,36.18121105784593,23.572133489114357,0.5933038001245838,6.680222875883057,0.0736385686662456,981.884135799442,1.2394854355752962,504.41442797901175,1.0679680270941936
247,94.61073827948208,11.38608784945502,140.86855096146707,36.28019535855852,23.544764363691943,0.5628940180730534,6.695315127302889,0.08016210395010073,981.8157108212088,1.1968308537617842,504.4309939032111,1.0857380045472154
248,94.47041652471015,11.856364178305101,140.6422117587006,34.73687057957965,23.493689301014147,0.442150528408699,6.714452808855148,0.09017810043447132,981.7445677844385,1.1506947530382408,504.4295281607898,1.0856932940818158
249,94.36653041446485,11.40564270546739,140.2275936690083,34.50327242596617,23.435279630688004,0.43910467776736317,6.7330092342441965,0.09970162640923962,981.6670591773482,1.1433570954696228,504.4343983123402,1.0886990807950656
250,94.19200851636693,11.565815395492407,140.1273234201256,34.292755158909706,23.402951442161157,0.43564424888298364,6.751208057610894,0.1111312597214546,981.5903321675546,1.124455620886886,504.454576156077,1.0551556587396265
251,94.03005609381935,11.309953125152141,139.9801695798477,34.654636414679686,23.358901189682697,0.44621261388895334,6.771703096236467,0.12692408521689313,981.5123540878076,1.1590825160480804,504.4516836213124,1.0620557065594367
252,93.88327025926284,10.56061224238296,139.518595250828,40.960280328243435,23.307713277343172,0.47081980702144205,6.795321267090252,0.14367711183888923,981.4323055016841,1.1800980741881106,504.4744744592064,1.038702123614429
253,93.64008126681762,11.600341536051763,139.23921364770678,42.17251782031336,23.272190067334513,0.451043517497159,6.8180960898862555,0.15772780864570018,981.3515140084965,1.232111847285266,504.52596522433845,1.0811906223786654
254,93.51847920698965,11.717158622837626,139.00001983188537,46.6196605388947,23.23521340664653,0.43814578592714276,6.838948017612691,0.1670240244357129,981.2695388311394,1.301309667014098,504.4646003882328,1.1279445471131664
255,93.31451520425584,12.074973492670303,138.65915600673975,46.49098523589524,23.20252271739084,0.4349438403884087,6.861978101774184,0.17715270921361845,981.1997772726313,1.354881091179984,504.52996359152553,1.1376177721897167
256,93.05950029474994,11.787571239184556,138.41883078232866,45.0318893405383,23.164009685041165,0.4450869216053213,6.886943684073993,0.18566290375302527,981.1172787833533,1.4761750451708164,504.5172716154623,1.105371063444819
257,92.87317488784922,12.031707829677977,138.33653145057406,45.712441780394606,23.14336544155788,0.40798526853402634,6.910147395794134,0.19496571267572546,981.0273596980089,1.6362688689301226,504.52640615610414,1.1101021987097943
258,92.61732597311843,11.035385831179934,138.0828948004095,43.24655791459051,23.12252113419536,0.3909133258961511,6.930885485227302,0.20215821027047648,980.9344209357048,1.8041269883631919,504.5592502598345,1.0613938407733103
259,92.39109456375016,10.94660081536577,137.6575372031168,48.133810523902135,23.07418383278522,0.37860841193412714,6.950015271784735,0.20864373173569045,980.8355540637823,2.007238394172176,504.6002349606934,1.0661738450401157
260,92.19383303487729,10.635166359708153,137.49072896739742,46.59378140772672,23.037825939621293,0.376342731258048,6.973523295532105,0.21243487329230568,980.7281304593764,2.1923515808032388,504.639445852303,1.146279346942168
261,92.10571572461032,10.489421066180102,137.31108821695662,46.13626137590191,23.02264882572777,0.38402979584536523,6.997240145783584,0.21392325949071028,980.615077305261,2.393219555273658,504.69046130240093,1.0984145537187684
262,91.98203667694554,10.311729164567215,136.92377289977648,46.954101236786414,23.005456002352762,0.3822669864906127,7.018522832337073,0.21750143276215222,980.4990694791315,2.585825224317874,504.7132287050053,1.0873175329570377
263,91.92231567612181,9.881943945599081,136.6821756901586,46.14882612132284,22.988384777219345,0.39070534909057625,7.038957183543399,0.22123903351767077,980.3826656976205,2.723408505068727,504.80995856634814,1.241643527318099
264,91.78393758450152,9.771313674533458,136.58694476919212,44.3958724774207,22.949705595201202,0.38215326071092665,7.063033522005163,0.22379662950825935,980.2644245443682,2.842990660753136,504.818981730063,1.2476972499601595
265,91.61103728331537,9.029269138649664,136.50758603517758,43.6055747092937,22.914907720565502,0.435530053499961,7.080903239315427,0.22571510187551783,980.1446852164845,2.924715117204469,504.8286495299164,1.2200510962340325
266,91.50692439758178,8.667365195779876,136.37512346679435,41.66603275672047,22.902059550732016,0.425558118267813,7.102909660340364,0.22138784921582125,980.0203629394167,3.006994926837948,504.8853762488271,1.1477309699827616
267,91.33792132408973,9.202274353000869,135.98742196727656,38.370999222259485,22.862115741790525,0.4456193453824418,7.122457260978083,0.21517075618986667,979.9027538761973,3.0694937916177967,504.8643344498831,1.1303194184455592
268,91.22850019011736,8.799978622508734,135.8862393971347,37.587334287364705,22.838023161610792,0.4356446345618832,7.138884444401562,0.21281498974369334,979.7870615892716,3.1453349619067708,504.883384365459,1.1170827943540134
269,91.05805786807097,9.180416308265457,135.8214906149082,37.10639522279813,22.792513675678535,0.4147064551342868,7.156827751292422,0.20562446836411075,979.6833220302054,3.214865225195005,504.93682345625564,1.1623493606811954
270,90.90263688969213,8.743821555260482,135.43966084069777,37.243342304000095,22.757610506328795,0.3735808808906611,7.177602799805855,0.19788407921186388,979.5777315224472,3.307881503720775,504.9649633127491,1.1983057729659627
271,90.8152255244141,8.628969350223695,135.5545663242855,37.01313306807346,22.715325741712324,0.41736575668487597,7.200367489811454,0.18463441519515966,979.4709350048998,3.340905243736872,504.95028720159195,1.2261622943755097
272,90.51912448802041,8.509018931005084,135.52912647848504,36.95305103033251,22.672620647465195,0.43075189156061233,7.219156603066343,0.17488708762185126,979.3604070580427,3.3793195909902543,504.9521645974595,1.2212398282179848
273,90.4185026960556,8.827370847637225,135.33446725918608,38.29515003214202,22.639051261946467,0.43953525472568417,7.237917390232782,0.1616551373953499,979.2468511287873,3.4039184573743815,504.98720959714143,1.2039315411715732
274,90.2838890865911,8.858797209415219,135.07130566468612,37.11097209719328,22.589449215873103,0.4502316799207939,7.25519180871582,0.15138379782804934,979.1251942977121,3.4274001214173326,505.01230205921166,1.2463453302100824
275,90.08717645857186,9.109454089234724,134.97583127839943,36.26782038145771,22.54886640250109,0.46078685583719503,7.267149765752613,0.14430681353769784,979.0084345433957,3.4673204356425633,505.0066744416327,1.264859807225972
276,89.97585988981507,9.069463897495691,134.6279650500431,33.718515051455704,22.521371636593713,0.4348545179539744,7.281491648812108,0.13370988381825044,978.8902370571664,3.5341133056982335,505.04699861369886,1.3033278367385248
277,89.99051046130646,9.059801683220075,134.38127271462156,30.758165033939544,22.502527128637873,0.4398997742525952,7.298591992213938,0.11806236977662941,978.7717252543221,3.6019466871038186,505.08297243281027,1.4534259610151998
278,89.73149610669584,8.433452227584322,134.31707544597666,31.476820197188285,22.47919529478431,0.4199504550728717,7.313689845508175,0.10399317909419961,978.64556427278,3.6412251719368096,505.132659307402,1.4938993538776648
279,89.606294613849,7.86533388292669,134.16414216142056,33.49264419678864,22.458530351188564,0.4345981447216024,7.327674388692613,0.09225109073054394,978.5262424894229,3.627210129529825,505.11215791188937,1.4863751826523026
280,89.53333887300786,7.938985747015144,133.8293588320323,35.11232179956152,22.42958223246082,0.4498270041448066,7.340873957657554,0.08035277631335945,978.4188006380484,3.64855111805937,505.16520499444795,1.4625593926081917
281,89.38149448067738,8.628259019723517,133.74601482913732,35.79920947748702,22.380506998443394,0.48187944112850717,7.354591437053187,0.06832488267315812,978.3086638993414,3.6459784422503962,505.18618520926174,1.4692220217046807
282,89.28234638559961,8.96365738725622,133.7782714208251,35.56989278865092,22.375695960888315,0.4843509562168505,7.364259367070328,0.060736665636585425,978.1921734816159,3.667485766877665,505.21690996174846,1.5604532089790617
283,89.15793327980693,8.882519675095885,133.46867276670875,39.331289153120046,22.361347197025697,0.503023390544698,7.372919597217426,0.053084795731019596,978.0798548086146,3.7246843640947973,505.27103715069313,1.5826488481707588
284,89.02280464197594,7.9846470635768405,133.66327221360018,39.22852692690015,22.340442094380005,0.5161406737709496,7.3793386415066085,0.04851451368651688,977.9726572806674,3.729940699911949,505.2347226758067,1.5501253619068742
285,88.9275161545677,7.850885276050432,133.66744409438198,39.22798342457714,22.310010739218697,0.5440640501369497,7.3885245457340325,0.042231784748877337,977.8618694013192,3.7328434863554363,505.2675506148626,1.5647405793504923
286,88.78015203362769,8.14543711348614,133.44348359790425,37.945030493233375,22.312784422147466,0.5463730968217748,7.398628710743212,0.040745667721995116,977.7536758708391,3.7091622334371266,505.29440619796964,1.5072011167020083
287,88.61984265324503,7.63928120712333,133.37064803886938,37.86831274223256,22.285421019458116,0.5584505563207391,7.409822079482847,0.037685228786495197,977.6500299638931,3.675838560978738,505.31510063887805,1.547699697775862
288,88.35824713688558,8.824464656299225,132.95429039227423,36.286214541931805,22.241569204144156,0.577754076924423,7.420191856430147,0.03690364502250556,977.5428742531618,3.618473795649254,505.29833130211256,1.5264258933867902
289,88.2608344225775,8.594754814345185,132.66291743003984,39.38882787390715,22.17694571111375,0.5635534255727462,7.431605523231598,0.03437930528857926,977.4383049272282,3.5868518627855757,505.34249358922773,1.4650491013643279
290,88.06572143579503,8.477138562063542,132.44921477017084,38.361645668537065,22.155280620459106,0.5682879204861695,7.442958690091354,0.0336237654973805,977.3352688119559,3.5302480973965946,505.35706313583137,1.4727297137289859
291,87.95985601635039,9.011837593283445,132.408439376575,38.26461821366087,22.11091093659153,0.5841114630288514,7.456931442261855,0.034463557631376485,977.2400449713482,3.4481686914554346,505.37950712795487,1.4426077002802493
292,87.79493999907203,8.84002346189283,132.18378708312449,39.16203331967383,22.061133003906658,0.570762206079233,7.47060582783403,0.03574607039979466,977.1438628946648,3.3544498291996003,505.42207589737495,1.3978125205017211
293,87.56114369385504,8.61952980820524,131.93298484043646,40.94298208893455,22.002587236649852,0.5899419128724824,7.484371592374965,0.03886711236598538,977.0432342890743,3.2247004387288905,505.46890311372727,1.3696824539554222
294,87.47095616568453,8.79897812541497,131.62883918063292,40.95392650003623,21.978723289275248,0.6004412445924686,7.498535287649407,0.04296232400854729,976.9280882803599,3.056467405343721,505.4790868848801,1.367047455668964
295,87.39702170610572,8.633656350024724,131.41147343229449,39.6094210020456,21.93838276438597,0.5842533894608842,7.512405546394015,0.04709808735802575,976.8136863084163,2.8922089480198507,505.47761447525875,1.3650018119070455
296,87.26592918451128,9.578914105065278,131.0737943188201,34.94851384897778,21.91210129730903,0.543858463587702,7.529137895533234,0.04800484300207584,976.6873059445751,2.6890636266665617,505.48396251405944,1.3590353328540434
297,87.15114579979891,9.606344690742542,131.06290573007416,34.84511704721838,21.859699449919134,0.5200410454151642,7.542411883110336,0.04998103234913997,976.5555186812988,2.546878654212892,505.47096071833977,1.370711290999566
298,87.04231830145123,9.701197618966082,130.86368883346984,33.831016224309685,21.790531719198725,0.5417200475156765,7.549982476018982,0.05126096617726354,976.4286689708548,2.3770577749480006,505.50136717825694,1.3510129809964413
299,86.86738855461107,8.766164831711343,130.69534322659726,35.426052022155,21.768024561311112,0.5560586078213441,7.559841457492313,0.05389033553101515,976.3040337080146,2.2925466289021648,505.5442529210852,1.3865006199096046
300,86.75186486548843,8.820675291677912,130.41048087999022,34.83017463121707,21.747597502290727,0.5395971824679979,7.572329119212307,0.06028519770485388,976.1733337558771,2.2058450925692226,505.6013223001005,1.3851390686093128
301,86.65262801149497,8.485865192999494,130.1182549090108,36.26156091966143,21.729775497093684,0.5404019193706239,7.579265350834148,0.06381019808057714,976.0584445917534,2.1129528007429292,505.675984956089,1.2997874921644568
302,86.52890417847206,7.7019604019217915,130.31157423356615,34.73635863409534,21.723102928646096,0.5414259290141504,7.5870751445962386,0.0691274196822368,975.9431439084958,2.0049086143911263,505.7264278719199,1.30911608848574
303,86.53398508954619,7.693484456737805,130.1047403531079,36.893657614894906,21.692471750667096,0.5288549695089383,7.595859197580251,0.07462218455025356,975.8287372092245,1.9324001904576147,505.72753511864437,1.3102290310899318
304,86.37700349562822,7.793287643028948,130.07477604764367,37.31005625388669,21.655943118226727,0.535357246263539,7.60576552203254,0.07897122309717658,975.7151617440392,1.8776553090258583,505.7864740646738,1.1062641343876276
305,86.37719990240898,7.793722782908402,130.0174028145103,37.4256755082156,21.613098989813363,0.5577437007301649,7.6146893250359575,0.08360770258128034,975.5876198363671,1.8062321252214921,505.7792391037229,1.102718302196194
306,86.25378929738359,8.306731562843117,129.9683574205562,36.99659798532343,21.57836782348235,0.5841551401785579,7.621728648052369,0.08681712106167552,975.4704907145303,1.8257480582672023,505.790253318793,1.1014118429403026
307,86.19725383284907,8.303586120966582,130.10738526240397,38.61559077231679,21.51844494949889,0.5264669079931006,7.629247284825165,0.09046238013729399,975.3655548230736,1.8449115398251068,505.799875212029,1.090601461302853
308,86.14459799940734,8.220856872129204,129.73673734553944,40.54872962650183,21.480529033715406,0.4826878443437724,7.637702068287935,0.09368568982849741,975.2590386888504,1.8889908167409424,505.8422505200093,1.0798409348528057
309,86.15165540385414,8.236254040576762,129.8617160275888,39.255975327591344,21.454988919671887,0.48746258174788026,7.646151432283374,0.09634337363557167,975.1624102894472,1.932329900914852,505.84044143838247,1.0806718744098271
310,86.09218488862798,8.172432532836039,129.59154239832895,38.458246205967846,21.40855848258147,0.5267808425346031,7.656280651537528,0.10110837894763663,975.0690880442978,1.9698349565297228,505.79548581330675,1.1119298800364703
311,85.90788444056588,8.116107436683787,129.37151166527497,38.828456270249326,21.37838355240533,0.5110908087467544,7.663498724804307,0.10301771840342558,974.974916850136,2.047020389598838,505.83150845865833,1.15366253202586
312,85.81093600148677,7.844499344551011,129.30069111293315,39.50872848922465,21.352165218856616,0.47825156280935893,7.66951578128604,0.10432243186899808,974.8774298659624,2.1504776058225583,505.86593322324995,1.1567606400539128
313,85.58361343192225,6.635921685221078,129.0122081853374,41.847350467404,21.30364432044766,0.4993429117457209,7.671635507780107,0.10437279091521451,974.775623966367,2.237751470534827,505.7974584995928,1.098342157266521
314,85.50812084043926,6.427587284580607,128.7938100436657,37.875869182939965,21.280331929700242,0.48813353983456054,7.672702462535439,0.10450226417067253,974.6763093620002,2.3060297940494676,505.8027866302278,1.0951004290824198
315,85.38074403743276,6.206865653889475,128.27476346522522,40.065891526663385,21.245991411292668,0.5449657330199658,7.675652251434488,0.10432698962410127,974.5757018135301,2.3603491019645784,505.8536385443786,1.0024654846635037
316,85.27754233296704,5.62762008843235,127.929373224556,37.55114130508679,21.19045882396339,0.5040476751150463,7.677870988501041,0.10398477064748612,974.4780723959594,2.4235991179879464,505.8670302726552,1.0058802466973047
317,85.21698625147084,5.76538049528384,127.93909633966744,37.60991725539489,21.15704867287294,0.5293855821873743,7.682859106838788,0.10286363936530478,974.3784943142828,2.4554631771083755,505.9409034649754,1.1109815683309865
318,85.09723414690879,5.228134773517889,127.68843363150613,36.01283134476838,21.12666214664583,0.495333810612393,7.6887594927485745,0.1020542214699819,974.2749654304552,2.5153762002072395,505.94878981747473,1.0991029247209063
319,85.00484851971862,5.524555189570023,127.33224791913517,34.95171108620438,21.116638338510178,0.48447686220576713,7.698645223412289,0.10111647412364307,974.1674602957635,2.5363408734552757,505.922809044667,1.0950824819732332
320,84.92931166201114,5.275470753224688,127.21713037598727,35.94866184706818,21.088669144614332,0.44577922132757547,7.7125135460144785,0.10522476543812981,974.0640854850391,2.566093304769545,505.9506925775766,1.1543114979862472
321,84.70215187514887,5.821235976132553,127.02107585762796,33.80103014718091,21.086141612836403,0.44566898019223755,7.726065330965356,0.10778064189299937,973.9567723287054,2.563981172647633,506.0022784885152,1.046278237659977
322,84.70470392310713,5.815108567385687,126.73078703844796,32.65767973514549,21.057630810746897,0.4638171812947452,7.73942015062897,0.10850065034866407,973.8490850383403,2.5888019229294743,506.0803419138167,0.9863244760810473
323,84.63349933814705,5.821826837189908,126.64320524511233,32.9596729273097,21.039585356371926,0.45686970547146594,7.7544507697562075,0.10791140574499766,973.7408522877683,2.620211952734848,506.09221276247195,0.9818256932513929
324,84.54283127413446,5.818756098063598,126.54606128748107,32.6017226794151,21.0261448709801,0.45962210106575235,7.7691534926586,0.10769620121887194,973.6359176968,2.6762610438423775,506.11714305258494,1.03137559795437
325,84.40258949192176,6.77337616770778,126.35489869699626,30.364557254507385,20.99503041091261,0.48256461304984727,7.78986186228125,0.10804817607026981,973.5341483334735,2.7072027067444004,506.1765228629517,0.8610395972004129
326,84.27227344734794,6.818773327175597,126.15818848861772,30.957954424816247,20.968429765446853,0.4465636946489386,7.811799699369881,0.10887338611062863,973.4346956472627,2.758600931980498,506.1744414980941,0.8598720382817816
327,84.15650647461554,6.129434221278862,125.7882618105836,31.71592527581083,20.943071798795295,0.4300060491454969,7.832081648154413,0.10698130373131082,973.3328542373954,2.829700500667243,506.1243873026193,0.7977587850851773
328,84.06667600352648,6.457001733134312,125.59178339608356,33.0564039674607,20.902517483720967,0.39773843116105634,7.851406300088335,0.1017890759557946,973.2341035573132,2.900273062926972,506.1552297757334,0.8846451717373844
329,83.8666902570667,6.540272899978447,125.69773785751703,33.26456217903431,20.886469222744093,0.38761104829953114,7.871655717229139,0.0978041883671428,973.1276023079795,2.9400419332084327,506.17602597898184,0.8483148297215024
330,83.71134200400928,6.673896073108085,125.68455857840449,33.338906139284006,20.866214513798685,0.384309640016608,7.892415718764502,0.09185299249534587,973.0148432714803,2.9863079491189177,506.15765258275127,0.8626124802943419
331,83.72162968439716,6.673428647084242,125.44954618430062,35.15025599833116,20.868267297670787,0.38448647042681516,7.915438308758966,0.0886890710015761,972.9046376420988,3.0072518581018928,506.20540515091795,0.9472118813497724
332,83.66627072765061,6.660128828878131,125.17588410886032,35.74739148708681,20.853921388625604,0.3614638685403934,7.94058175305169,0.08443551281628182,972.8030627604578,3.037419893971643,506.202956395367,0.9414186924188309
333,83.62358815435064,6.510532626276774,125.3332974222834,35.301207475608486,20.830281820395633,0.36440379016817703,7.965123694856682,0.07506172144744581,972.7033536004644,3.071488626723449,506.23195012576065,1.0186647882604285
334,83.49991466187095,5.92638816200952,125.01633779709702,32.019448992466124,20.803264342900786,0.3628269766282673,7.986802249193765,0.06416634673576743,972.5936486532578,3.0868996367220096,506.25567529162595,0.9766945704816736
335,83.34626615118735,5.92121883420152,124.61082148407678,33.050344521107526,20.78207250074036,0.3718070816620854,8.007556757021899,0.055700426504683875,972.4976236048835,3.0499661726030376,506.27604592864975,0.9988691191106591
336,83.36105313816479,5.957622967603825,124.31972443646625,33.63211869904769,20.73220426364298,0.2919352117328524,8.021914866999941,0.053307271343568004,972.3988717346192,2.990888272951958,506.3404648932421,1.0257852799288387
337,83.23632632127772,6.002801156527246,124.22570138631298,32.58078652066264,20.7231953308204,0.283738518731624,8.039232462174134,0.051626839139876195,972.299777336044,2.901589477279798,506.3168600559565,1.0324210996664671
338,83.2320426922883,6.034378583305185,124.1077352144984,33.182754934981226,20.698743555302904,0.3022401073825595,8.055684152757085,0.05166556449043531,972.1990205578039,2.8169624894675116,506.34847744378703,1.0302833148795834
339,83.12384236535165,5.781157612279009,124.34063782509855,34.08822995168055,20.67593833779466,0.3281229351372966,8.073663924064244,0.05121380268886772,972.0997641490409,2.737206792898791,506.36021255986896,1.0226794391254552
340,83.09013107629112,5.806540032283643,124.36883333261466,34.428813465906586,20.652620589955838,0.31526569423810363,8.087672537336763,0.0500144784303993,971.9928259224622,2.6585703242952223,506.3689695623809,1.019581672851665
341,83.08600606379885,5.809064748163077,124.29281401764405,33.44457749510105,20.63968617771889,0.31844408876970626,8.09812257767754,0.04995193523709815,971.8763018036439,2.5440067111890796,506.3835807886671,0.9975384883446311
342,83.00646444571566,5.934023394916346,124.27326811396614,33.44654318774426,20.62633744307898,0.3182738293126915,8.108220922202342,0.04996990526349038,971.7599795718661,2.4161337583994387,506.4099863345743,1.0090027040314284
343,83.03523172647535,5.933646948613644,124.3540667677859,33.44903884477041,20.60256437490568,0.3571397209918866,8.113147436726742,0.04941900754638761,971.6468352775056,2.2596669412355097,506.4160676105758,1.0097575494969502
344,82.94080673463536,6.138346304509576,124.28759301357087,33.69635315107124,20.598124578869218,0.35290711182054013,8.11843030304173,0.049456790493999224,971.5380269137298,2.1463550348337765,506.42319146055297,1.0004568693059115
345,82.77981358674755,6.205320359436726,124.12323732946133,33.42715295739372,20.580739104727304,0.34855724765999885,8.125398108219457,0.050176515315867906,971.4305868171045,2.027058996169416,506.46721332711536,1.070321373238172
346,82.70666305408089,6.810087279314342,123.83162569722634,34.44107407964408,20.56806088090096,0.31932008461278566,8.132161059350462,0.05025834167012357,971.3286795752224,1.9331993695793994,506.50313269671454,1.0403948925868902
347,82.62767497474789,6.877794061846533,123.53661137703706,31.798201478371396,20.559295907365016,0.31903810761041873,8.142162285497024,0.05134915320761572,971.2398865740357,1.869543397136927,506.5164104989294,1.000684973743595
348,82.5960263449861,6.842534954601043,123.25742945188253,32.88039046260055,20.559304291220506,0.31902755512205877,8.157258174050856,0.05276605894947881,971.1460539599944,1.785657777287392,506.52340092520325,0.9947465665517592
349,82.53375283149607,6.705402884924838,123.23553747780441,32.96373829868707,20.546439786054226,0.3182411964106551,8.171326304720594,0.05619637126591754,971.0601331191056,1.7275106939461962,506.49345654401577,1.0104284526276959
350,82.48465609575175,6.710041770057304,123.04022383776625,34.38449844720328,20.53088170197906,0.29555830604795685,8.181530134562214,0.060525098994840605,970.9795699613801,1.6843843469481092,506.4812438317966,1.0055642101547775
351,82.35956418638432,6.627046372700906,122.95602954037705,35.165339033582484,20.500561940227172,0.2957256842706205,8.196545107465031,0.06618048101636052,970.9046063418829,1.5583742953044188,506.4898535852857,1.0174204618052223
352,82.28790894189984,6.263336736962724,122.4896830779123,38.21039032684363,20.47884891028578,0.27570114419478015,8.206503656945669,0.06942140249688296,970.8287572613027,1.4322899047567916,506.50205015276725,1.0388729583751297
353,82.1841749830811,6.0491660314349165,122.42466193860069,38.7618945745893,20.462327335063133,0.2669522899586271,8.216700801810816,0.07276999584393094,970.7595361940147,1.317630041017596,506.53527974245486,1.0767993205092241
354,82.1646925322002,6.066742572132859,122.31287346051778,39.362383189500115,20.456594386207684,0.2661217772616463,8.226489316444203,0.07450208941847516,970.6896027491208,1.218318304401587,506.5537803119365,1.0561376567269853
355,81.9769836144528,5.797036465312302,122.13937475099712,38.98680711502009,20.44300454499779,0.27949410326762075,8.234665847772957,0.07553240176488871,970.6260150308153,1.1547643060388655,506.5718865763606,1.04623291023698
356,81.8865883355825,6.35016929443231,122.00636968634744,36.90879289574552,20.443783876579133,0.27938423513313,8.245348610972068,0.07650602043174216,970.5706670324051,1.094091271636812,506.6031133847158,1.058669471280888
357,81.83166901991585,6.170024375944297,121.6248615521436,30.78414988469892,20.440325801404416,0.27942972113630127,8.253954200236215,0.07679595516956104,970.5100142977109,1.013821433067646,506.6535380707355,1.0707486141449896
358,81.82675354863001,6.133185561534008,121.7630241861828,30.744776011020218,20.434872426029465,0.2733817385315404,8.260086511365603,0.07589412687901949,970.4516722765948,0.9534286015646986,506.65888530143377,1.0732965918869437
359,81.70297804726908,5.4930026267254455,121.70938618403727,30.221742300849144,20.43894848434275,0.2767311053334801,8.271346919854837,0.07642451869070231,970.3804111348632,0.8985032866912115,506.7039776991127,1.0748548284495114
360,81.6403369086811,5.247127107924902,121.76788988302631,30.716402198075293,20.446536282915428,0.2705837984904899,8.27904515153314,0.07724481947499907,970.3045420243345,0.8448431150953831,506.7497783356853,0.9600270222011654
361,81.64875786325747,5.248987478898,121.61936725477725,31.39850879005804,20.431816875755906,0.2679787366518374,8.288555437591924,0.07576808895631042,970.2382314718785,0.7992439371833955,506.7056336536743,1.0095401568442617
362,81.56055273585277,5.06921348709359,121.44856113336283,32.42517977927517,20.39650053010784,0.266069611436025,8.301589917958513,0.0745437138115518,970.1680904759298,0.7974825919933318,506.73356069776054,1.0512607192547834
363,81.45065259336245,5.435646048871176,121.48143810983166,32.245970506343134,20.397156954981007,0.26542854973478897,8.317379822582675,0.06875857133411115,970.0992023420523,0.7967130798381324,506.7993453549464,0.9728601041697439
364,81.38407654261734,5.173550639894996,121.1335488687842,30.57838717715634,20.374272700421876,0.2660372969401946,8.330368385097985,0.06237412375928401,970.028532884638,0.7858062138915887,506.83036735155423,0.947276123873208
365,81.38697863523014,5.184188414593889,121.24366358108784,29.467109112014466,20.392638929180816,0.2536463928310322,8.342515899622317,0.05459109511928578,969.9492952451794,0.805792771683274,506.8558004578413,0.9472574562646789
366,81.30242304227804,4.832030184517797,121.09044349722599,30.080803875213736,20.392298368181713,0.2537923654082376,8.355244197154331,0.04487549786572283,969.8721226165254,0.8170258755780092,506.8990024400301,0.9933443621664498
367,81.24517094151518,4.842131020626403,120.7477458473441,28.924854906614673,20.38347495208309,0.26534533113599496,8.365265178693488,0.036392538196955,969.7933118396672,0.8203955629897989,506.8767484043537,0.9477596419079384
368,81.1788779497298,4.640241405136463,120.69151735514534,28.632941151830593,20.356701399128134,0.27125357573820963,8.372396865319859,0.030215066084409894,969.725568294543,0.8201312220854216,506.8580883152117,1.021256278626087
369,81.15693071044979,4.664757620655582,120.87798877126696,30.133274749657165,20.354396578748872,0.2666034244648599,8.376268466400376,0.02718749168590439,969.6563192878497,0.8178897878347514,506.85791307248184,1.0217928345616538
370,81.11950708883374,4.4646073168793965,120.85086476779009,30.210180491770384,20.328643253138537,0.2615565372980172,8.376221656307477,0.027204684593976413,969.5866275481087,0.8141053544673899,506.87926830119153,1.0801913811340584
371,81.17293909306187,4.262771657740303,120.72758588487547,29.275744425164127,20.314619614687846,0.2508709086152289,8.381458205742296,0.026163489948660645,969.5175897619521,0.8057657526551272,506.9148093837947,1.0969786746246353
372,81.13406235935614,4.146511877127423,120.7035920809291,29.264324219799935,20.313977205833833,0.2512421238600869,8.39026208118461,0.024856702224673594,969.4507074778604,0.8137368888360522,506.93407114559085,1.1431154298967785
373,81.12649445500492,4.122985290635291,120.64428805985328,29.185494867236272,20.295811596097472,0.2502379576812297,8.398601240392987,0.023453320651126427,969.3881183633824,0.8184876444394233,506.98912710685033,1.211896005857766
374,81.1126638655789,4.098352302606447,120.66791666820696,29.470300122195823,20.295633160287515,0.2501300493267504,8.403945090876393,0.021866754830372277,969.3205441312483,0.8516393279863277,507.01333439004725,1.2764049685042758
375,81.16657869876724,3.8606324986079468,120.49220532620004,28.59783446456234,20.29366913028737,0.25202325971998263,8.40722494573447,0.021745980370848683,969.2491258774394,0.8776516925633794,507.01070924288797,1.2809691278943733
376,81.09200133745095,4.177950203696975,120.17112674836504,34.16624059709724,20.27105420123838,0.24592471579212954,8.407415050326328,0.02173245620739745,969.1817262001221,0.8990477122829931,507.02918262226376,1.274944777317941
377,81.02885398145042,3.971905685969282,120.16897363981406,34.18602642512306,20.271967834704586,0.24665763637922825,8.408754975699946,0.02148276771230127,969.1228807914471,0.9143940724306622,507.05223393838105,1.2298622808606285
378,81.0684954493493,3.9736371792470777,120.23097514382157,34.03229922622485,20.262149567920353,0.2509396657010336,8.415328164553012,0.020751576751291797,969.0624684816955,0.9314637448809338,507.0409507990989,1.2076971432218715
379,81.0331575809277,4.202342612878044,120.03525740086836,32.34264930983377,20.23205564541749,0.2630352999538957,8.423947465952951,0.02193336988791214,968.9989660074011,0.9681305143162869,507.0489408821782,1.1911352325270181
380,81.06441127368721,4.152361772376099,119.96056126202379,32.23102026418371,20.211815917109945,0.2745218615878492,8.433338660944134,0.023211837513222453,968.9377218735191,1.0241566083653417,507.095352130037,1.1356629086865841
381,80.99005533285066,3.9907085231298427,119.99160986825711,32.02288144297171,20.197806590704968,0.262921980658672,8.442351953066732,0.026884103154072855,968.8653300318117,1.1127766016504683,507.04850955241614,1.1356206977240477
382,80.85530216108225,4.503268548974341,120.05273187016854,31.886648455642867,20.165112600844903,0.24357253788919603,8.452717390183814,0.032919395449201444,968.7817600296074,1.2396407007290056,507.04839975964234,1.1355644593981329
383,80.78729835543314,4.257088063825991,120.10302522257084,32.808401041400025,20.172741701659614,0.24687288990724932,8.466486754372047,0.04033455964991001,968.702824612603,1.339940599088279,507.0658892304562,1.1936674683768291
384,80.79165120807394,4.275775726837903,120.02499116804343,32.75913395407645,20.16973240641132,0.24734292682138112,8.482065072143135,0.04627469587752435,968.6329721978942,1.4222189035016344,507.086520280503,1.1688131625097156
385,80.80579732060984,4.251331581461808,120.37413111398098,34.15493919676255,20.176484488682174,0.24804468927042012,8.49584175563989,0.05110022325345182,968.5542700561075,1.4587912057528192,507.0805741746372,1.1678870459975834
386,80.62930385317573,4.32344907835384,120.49889207566535,33.87258886012594,20.174411663621807,0.24775713233761468,8.510390385131743,0.055631583695613156,968.4719641961404,1.5088755360319246,507.0750998239315,1.1577341325865358
387,80.64903720424245,4.3176980615850304,120.28600433723226,33.139864000411535,20.16640468451996,0.23831681038367525,8.52009359106119,0.058469355705149266,968.3852795903035,1.558800485613682,507.1216026541024,1.1259424897251153
388,80.70836957135235,4.3563960322800686,120.40096644533328,33.43259862085173,20.191099313177013,0.24675971304545677,8.528163712231558,0.06073439747369223,968.2959816385433,1.6373539357933415,507.14135783513257,1.1441806245451396
389,80.64794870850079,4.426558280380162,119.92156861960892,33.622838633565905,20.206041668830846,0.23871134610422745,8.536791434267716,0.06399307052129057,968.2104326811068,1.695006652980657,507.1545302921332,1.1310509184957929
390,80.60685414104668,4.406388347144742,119.70409896605784,31.080249326151247,20.204775581022396,0.23841560485179883,8.546617666215145,0.0658557284683406,968.1365502598471,1.7383400017846062,507.1703771276732,1.1195343798537054
391,80.54515762555353,4.3350445424988475,119.58466076874092,29.582609968587178,20.21254919190026,0.24139912388089885,8.560487447845306,0.0699432922012022,968.0676321549555,1.7836047287025956,507.20817546362645,1.1008666954708604
392,80.55018716485168,4.333668896776977,119.56767646301108,29.452824261529518,20.201600717073905,0.2453147356323926,8.574943909434769,0.07437458653473941,967.9954572054623,1.840634258030988,507.23933171362756,1.1533117549480218
393,80.46712059881096,4.139004946864343,119.50986984849995,28.81992086563065,20.223545749294768,0.22538910109001156,8.594714748859612,0.0779452574601849,967.9185620052347,1.8919453889078521,507.2494866221844,1.145754518406858
394,80.53665952809808,4.252783463067314,119.57178167904048,29.179125799955866,20.196222904945163,0.22184672930471505,8.612813320562832,0.08164125377957732,967.8380827472973,1.9753483241941308,507.28406349319977,1.1143984843889296
395,80.62434263568505,4.2963056562972755,119.5904176923991,29.246972326353614,20.184234710914524,0.2270466732551128,8.630468336388338,0.08763882207422975,967.759253776889,2.0440448606587083,507.23696694631815,1.125406560164575
396,80.67076627122746,4.047746942298121,119.77070722442835,29.17710372779572,20.153006733972152,0.19912568715999368,8.64692363808217,0.09020680721392092,967.6756249502334,2.133630651031798,507.2472225912298,1.1251806552677757
397,80.72768060874989,4.163443939613772,119.70924716845957,29.249610910813868,20.15990072698786,0.2044187808513419,8.66168817983354,0.09489057705595927,967.5897748537459,2.197266908875651,507.3026080351708,1.0670818439557612
398,80.6233874028473,4.358478622007473,119.94586723423225,29.542264827108426,20.161200065291006,0.20392740708649884,8.675037361190817,0.1013871547715278,967.50142190398,2.281871359652276,507.3537276499699,1.0908922220669486
399,80.5587911984118,4.374155340192334,119.89343409362652,29.584729144789243,20.14987675927392,0.20802713251019123,8.689905352366884,0.11123957828132358,967.4079923149081,2.3779257365512065,507.3876196578404,1.0203299279636504
400,80.56923623261315,4.394035027579368,120.12650347909401,29.826085931481007,20.14205174142835,0.19968288690174624,8.700881166104017,0.1161315810006045,967.3066316354158,2.5068511343368116,507.42358965803163,1.0108486387217182
401,80.59124965352738,4.375615989671917,120.20968601763552,29.53076177981845,20.132506828702546,0.21177725240505246,8.708522401045458,0.11980092210596924,967.196155500512,2.534274933635619,507.44199129343855,1.0259758459327397
402,80.54823769179109,4.254965853299828,120.48739901478096,26.390325375611955,20.108018956275842,0.22845321051302453,8.715583847084897,0.12087364646512244,967.0802796517493,2.5934257733831045,507.41377658259626,1.0530692523433811
403,80.56258549072918,4.268366047754963,120.65635818389444,26.50328759872593,20.101524875700573,0.2277918747654283,8.720816468953977,0.1213013874450734,966.9588141665994,2.638272122701269,507.391742827378,1.0550900978997346
404,80.53138314656744,4.273570802244255,120.88353071373008,27.361589869966085,20.09365857069589,0.22630093038590368,8.727523350048518,0.12125370479544995,966.8391711890654,2.691498600298689,507.43427614664915,1.0646496546250444
405,80.6336892332332,4.285529881875515,120.92510420403936,27.283905885212317,20.11428583870212,0.22796819179353067,8.736735897937448,0.12115817814678756,966.7203459668938,2.7381879503119824,507.4626186066882,1.0650867881599833
406,80.7426760536641,3.9986186406607165,120.83634185669435,26.685482054396648,20.121361859892712,0.2345080998025695,8.749542024583628,0.1245230200762671,966.5959333391975,2.742420856189016,507.4757326588489,1.0763808230536782
407,80.71222550447821,3.96103914554947,120.59408175989087,29.962151577531237,20.11651642888442,0.23342941988880297,8.766657773092367,0.12980074004172304,966.4709486018994,2.7387363242946923,507.4598963092383,1.0717721779474845
408,80.65811023729928,3.5921098029417022,120.42716485748079,29.851502146245892,20.100906313242916,0.22241544865273466,8.785858841765567,0.13144796818567478,966.3532587805754,2.696663948039924,507.45374953411715,1.079137178683718
409,80.66954606332709,3.6114080924063487,120.19408427906488,30.310198371234616,20.077895548407287,0.20941750168860657,8.802060657501892,0.13744570604953993,966.2429394195814,2.7065469938071276,507.47049324324684,1.105863742760247
410,80.63746320073503,3.5738663237155515,120.02949920920747,29.262948552035308,20.075893653103176,0.2089741492176567,8.821921653691916,0.145730519026086,966.1344117861812,2.73081152749327,507.50505235112666,1.107246728352652
411,80.60590779445496,3.5382697522886764,120.07233107299824,28.97886535341716,20.051203277314382,0.23532208341354535,8.84327082424851,0.1521180447530039,966.0233505919578,2.7092416845883354,507.5292333305775,1.0165375326824755
412,80.57206491408695,3.609881626100586,120.13247487331441,28.453495898200345,20.059809555542802,0.23035834992820597,8.862104460653068,0.15953851710486586,965.9199307189244,2.7293340076282213,507.5291432260308,1.0164238263440888
413,80.62616560471892,3.3755624232975485,120.06392411469989,28.760713515079985,20.064827003391926,0.23033608263354913,8.881682989660417,0.16522326809832125,965.8109980593657,2.7675414244762857,507.57350370516593,1.1417908347182208
414,80.60718571630171,3.3526775705058602,120.24590369030929,28.520656272910603,20.065735766569905,0.22988728641571118,8.904767299012429,0.1695392936785825,965.7034078709183,2.7838340236502823,507.6074553972319,1.1725977556298943
415,80.56856570729998,3.218624760089987,120.11711953624742,29.67832677539932,20.05408676494779,0.2260622935656286,8.930509812378268,0.17227675262207578,965.608141831579,2.813589734628625,507.6060593940557,1.1730624411204325
416,80.53087025793597,3.2355903930856202,120.13229607304092,29.542935109939666,20.052912643916887,0.22584405994904333,8.957398750613324,0.17344758935179838,965.5132527222612,2.8180156883063767,507.606275997601,1.1734511867570483
417,80.56261656895164,3.2357821301745937,120.28890464724346,28.810735699236886,20.06789715465899,0.22094890135238907,8.98990396639504,0.1757669719476599,965.4260810359432,2.7837629093413043,507.622339069901,1.1774669539965483
418,80.54635460038098,3.2329307171956034,120.38376585619392,29.564394471323798,20.090514315291635,0.22458805100398815,9.026082312648951,0.17718090664108907,965.3252211829554,2.7486439149970296,507.7331309191432,1.0786611088792866
419,80.5438901961834,3.2356207643209074,120.13971966448224,28.057214795948344,20.075172957687855,0.19890964426277308,9.0599166157175,0.16964090035560953,965.2275305656066,2.6974186413186643,507.77123735861517,0.9661942905898868
420,80.5368038944483,3.205167618784115,120.30731185391282,29.002331999862662,20.094526224592606,0.2065203878972286,9.088210632498596,0.15973159659014813,965.1241847308664,2.666565772370568,507.7904629677589,1.0227814504286148
421,80.56092196810151,3.238892136535825,120.04597793827041,31.82293057582382,20.100078352230035,0.21089306192521978,9.113194917845156,0.15648008292162202,965.024209404328,2.60295399904265,507.77473400612246,1.027879319955117
422,80.55366762422337,3.22544554049559,120.08131112020087,31.90720033300851,20.10794014898555,0.21261989595330694,9.135758369224307,0.15522916447137006,964.9273419981405,2.532531060985377,507.7787021802389,1.03518516246379
423,80.55709535292563,3.2393989930731077,120.15902626346059,32.17133311515248,20.140025321247304,0.24902590332948393,9.155277343951571,0.14976807262943942,964.8269422289264,2.4443522340987758,507.7818860460671,1.0433036970392187
424,80.50640009631948,3.2551869053452,119.96299411279439,31.294719945711968,20.128755492898332,0.24508259175822963,9.17381738876711,0.1379760110826111,964.7298248241874,2.4010924751358025,507.79640395200926,1.0873313416174366
425,80.48662567975934,3.2819782434753937,119.90739550050263,31.601632065867214,20.13212654286686,0.24320480822378815,9.190456047715445,0.12790343626161368,964.6330598611552,2.3575795145955656,507.85996655060916,1.0685666495823156
426,80.56299908104388,3.0582334108572056,120.29370196935183,26.369809134364402,20.14191314329725,0.24234141810500265,9.209655009361846,0.11446934326180244,964.5393735111015,2.2722086453957933,507.8535262960661,1.0777113666007685
427,80.57177691804677,3.0713577196240434,120.42964936933986,25.99537501099929,20.13619321478481,0.23760928025240433,9.230180528240242,0.0995357407601303,964.4403391751688,2.15343497000702,507.8912613235989,1.0568922593667198
428,80.59701825988824,3.1799341242930965,120.39163159846939,26.05946087353934,20.150387563468115,0.23817320802790454,9.246262566234714,0.08922006130130025,964.3364569678108,2.056238807365057,507.91822936176135,1.0842207280176304
429,80.66927135605346,2.9099876720187265,120.42927363900746,26.05953675406457,20.16420938373263,0.22367598417576023,9.257821599705157,0.08306872218933403,964.2349455784356,1.9864776990382351,507.9870611716565,1.0838234449767932
430,80.66278300032148,2.907097259258988,120.44988507647012,26.01488518794772,20.204700879608495,0.24563124595873495,9.268018889898556,0.07728625424449549,964.1259960905979,1.9676270185222382,507.9836011767805,1.0868249427995014
431,80.74181616579997,3.1501882704828397,120.68583069694704,27.362326084266332,20.206078522131158,0.24588246892875648,9.276748547588014,0.0738776783026277,964.0243030020466,1.9936917126195919,508.0192790425452,0.9988545742417523
432,80.8263018107525,2.636053605726636,120.80709136976928,28.041170670532633,20.213763616667727,0.24017848546720513,9.280036354794476,0.0725073780311961,963.926585780575,2.0790304168226803,508.0169609322412,1.0025416653894057
433,80.89214415408077,2.8620526194912954,120.6848202130198,26.415971390473896,20.215751005409054,0.24182743517741606,9.282048182402717,0.07183800384175014,963.8216509246505,2.154241970686888,508.0077955692688,0.9860677180659607
434,80.87708046136191,2.808537805013166,120.9720317918906,29.21445762092325,20.23747480010566,0.2567215827308078,9.286641332912227,0.07072307516286046,963.7132864943535,2.183468616674393,508.0468585770595,0.9821553769626619
435,80.88601177265421,2.8021110050923155,120.92702995128303,28.405120278781453,20.257269966182406,0.28259040340410774,9.291642715814616,0.0690990978334544,963.6020898029988,2.1923727984425896,508.0878119473862,0.979456795919269
436,80.96780793231774,2.3385417449082655,121.07410145591162,29.942714923575714,20.24139022307879,0.2973268037627929,9.296875887028722,0.06756138578002603,963.489263604244,2.2405042880983865,508.09998692642694,0.9809531658003707
437,80.9898725258516,2.363869875515086,121.3710728574499,31.735726837127764,20.25043683003679,0.3070786965964687,9.305506880194377,0.06431524438380105,963.3793852101563,2.2857981986122202,508.11409370484245,0.9858923467062937
438,81.01729334860391,2.4849434274503546,121.34258898673326,31.596427597770894,20.261469914416235,0.32922409337364467,9.313776142846915,0.060273432795111735,963.2719519229878,2.3591074247789656,508.12572066763147,0.9917888402584099
439,81.09736045102198,2.410266593141741,121.54005405196956,28.161816855661375,20.26250049554651,0.32937548600111644,9.320645609517602,0.057298090376782504,963.1628613998994,2.3948189458250466,508.1569796478641,0.9681194206294337
440,81.19149554638244,2.6118861399823587,121.44094872841613,28.94315320868395,20.267983253473805,0.33116623282351565,9.326174746887933,0.05385719395565877,963.0429588762948,2.4098522676990886,508.15231401436597,0.9782958905595475
441,81.29097734619745,2.783648836435848,121.54272906792501,29.743940173254245,20.260661422394136,0.32901903868238586,9.329586831295106,0.05247931302684478,962.920360075389,2.4071796257364886,508.1518257416865,0.9785669727305045
442,81.37005984591555,2.975049995228685,121.4746435636485,29.787698874195588,20.274320033653595,0.3243387084932455,9.332832238767136,0.051348394829047184,962.7966488738806,2.4352773219135617,508.1629181086651,1.0000139524413547
443,81.47176207635547,3.120740412663595,121.82724146715518,37.43147665053071,20.27219003023349,0.32438311656787633,9.336844607354298,0.05080030959649724,962.6686030205435,2.4943647545540237,508.18864346606193,0.9790650730064202
444,81.45073417590206,3.0754597021877124,121.75611669599232,37.37896860578951,20.305019044031322,0.3325878173128805,9.343038719254778,0.05043630713347455,962.542853209188,2.594690867984919,508.2025788208281,0.9745037492575969
445,81.48460678588512,3.2410164976913007,121.71241650254441,37.46778440452982,20.326131480653437,0.32785774660515576,9.350332173328233,0.05140566008253083,962.4149782346196,2.6664216794020152,508.28662245417553,0.9444987939043985
446,81.65090197624122,3.8431548817713743,121.80734790919699,38.36116862772299,20.31576035398972,0.3438206666579463,9.362341428236574,0.05313209171436247,962.29173485076,2.750082715230002,508.336864343679,0.988793306747334
447,81.69420750050224,4.0665981686850055,122.03454620994418,39.003078613468865,20.312274755505793,0.3416591693167907,9.372056403701368,0.05421339022775489,962.1744856330916,2.759918482584715,508.3382345065732,0.9883522000115894
448,81.80409049326084,3.6516888842117257,122.1898995549027,41.577729366203485,20.32232080533323,0.3404614933641732,9.381696565662276,0.0562729549367627,962.0586365147769,2.7942536677349055,508.37065869387317,1.0737500572395262
449,81.87405139420191,3.4756756372015394,122.30615461803279,41.30970987340828,20.354550954873012,0.35114110601996407,9.390119389542317,0.059771644216182286,961.9416368854647,2.8682561695185536,508.4024798827693,1.0482130212294738
450,81.91565913715127,3.552359440873527,122.40358979380454,42.587330378151734,20.362467994462428,0.35618650913181193,9.401308716793356,0.06142045816325427,961.8358929118467,2.9399728571059263,508.43505455157066,1.086192136899789
451,82.00620528810722,3.741454531562587,122.48837890059588,42.61877979188739,20.394500162827363,0.33658133548431934,9.416307499596362,0.06439552510664108,961.7254190696902,2.979347970276713,508.4489406191842,1.0918824141507573
452,82.07204715760699,3.805392789760049,122.62207323975515,43.31111942328977,20.436460046026756,0.3201312390530411,9.434648909403744,0.06424892895155329,961.6211860823602,3.040597595142727,508.4919949880059,0.991528926289924
453,82.0783660699443,3.798358300181146,122.61530575611968,43.27886222644089,20.46670196007595,0.33844837964862334,9.45594871624999,0.0632172854851894,961.5168816503694,3.1203475076203486,508.5531833738498,0.9683142402213127
454,82.19501425997245,3.9089848499341597,122.7607314018085,46.023606910952275,20.489509215549912,0.34244580789762524,9.479669645599808,0.06387432274267846,961.4122319078394,3.2038264180461415,508.5451016923722,0.9710308789000323
455,82.25063754281264,4.177477655466623,123.08999871736147,50.28013377338947,20.49029479845043,0.3427488139629206,9.50306625502055,0.06630516857498162,961.3106965520944,3.26252072119345,508.5607562757476,0.9711267834261913
456,82.25714698522447,4.177899527121564,123.05783316217222,50.40570260301623,20.481312414913223,0.3420662180325979,9.525597229911181,0.07738597042336441,961.202425196744,3.3580187361724603,508.5788099913436,0.974832682825629
457,82.37029712444706,4.428662190512881,123.55411313024851,47.501228865733445,20.515208396800123,0.37361198435455917,9.55026383377956,0.0983184499434138,961.1009848875599,3.4127644365788194,508.6097030830067,0.9365362679715526
458,82.40991203234043,4.531589466843723,123.66016258451089,46.57202373874149,20.56986919587109,0.4726893832827555,9.575941747031614,0.11808343990727518,960.9955337541364,3.421267611691745,508.631479817926,0.8760888367084064
459,82.48418857266664,4.711441207701833,124.04145043995516,45.950052467490124,20.59786984319044,0.46737850118711893,9.602092745837805,0.14184112036541666,960.8963858027319,3.406788069041931,508.65204687314787,0.8985561464210479
460,82.58830364401676,4.815861686800428,124.36180478052384,47.86057454078711,20.621435256464014,0.47290187421702634,9.630530467146139,0.1771007616001141,960.7964206463139,3.402626505366337,508.6871249214094,0.9399857992373772
461,82.68669287338571,4.8575837415946355,124.45005131888179,47.081125695809085,20.681653783632328,0.4455346642730518,9.657932672687807,0.20806825793700826,960.6919661614943,3.393681456088859,508.74923021230194,0.828196722312571
462,82.79334829603268,4.559913772114872,124.5264280235161,46.26232332383455,20.68895131773845,0.43786760857646834,9.679886987242917,0.22583499294174134,960.588110098951,3.3821285581964706,508.7560026090707,0.8221427347865435
463,82.9156881031594,4.568237117857278,124.7015339809704,44.81577323221385,20.71951308369531,0.45317292958275696,9.704227773040548,0.24670318543101802,960.4935175270398,3.3696470685598383,508.78374561441245,0.9336143510880808
464,83.00400454744862,4.564822861744519,124.88886696682104,46.32443342405222,20.751633678567117,0.4474996167859462,9.72682982444521,0.26568289605798623,960.400196257694,3.329012713905168,508.78713904696093,0.9348836274701317
465,83.09408090091124,4.661529314016966,125.24033357917784,43.65561806532414,20.771190675214836,0.43381340224547416,9.746199475838202,0.2799545590058374,960.2987496005835,3.280269399624515,508.82009315060975,0.8964812179049038
466,83.20103979235182,4.4243007882365895,125.45126453204361,41.95966798650982,20.790087624707883,0.42637060566728846,9.76385985265573,0.2916318083565161,960.1947312213065,3.212675630915436,508.7782621006035,1.0120673822120771
467,83.29785383557086,4.525909080911864,125.64848633449026,42.44892471146862,20.79840277646564,0.4210858592452422,9.774924916931068,0.29904945523095383,960.0841858081479,3.081866821121756,508.7775681698129,1.0129976447134121
468,83.40332224076705,4.422587980077025,125.6525198793915,42.45757774435411,20.82272507933473,0.4469454530435722,9.787380354512925,0.31078897077998463,959.9835894827534,2.98414980281348,508.78786135558585,1.0441955913531362
469,83.47673196878503,4.174472623998803,125.89067122640334,41.178810231478735,20.83005618160576,0.4450956210894346,9.8059823157346,0.3277975326139851,959.8801472072585,2.8631597655799337,508.89624007794475,1.2932638842830397
470,83.56363095548008,4.3733190310802925,125.9738415754106,41.74294663255513,20.847649334814665,0.45810563739730314,9.827721821483825,0.3427240910675899,959.7794784934912,2.7826318410663724,508.91597638755616,1.3452637319939003
471,83.6872546778437,4.701839332340632,126.43022548828458,35.74685440167673,20.848232615120487,0.4578540584550114,9.848337532503045,0.3569827269065189,959.6748269510886,2.6666294001058626,508.9390195323046,1.2925533652393388
472,83.79751525091368,4.76896907326292,126.73623744872292,37.7344915527937,20.883893054517568,0.48941210776358546,9.869547073819602,0.37138329309857293,959.5659694111644,2.540335646907708,508.9618744685837,1.3111634606926326
473,83.85988371171072,4.81558732832719,126.72429954867457,37.8148967464888,20.882678631423914,0.48800324617553276,9.89760158618196,0.3893717702157439,959.4636192261493,2.389117476068431,508.96120470083457,1.3109843221140693
474,84.0182970910344,4.535296116191573,127.05841682309011,37.005483052112524,20.923996888915596,0.5009648945188172,9.92733554621956,0.39830853932484256,959.3593073923513,2.272149050012651,508.9509714565271,1.302084131968143
475,84.13187442872244,4.095502506273941,127.23768445210844,34.50817559665854,20.95472698876789,0.48658208044186424,9.957236457807687,0.40482009138123604,959.254868458342,2.151810112846123,508.929577415075,1.310926903370238
476,84.27319589631526,4.190429144106244,127.32852718721952,34.15778378665235,20.974184044189872,0.48103988156611355,9.989119218194244,0.4152993008194898,959.1481941330289,1.9728200145985881,508.99046289077705,1.256514002743986
477,84.41021627576629,4.359122999483665,127.46182532815153,33.708392728556014,20.985661690259192,0.47421077028745606,10.019744864385856,0.4239094273474146,959.039534421198,1.7973441687354212,508.9850785831355,1.2628537604216898
478,84.47687686202795,4.433422239126152,127.64799691488766,32.08740458818492,21.019379293445766,0.498847735831154,10.04991135262971,0.4266983177379034,958.9351885056319,1.6581177010416983,508.9488496066229,1.3217955926664522
479,84.60674450059574,4.25151537606113,127.69139551638025,31.623992569383407,21.05012175152855,0.4814507072759583,10.081524706817788,0.42701263123952243,958.8366393944073,1.5102910603040947,508.93894619424924,1.3121118920406303
480,84.69144854669184,3.938733863049494,127.85717588509925,30.35985900505149,21.058629953397357,0.492229367502956,10.110577403859567,0.41932017832832613,958.7474393230414,1.415725627275667,508.93038153504295,1.3413893454913026
481,84.77322012664479,4.188592907831178,127.91164101278224,30.66464315172745,21.080387819090465,0.483509504329267,10.13938697630593,0.41312066583832735,958.6609960076801,1.3201208830236826,508.95301312965506,1.3094877468478479
482,84.91068178178175,3.770291860932553,127.9841642005234,30.72181590656473,21.115510616856294,0.4704986138019086,10.170750739065102,0.3993839427989543,958.5836765629842,1.2334500229870442,509.01428615047024,1.2755961650639116
483,84.8728214759393,3.897864761628761,128.26760069075178,32.55094768532909,21.14084808489266,0.47961263817499517,10.203347598029746,0.38582482897236825,958.510144411925,1.1562671440026058,509.05693874721635,1.3360652973473486
484,84.98249342350184,3.9119475925032043,128.22526339033783,32.250418991296044,21.138532207565877,0.48004711674758505,10.232516990474132,0.3734150258383247,958.4382603152216,1.0601923267278512,509.0842913073559,1.3677733605589688
485,85.1157871228238,3.6495593611527513,128.2820333869868,32.459252675421816,21.142062603774065,0.4824287533928211,10.263294780978194,0.35938347518283803,958.3710223064564,0.9568732889678362,509.0925954899028,1.370790704429631
486,85.22685745559015,3.1509300973887004,128.336228292569,32.77401654623717,21.20851994609121,0.4666632867162802,10.294173399263174,0.34516283970355066,958.3062468309436,0.8831129259116403,509.10704045238475,1.3625306509116506
487,85.38194387952521,3.361622941417337,128.32675207930257,32.71528472943868,21.219660724104816,0.4681345262023372,10.321858910191045,0.32916159860665073,958.2388607352981,0.8104774122747752,509.1107812466622,1.359598185787298
488,85.4483014127174,3.3746857544239415,128.55361545558313,32.84143018753991,21.23836371126139,0.4969089424739596,10.348971787041137,0.30809543214126056,958.1740998748568,0.747041718980627,509.1626252624335,1.4461963995717015
489,85.53043277763138,3.2348796013817736,128.78863125811347,30.47179921873183,21.27508625753873,0.4984879766744448,10.378746713406679,0.287266951710731,958.1158203060116,0.6604799725946492,509.16211256449986,1.4468486680879247
490,85.64971806780068,3.7069935972936374,129.01700167528742,26.722889929338876,21.31027948973535,0.5092254844181412,10.413037475109327,0.26053964292668363,958.0615432724121,0.5942062247396983,509.22131063743507,1.357143080390363
491,85.74317543430917,3.9385943311381872,129.10402790461373,26.901685929968504,21.354121906658417,0.5082263498726748,10.442895966184357,0.2321317131844754,958.0045550538784,0.5395886254785845,509.27232274541876,1.346348076540247
492,85.7857346877316,3.9206187475590824,129.40877973773206,25.567007648026536,21.38818982582899,0.5027749401501892,10.4715578926034,0.202938488432579,957.9461817806322,0.5134119325761775,509.2418723784348,1.3858879139543057
493,85.8662150738327,4.060463436827942,129.26354497301384,23.159874336722233,21.421674341631384,0.4783086813460825,10.498518705196846,0.17857450723911403,957.8887195421074,0.5191159496494192,509.2224661301453,1.437272153254898
494,85.9720674144263,3.783490188232304,129.43153303538395,21.523693275411503,21.433649432505035,0.48083828892693625,10.524789607072732,0.1577249313112782,957.8387025119571,0.5235141108719019,509.2643181934943,1.4532030569532168
495,86.00739778824169,3.754861865943146,129.7231767123894,19.95216723523537,21.46042297175763,0.4784291031022438,10.549247157068084,0.14118198026532452,957.7910739504193,0.5233609121352704,509.2299001758799,1.4487642698429304
496,85.98680527539175,3.713363280657791,129.88885991909083,20.99378730540099,21.532228225025825,0.4207329246507172,10.572005572626665,0.12888982692895187,957.7434624543246,0.525101091263278,509.23459464467146,1.4572421093722463
497,86.09389664567288,4.133068911500515,130.0063039857561,21.466879709350483,21.55420483579868,0.39996441111588343,10.595492348721143,0.11297786402910047,957.6877351535201,0.5078149940480364,509.2517008092807,1.4362455330248576
498,86.19743399635828,3.940529994724945,129.9340972338237,21.12185031387109,21.587743775958014,0.38473712395044357,10.618368089316727,0.09839012042928871,957.6335997022936,0.5010697218873075,509.2472407164091,1.4262819988454745
499,86.30204787127339,3.667448945410109,130.14664658471665,20.817383413758886,21.594029328566744,0.38310551894258116,10.637935982719048,0.08485477075090514,957.5791836371667,0.5234550829248986,509.2792268670325,1.447515958836123
500,86.41014182911591,3.708123504433493,130.38224042248237,24.106700296551434,21.619108495610877,0.37743020153205337,10.658017021338974,0.06853180070251698,957.5190332902458,0.5406439394598911,509.3033377064086,1.5024256049421554
501,86.60462930665804,5.138080890241686,130.4774368739536,23.46510189902454,21.649268521889635,0.3773808188074548,10.671462231121234,0.05624896233309181,957.4534016017546,0.5785289125690806,509.33290008462603,1.5272147815218182
502,86.73973378698669,5.37697776286837,130.71657732559484,25.327745673281672,21.68747872602744,0.420991714363561,10.683010937563594,0.04426607487826946,957.390158366938,0.6073520652922938,509.3701966973953,1.5261168176713513
503,86.94134349233853,5.330646200867269,130.69919355146402,25.553287491184697,21.722854482438926,0.4703476010823843,10.691520322440061,0.0352275472326806,957.3303282182892,0.6402247075753814,509.40895957640095,1.6404980178160173
504,86.99852424955243,5.327983804121109,130.64018160920668,25.140580882164123,21.733354388389586,0.46324543256592676,10.696162357460887,0.030458702038854327,957.2727824674947,0.6734318954113749,509.427470448799,1.6112940913356124
505,87.10441631922464,5.668235025065898,130.55863444680338,24.332877503076606,21.75615243882211,0.4410865013339063,10.701406724256737,0.02574431081692277,957.2118143237609,0.7016358575781785,509.4516730400394,1.6168650579830577
506,87.26653884971444,5.441915447398578,130.9753100249062,24.33867527078472,21.801144550116593,0.4084566381698404,10.699878273665687,0.027055235319095264,957.1627169344289,0.7314064602477282,509.4899488205576,1.6643420443309487
507,87.32805672385015,5.50080433361895,131.21579409466116,28.14804195018898,21.82608033580727,0.4395738248785448,10.692235644330301,0.031994949408453655,957.0992606698134,0.7788229508787183,509.4644710560801,1.734795625874733
508,87.44345591274437,5.536793922472127,131.61231745566695,28.52354418973887,21.80820164106438,0.4201218942399822,10.685845508411,0.03547140494687232,957.032994298375,0.8261990120767352,509.5421735935168,1.7735071250709427
509,87.5280916715894,5.557617819687498,131.7408206040389,29.603942517438696,21.835514628172312,0.42301561924497244,10.67489107663876,0.04142438467257292,956.965974748116,0.8448212565985997,509.54872714802303,1.7776479129045217
510,87.64388105171915,5.779580953353427,131.87793373644973,31.49307839629579,21.875179857287932,0.45943638517444857,10.661737225295052,0.043098407743020914,956.9047273838173,0.8571784860320013,509.55890355364755,1.79479944513202
511,87.75523837857149,5.868073088810067,132.03498033800358,29.65140629490569,21.904393987981145,0.5056356244743574,10.650175801134466,0.044560141972338534,956.8450164230715,0.8806793881355331,509.5657657967868,1.7947719228689616
512,87.87798480674836,5.6904388872418314,132.44396176230623,28.924954232566698,21.951373202966433,0.46723978024931945,10.645567434600903,0.045959354822677566,956.7824692854136,0.9163283676038249,509.60979448426804,1.7944881713140117
513,87.98134049154747,5.817119171356425,132.58189394580134,27.764949438010866,21.954923993552466,0.46614765368637473,10.637142770592604,0.04821683521346957,956.7113122011064,0.9577392982708282,509.5917599610802,1.7436737732976173
514,88.14819485620629,6.244608837247289,132.59104893985915,27.784886315207512,21.994968643390415,0.5052289221073983,10.62797061751062,0.051395468937588146,956.6362353024883,0.9919855671343976,509.59390711835715,1.7415459083816378
515,88.22358551099627,6.171663663534472,132.7841305178665,28.679352463239688,22.026967950627593,0.4854052701194663,10.620918424163262,0.05454677454568592,956.5622873370006,1.0522331887296668,509.6100844655627,1.7368873216455842
516,88.34815217215518,6.060580494533095,132.88766646944515,27.925404016688105,22.07126123623992,0.49609784028522996,10.616914879633285,0.05616839313081329,956.4866592698849,1.121761571744462,509.69865580482076,1.5487840374759205
517,88.48170755827798,6.362583994267383,133.14162983437888,30.53263381559377,22.10933764685548,0.4613093875952409,10.617595386276564,0.055854882389489165,956.409632475127,1.1874974461952235,509.77289886441196,1.5827217417527335
518,88.5946387921458,6.314733898670396,133.37563415141804,30.24323196104475,22.13320631467707,0.4815264736541144,10.615672841809321,0.056287744063273686,956.3311818265128,1.2414072631113313,509.7621790851179,1.5720092332331195
519,88.82258882027735,6.5981691863334655,133.43814767653714,29.892421741970242,22.181009677443676,0.47411248786322124,10.61040517013271,0.056663712380345586,956.2521433898511,1.2976518772191046,509.6905082773254,1.4024144330881714
520,88.98536931236231,7.255746145970264,133.74158595301842,33.19384730771547,22.224228174452477,0.5198779419105147,10.6040581739144,0.05755913165943146,956.1758461487096,1.3624835255518386,509.69186519883056,1.4052757928222108
521,89.129294830045,8.007383397239295,133.87565639830638,33.390033974663694,22.261100712057413,0.46948495631089027,10.60010239732409,0.0576289550983916,956.0985944311797,1.4278324607188693,509.72669590539675,1.3728765733381965
522,89.27860746773742,8.411469065897766,133.89947714810353,33.59052572515743,22.27321267450705,0.4750922117500956,10.59504799790777,0.05765021250474306,956.0212764784247,1.5107424004878898,509.7532349717028,1.418606312852566
523,89.46473995498212,8.80493317350269,134.20800744716297,31.569995495238242,22.326455556425973,0.5242729848841016,10.583567020338855,0.057116186322596185,955.9312280061723,1.6113521976119898,509.7661071435144,1.4090962959692748
524,89.5903183681338,8.970073097604509,134.03305696192677,33.15420809193935,22.353288725107404,0.5473257209617479,10.572284938029538,0.058425995141279885,955.8497348925064,1.7069299942484095,509.7660667403296,1.409149122794302
525,89.73578022418282,8.670433759505025,134.46541769621547,34.35733866837332,22.382230781510728,0.537524884342078,10.559927125895477,0.06040664330772112,955.7677106026792,1.807136355081926,509.8435007575645,1.4619242009176334
526,89.82575490992672,8.768360724551153,134.72229271859564,34.091133925706195,22.431127162152073,0.550201975190245,10.544388736491019,0.06070212221854279,955.680356401795,1.9053721492903972,509.84365349376486,1.4619879414553074
527,89.87103319577123,8.736393008328706,134.96819310594515,34.28080261229536,22.47031226168662,0.510555095885775,10.529373991870825,0.060837489821039654,955.596250946793,2.0035973324978222,509.87092128485784,1.4119387184316012
528,90.0018391182835,8.733702772230787,135.29429115786056,34.92235105392782,22.497672852225666,0.5330867487505381,10.51329375837998,0.06375979073271998,955.5085489959889,2.131112194005394,509.92326697502955,1.270455207633494
529,90.12928168366332,8.791613094878647,135.61610365470648,32.369219748012995,22.530580300427392,0.5219776409059552,10.495911644909459,0.0665349644890427,955.4182974290977,2.234719414089279,509.97967070463625,1.3434423378222473
530,90.30759082092258,8.499257601595119,135.76672686284303,31.21850076123895,22.57632117058725,0.5665900176527278,10.481380517256932,0.07125894404147197,955.3248614064102,2.3540827955704247,510.09673160145235,1.3276394438415717
531,90.53047999452902,10.058139303167998,135.865085379853,30.94372100515185,22.611283105692063,0.5449939085896393,10.465702778616091,0.07528096814977714,955.2243161694412,2.498365987896801,510.1171087647242,1.2951727952520464
532,90.65638656654335,9.888970901107522,136.18546848950132,32.33743233634126,22.621522691836475,0.533168028715383,10.448973249743496,0.0804372089027568,955.1171092875998,2.6323245882338178,510.12123084809804,1.297093573807293
533,90.89561573906647,8.667868793278156,136.25762825104655,32.920072501886665,22.65175124879417,0.536681244484943,10.43591649894595,0.07965687542061622,955.008920723257,2.752611473121694,510.12504166339403,1.3030722045560967
534,91.12425629716898,9.805684219758668,136.59055294003412,34.66300845320367,22.6995583024228,0.48881433929879653,10.42353654602677,0.0796701005097374,954.8946278863804,2.863895036162016,510.09503693654665,1.335997981275397
535,91.2487254130757,9.638579688402018,136.92972106126837,36.87415941128601,22.741016762961397,0.47826270798373116,10.409060862690533,0.07920423279440174,954.7770308239399,2.935682693277848,510.1094460713949,1.3281193444970207
536,91.39614741980701,9.070382776327872,137.22359131750133,38.54143676166819,22.76806783471237,0.5137171767431254,10.39196762497312,0.07930215304897638,954.6642570368001,2.996160266248396,510.1781397949578,1.4338650336094292
537,91.49837396551486,9.269756730033913,137.58681259703948,40.62206034540758,22.801803753469525,0.487264143858668,10.378761389102252,0.07926358696984628,954.5512414807465,3.069289511721265,510.2101749918115,1.3962749882031766
538,91.637368028558,9.008079276690339,137.6930172985073,40.49189046884116,22.82253588403885,0.4938891998478678,10.363733810301111,0.08277268184856706,954.4341992568919,3.1532120780534245,510.2257324684589,1.4414317912115946
539,91.86019411574487,9.24929148839009,138.03104869554488,40.62618545894512,22.856885852387332,0.5089538699488949,10.34268964591694,0.08766238188692022,954.3078059268315,3.1828952982297327,510.2695620020813,1.3854597767528902
540,91.97254530487557,9.571204497717412,138.32779051593423,38.087168330974066,22.88299165225326,0.5145330339526273,10.319662855250403,0.08933565151529019,954.1788914218595,3.218715614020165,510.24452957067496,1.434181720700887
541,92.06368400917506,9.479605266587114,138.45324199917127,37.31619210697596,22.91525648537963,0.535906257790621,10.301026647482358,0.091922515368926,954.0437936377482,3.3319845335262337,510.2725103162931,1.4832580071093888
542,92.26712241246288,9.289466713486762,138.68938777180327,38.30971314848124,22.95851908306749,0.5614332386414845,10.28308351555392,0.0943371953776472,953.9086595673677,3.50264176687899,510.3252615897452,1.362626469600882
543,92.42746217732059,9.40419876691287,138.97783342428124,39.60720380924198,23.002567436547682,0.561853980253527,10.26856772277515,0.09204031243134894,953.7798547505777,3.6688060183150655,510.4222140603243,1.2636272167935407
544,92.5565199956887,8.88211249998749,139.2623928008957,37.73060904307979,23.059370866512744,0.5873184851801866,10.251946613758362,0.08852072890637484,953.6455500714754,3.805884889283273,510.4344409451354,1.2724494351277484
545,92.77778147608038,8.58423564259543,139.48200037013993,37.88570916494693,23.091676909950127,0.5744230862342324,10.2341697123665,0.08382098221520558,953.5069260767258,3.923598628483192,510.48368003871497,1.1942466407998125
546,93.00458942034258,8.236508068588453,139.71607098677356,39.45320305939143,23.111993381487867,0.5870198826393321,10.215553786067211,0.07718494870328149,953.3709974220811,4.000746905682626,510.50692004909223,1.2094337793690133
547,93.07750718281632,8.150183490808317,139.8670100488516,39.095710124759314,23.179215554187056,0.609589782940838,10.197741090962392,0.07038757379770708,953.2322995252855,4.084159851171228,510.552040516859,1.178852580587129
548,93.21540256042512,7.622190698377558,140.25217864770937,39.155486495311344,23.213839004242303,0.599417405849554,10.179333647724574,0.06221204792443527,953.0967464273401,4.135342300703037,510.532014493136,1.2119602600502974
549,93.39580409139491,7.17687167384756,140.38767286809767,38.52492227321526,23.2924573560265,0.6528685284511621,10.162537571604647,0.05578247902067768,952.9629805809864,4.225318379813535,510.5651781121841,1.2572162499616455
550,93.53549526763545,6.968604986001712,140.4926853787277,39.635206902479005,23.347024817612073,0.671478088323227,10.143863315967563,0.050765325973857925,952.822263801712,4.370405039012749,510.56442928043884,1.2565645415883924
551,93.61264729547278,7.492451070330489,140.71074845420608,37.12398456580239,23.379244559409457,0.6602830903061075,10.130735663319514,0.04841465182461702,952.6869064823203,4.5295019690979945,510.5761209360093,1.2610999074541756
552,93.73306683132151,7.554838587544521,140.97158540617474,40.35614928313803,23.410454310110516,0.696478786229567,10.121680291620414,0.04647532178790735,952.5467040997995,4.673848509601406,510.6000037175758,1.2746763407033415
553,93.85003386003439,7.769867104476176,141.50081186226723,35.93911777439047,23.437797073987483,0.7262013087800806,10.113441800234238,0.04553366156866569,952.4037763676907,4.806032160149691,510.6033059140462,1.283339136753599
554,94.00285045714634,7.230521399408091,141.99348380719906,39.147427179762694,23.480738639358407,0.6625282446674764,10.106775436866158,0.045129070562531626,952.2628860452678,4.885228538305018,510.6639600396727,1.2821819927659508
555,94.18133714399923,7.829110361251125,142.1807794527176,37.62204202025148,23.550914988229337,0.6735592811992124,10.101761253562698,0.043493952532808286,952.1247160097406,4.92939555116481,510.6962395576983,1.3009115681283794
556,94.30920118721096,7.700161630124903,142.37753424713472,39.160099436009354,23.600500735625527,0.6950149175410801,10.09838543063888,0.04309644485390756,951.9796829207497,4.933927477870296,510.66312013368724,1.332825697784833
557,94.45450482806228,7.27167671170087,142.4371979849413,39.641510657945844,23.647463464041575,0.7523823490115935,10.096698155616412,0.042929224092801546,951.8418100752901,4.984329473228219,510.7349070138921,1.1249263228454989
558,94.62409140720541,7.3145644264858625,142.41873539254203,39.682895815425695,23.713864172234068,0.7364793876247135,10.093920994380222,0.042373952919927724,951.7048564425514,5.022906624332071,510.70569811782525,1.1106509581777053
559,94.85191160488492,7.630598216028341,142.61858449199664,40.28914058701855,23.76105179387188,0.7363666503997819,10.097002088098183,0.04313977463648021,951.5596004761289,5.045372285317562,510.7326168314347,1.109151225884451
560,95.0242803255263,7.908903802378563,142.8096670748187,41.86901629789476,23.801575116963093,0.7800877993401069,10.101260715419475,0.04561188490832826,951.4081309819584,5.0346452202203915,510.74007341432457,1.1104318018795147
561,95.17022180901307,7.7373976491028085,143.3829294709145,43.47379476456384,23.81681072944041,0.7790531394788129,10.106754537567861,0.04940494468527037,951.2481674021386,5.079694186979254,510.81066722989533,1.2143632713268304
562,95.33981057280785,7.446973389487009,143.48458202809476,43.61926242981759,23.87993891852527,0.8346728965937709,10.11795509545864,0.06201232909597543,951.0942867380523,5.094597569114206,510.79460839765693,1.2313649600065453
563,95.45620127945922,7.120579723113337,143.88419203295882,42.10744222422404,23.947729074735022,0.7893126499148313,10.131101884062266,0.07552344193389746,950.9457673731656,5.109816372411683,510.80951239522756,1.2344396403849565
564,95.65934735703269,8.369476289332054,144.23120563933907,41.04520037068527,23.958107971897665,0.7842466510376236,10.13683768477403,0.07836637767729256,950.7916247694768,5.156664083262963,510.85426972960164,1.1840152468247405
565,95.92880511725316,8.66583510402878,144.417095634705,41.08605571607671,23.992847901328332,0.7417373869701079,10.141836080741726,0.0805575511410609,950.6331697468668,5.260930176119878,510.8737478330997,1.1636732734367345
566,96.12373428410457,8.590263851474795,144.77393167473087,38.305288019853954,24.030893893248457,0.758354441858404,10.14430894079391,0.08176422925602002,950.4795129774825,5.328184381214884,510.88324015386047,1.167292572950371
567,96.27200231709178,8.702422450462468,144.96968299431126,40.06949829046044,24.07160467977472,0.7218844193700225,10.148319012290928,0.08473054994631621,950.3269932013638,5.3630289783569545,510.9166681354069,1.2867864290590851
568,96.41320451042765,8.224435024389066,145.20355230135385,39.71766993302407,24.116474436814975,0.7366025882756664,10.151161240445116,0.08693218847821343,950.173826990539,5.365261846932436,510.9514470633312,1.2814367020573814
569,96.51969548487205,8.487937084983647,145.55461594066261,36.577784569346306,24.144258461352734,0.7275546620761825,10.1570933988319,0.09226569761677783,950.0151346950613,5.395956138471127,511.0275141012851,1.2824080314428885
570,96.67227470991014,9.164086514749119,145.59779872770645,36.75495858391705,24.15949076596525,0.728514952711808,10.166173365227063,0.1005079814903756,949.8565210217149,5.399507479652733,511.03106133753363,1.2810888428930045
571,96.81648041409187,9.774816269468262,145.71908381954935,35.5795056487735,24.209021878224362,0.6829085062125534,10.17373970280086,0.10844088160542777,949.6985621454904,5.3785821085992245,511.072536753536,1.2903438571734807
572,96.93585203991728,9.865193109324201,146.0742916255105,36.73267594289407,24.29143605450499,0.7849889927582183,10.182820371905752,0.1180384279176875,949.5434582797826,5.345997399263532,511.06027991379017,1.2934721820247943
573,97.09264731597042,10.494430325361472,146.29039166727887,35.75281849795188,24.30531346443387,0.7887297371301532,10.19555110942821,0.12983794126932144,949.3943986271386,5.351427103388149,511.0777648312755,1.2609131879055218
574,97.30201221806874,11.070461148963082,146.95146239970404,29.298016819236565,24.356575998081095,0.828723464173885,10.212478996425414,0.14566616583037928,949.2399473254806,5.319903271774836,511.0893618994926,1.2214066937937458
575,97.49022423837674,10.916595397643762,147.19807639167703,32.07235351574024,24.398648932805386,0.7943430230920143,10.230313641294126,0.1603377377347866,949.078361372467,5.332864595209708,511.05666484843255,1.209118371530371
576,97.71418634321721,11.172684621862988,147.68167252699777,37.16290637707201,24.43162696930116,0.8054775527391351,10.248069432392764,0.17334960064758045,948.9123260613508,5.386093023553167,511.0872619238804,1.193185910428599
577,98.00678801820453,11.225802218763956,147.95762728929128,37.41628924442674,24.484001395449095,0.7826165678062508,10.266791778412664,0.18739988562639717,948.7491328616131,5.368492791505111,511.15630598593054,1.2275556604326539
578,98.26206317799468,11.978061631784056,148.19259406476905,38.39775639732148,24.522598318914742,0.7852277086842903,10.288640539696335,0.20072236800659118,948.5910095582335,5.360664559188365,511.1876661115987,1.195129800634003
579,98.41446930663344,11.650285542997436,148.53041016164835,38.18882515386021,24.57121383502696,0.7693410765748028,10.31104155658502,0.2122429995430467,948.4308604414421,5.318189192104799,511.18411262379976,1.1899018105108778
580,98.60396899504626,11.689358911240607,148.91598617593078,35.536798181053605,24.603402616624848,0.795111467348834,10.338528195502029,0.23066763147682645,948.2751842866207,5.265836387373187,511.1811704510374,1.1800402533422958
581,98.69626576959726,12.268684168523881,149.37466091282758,34.81370495464167,24.638293614895144,0.7535700062974707,10.367846986615938,0.2507524385763218,948.1205358083315,5.2678146030524235,511.21050121909764,1.1425131817385354
582,98.88968662174544,11.92339928848483,149.52682256245885,34.975096513635734,24.704800020440924,0.6582345902745397,10.397604526252456,0.26589165793665515,947.9620845014612,5.308017128972833,511.21488437592626,1.1366758425462617
583,99.1134521245019,12.3107337901528,149.83110008981404,34.919165560258904,24.750039205560565,0.6446498692272606,10.423616170388941,0.2863289317950321,947.8048474741267,5.308301321333851,511.21121547650256,1.1390540756284582
584,99.19482713850489,12.650290137536293,149.9676374282288,35.14947707925807,24.80359274237695,0.6383371217235373,10.448457020848602,0.30177532316030753,947.6494853919063,5.30635569601205,511.2909134034614,1.0680744346428597
585,99.38162690453993,12.277507267087566,149.96642457562706,35.15334716226719,24.84456982447497,0.6243199875424155,10.472196605205964,0.31162671669704745,947.488946714453,5.301737065493663,511.32403013922556,1.048812251341472
586,99.53566790091729,11.495292140788319,150.20030518338123,36.56955883729434,24.885645979996426,0.6440057974912456,10.499735342145367,0.3213427618102393,947.321299513049,5.28729129023737,511.30913102097026,1.0206446079932596
587,99.64118461984297,11.066349524701584,150.0479068427699,38.01314009588085,24.93230853560925,0.5965529536991273,10.52403126368488,0.32888710605153854,947.1571325061778,5.246449317347276,511.31781997607715,1.0086542139730212
588,99.82034176928418,10.652602038731935,150.4223040452453,37.11098664755925,24.975937379529405,0.5630436129820932,10.552119715745055,0.33148235749439986,946.9940524025369,5.22557308523595,511.33942077739164,1.06334188617961
589,99.82615335939654,10.630920146201555,150.71914644973288,39.145158415932144,25.020497464167633,0.5656936905164247,10.581686072187042,0.3245740924023431,946.8341289292151,5.165547498916093,511.397732502515,1.1593602407670942
590,100.03545810835776,11.24214534696157,151.07299885641402,38.679811610691914,25.05819242108487,0.529562873106116,10.610739810306864,0.3156819024849262,946.6722141440131,5.138024303858013,511.4637642437641,1.0107978878936306
591,100.28029067883129,11.125748019068334,151.35181949623515,35.42134288032247,25.093280418767517,0.5175183508545755,10.637998905864784,0.306421121445671,946.5224348278505,5.143751411473268,511.48229660990205,1.0413476732285396
592,100.46063936797938,11.46864954708529,151.7086586623267,38.281332337563626,25.1243378764966,0.515946667319657,10.665246582136295,0.2956946933001972,946.3770875951077,5.1747119117918245,511.49637500807256,1.0229526838266048
593,100.66289818441068,11.96443560706048,152.0629500971534,42.05588019964286,25.161157657359805,0.5057407680634417,10.693050273760411,0.2960583552745409,946.2313814364056,5.161293478680498,511.51323773163955,1.064729800121778
594,100.87226959221893,11.196558670211175,152.41212649004314,41.69569194999277,25.192094903482495,0.5226314118849038,10.724457631118469,0.29765556694649276,946.0903475557213,5.112866329485121,511.5407169826022,1.0786129579783166
595,101.02869069052191,11.35587343524545,152.84096407859886,44.586274187791425,25.234025998406857,0.48179580504561453,10.756245499464285,0.29652183808036925,945.9528045097111,5.047070684344668,511.5359925640152,1.0857927051533214
596,101.15922043147515,11.350395196441413,153.2306833016683,48.91241743307626,25.287405049881862,0.4804146801807126,10.787701504246218,0.29321965634316194,945.8132829445307,4.935579876376262,511.55562352294476,1.099473353891678
597,101.42270978379003,11.124637852090485,153.47563741277975,46.50045164657749,25.311074526305912,0.49409340657015083,10.817663136671085,0.2867793691478568,945.671230530303,4.86427888381378,511.57697628357744,1.1122372882812295
598,101.53430718166418,10.22026309941371,153.5512697814803,46.213698567626274,25.363754021144803,0.4830978545188311,10.845796486774582,0.2763060119660297,945.528039838378,4.744092880666783,511.63530315070534,1.0031213845973452
599,101.75776364224276,10.469466557730545,153.9638867602848,44.51671529414725,25.368245508045607,0.48582974245263694,10.873979595730297,0.2638419625886348,945.3872510804383,4.635266045174811,511.6442659031161,1.014656604014883
600,101.87480114062606,9.833412956503194,153.85650920681334,46.34617327676073,25.37125071132446,0.48310922426549663,10.907440583298563,0.24771276949683954,945.2568867929798,4.558561317693573,511.663999037136,1.0070744836146495
601,102.00757626181692,9.889790496530987,154.20257101033852,42.83784172147134,25.430117482011713,0.4914417701560977,10.933206693186516,0.22776654292310777,945.12233469546,4.492301152748895,511.679799388787,0.9998435433703781
602,102.14764783116108,9.421375201067958,154.24918442786242,42.87336212184276,25.467537348301768,0.5090094724918964,10.959057591397507,0.21219818818407102,944.9853073259152,4.4565742407090925,511.69644110267217,1.006350807602268
603,102.31384638640102,9.265604237232298,154.4086890565248,42.88504810577275,25.511189881337486,0.5305944307904827,10.988146772801347,0.1956490057815544,944.8463109746085,4.440075374587898,511.6913744662711,1.0048093671490848
604,102.49852576057744,8.597843577944023,154.33157874417103,42.73445256467288,25.580026003994444,0.5280008510366433,11.013057347443343,0.17507747867797804,944.7049967129069,4.374572737807418,511.6773261775766,1.0017967121311995
605,102.60948218191628,8.692377426123635,154.65618627001453,40.349673100828795,25.596259464607556,0.5334656477714194,11.034931641669594,0.15996925745904678,944.5633954925609,4.256468182459442,511.70622684302856,1.049107752631774
606,102.8258670238532,8.533250643271696,154.89638006959598,41.45602596602789,25.61098720336699,0.5272121756553821,11.057439781462877,0.14113103355870027,944.426917865016,4.116101337951677,511.74968856868435,0.9371815637337291
607,103.040053799184,8.092286115473515,155.31678040564302,44.24960387749534,25.646983014100844,0.5762488369294283,11.079203642393953,0.12246284455655339,944.2878899771819,3.9879415759057966,511.76790119769424,0.928674973564436
608,103.24167882788943,8.422556507456513,155.75585573740622,40.94184218710756,25.683965810956412,0.6126596904924254,11.10119760908821,0.10376800275502952,944.150167311618,3.8335309224327276,511.79703722589943,0.8796486143389052
609,103.37898393292957,8.768771094235248,155.8126304729129,40.320382909332075,25.73241507907834,0.6540906480370287,11.12061895203593,0.0906449696829456,944.0127684182206,3.718955824712274,511.79605541192154,0.8805628352443549
610,103.46059493246949,8.545415252051022,156.00723623567663,40.51806013695447,25.779025004402907,0.7237764911536512,11.133583700157773,0.08236490968573684,943.8806533201865,3.588932502266189,511.8508753126551,0.9425365425937742
611,103.74030337754515,9.437180854766641,156.19672715969003,43.393234960598974,25.821416148759294,0.6732847507468149,11.148209897129409,0.0765269214208782,943.7581879295182,3.5114517903821985,511.8013453355735,0.922597537920653
612,103.83989771164414,8.899647464395859,156.47068046581774,41.82298061502252,25.85165255581025,0.7212727083584655,11.154799877312868,0.07595075509202151,943.6338309749996,3.391708599193029,511.8565653751437,0.8588063844448687
613,104.06902082289245,8.295177884502511,156.73562808492653,42.818635482286155,25.882305868984172,0.7325374333505287,11.166593173466287,0.07813884425263568,943.5107311594231,3.239201469249487,511.8737571991601,0.8532061013940719
614,104.18376222992731,8.855064460817935,157.06967316872664,44.64673372855324,25.95207521637068,0.7040974967731444,11.18543277362788,0.07103397530605812,943.4004245170531,3.0922090694584896,511.90107875291756,0.8640456626119074
615,104.29542105886011,9.22452256054309,157.34734188966158,43.97370123184418,26.025882385274745,0.7192492994637486,11.203179890471272,0.06119961988404189,943.3021654987346,2.967716314021798,511.9270088104934,0.841472601520751
616,104.43761375035808,9.19487473336828,157.635849078179,43.63161718877661,26.063712782362234,0.7252710158448703,11.222476480485623,0.04992037717968744,943.1959565740533,2.8384948804944297,511.95732878566923,0.8488028129136467
617,104.65899215190726,9.764761846455274,157.8623106870184,44.59947686561442,26.10551068399216,0.6903311357414783,11.240469645924787,0.04358177013887979,943.0915352883064,2.6841995508825898,511.9401688322991,0.8099480491526175
618,104.91008562654861,9.61448688809356,158.07248154154388,43.51991894579037,26.127032041856907,0.6814711779807984,11.261383496725038,0.03813042162386391,942.9837186335988,2.534341389178734,511.964701861597,0.8294267200580966
619,105.0758665354823,9.442863268502816,158.31676103967717,42.366082237358185,26.154548629013412,0.6372493197511657,11.277668920103503,0.03416182521618293,942.8814756934285,2.4208878439706027,511.98934964544355,0.9067192714728778
620,105.18272017543295,9.469888735954521,158.5203214574973,40.42879355256649,26.22190821782342,0.6454059625338141,11.29167810779217,0.03127373735719219,942.7800686273564,2.29804742778224,511.9814215843872,0.9269090588533555
621,105.28097090517458,9.399540423985215,158.86212924307023,36.100829125587,26.282487189005273,0.6742905758177686,11.308830686642748,0.03132322885976805,942.6796779805537,2.1640889684033477,511.98761058552003,0.9315600835184218
622,105.42925398355132,8.970851858425007,159.0895222851132,37.528603034636504,26.299855279964174,0.7118815761964568,11.32443880808304,0.031219901553717132,942.5785582612594,2.021852070145027,512.0039613048002,0.8997898421597454
623,105.55422303803529,9.106799055057728,159.43423496902497,36.62741534717785,26.34764860640601,0.6775946293051253,11.341259068993015,0.03291117500785392,942.4752090157738,1.892354741345736,512.026919668416,0.860068391208281
624,105.60072501170504,9.046505614549254,159.4361250552201,36.6234628611879,26.382708797283033,0.7138082074426791,11.35201580979437,0.03307937816230661,942.378144640882,1.7531734899096156,512.0635170302917,0.7535607383735369
625,105.75770165973042,9.029219053969074,159.4528186459022,36.614105817799356,26.433002404760547,0.7013385337368256,11.360047583293666,0.03168809255390779,942.288857657217,1.659417542592455,512.0990043586871,0.6989293114577743
626,105.90878331264219,9.555028442215253,159.39206330769824,36.14958584399123,26.46183987631027,0.6824203000735889,11.370775377918068,0.030482929209354043,942.203888573042,1.6044869241337956,512.1403381947252,0.7407197485240844
627,105.97806574850163,9.703931642628703,159.44334285341745,35.8390541478568,26.511532281500568,0.7137486352038862,11.380385774817817,0.029657057396291008,942.1116151691194,1.540618939477456,512.1218693152767,0.7219124348077661
628,106.05793529335105,10.01998727582215,159.64902018357273,36.50720518044511,26.556598619046103,0.7223908118920609,11.39111820567059,0.029772616366220094,942.0145507271269,1.490788605282687,512.1511263731612,0.7245554675189121
629,106.25120840107053,9.929994753902765,159.7607267547436,36.41411074036268,26.60263652306693,0.7386921071944423,11.401012248248346,0.029028638531160958,941.9183017322605,1.4388307125929372,512.1844286535681,0.7573638753411928
630,106.40936683320764,10.243541829201837,160.02108780704341,37.26982341058831,26.64164720608327,0.7496348244407602,11.403223115829855,0.02899957184710305,941.8258835480863,1.3552102057336952,512.1644928838039,0.7541655557249006
631,106.52928770582353,10.381046194381984,160.23876461752718,39.55841032706813,26.696934416597202,0.7070541013890805,11.4041907830072,0.02908313896236939,941.7358515146593,1.30124394027951,512.1750228506417,0.7411786433410072
632,106.75606597694437,11.205109759118448,160.31311312814648,38.85396267634051,26.74068786290612,0.7076638053190025,11.403482232112994,0.02914907376201884,941.6516892343524,1.2741271119136368,512.214561551467,0.6978782549530474
633,106.86157602418511,11.479181640443109,160.42810300791425,38.78355338658478,26.777176956893985,0.6975774562408328,11.401825251128384,0.0291429369340884,941.5607888467086,1.2606022584136745,512.215778395567,0.6944486259509455
634,106.96079642126575,11.236694827451652,160.51636072024175,38.04030571864355,26.81635434923365,0.7168114500567484,11.400119821577377,0.029427853315101542,941.4691363362018,1.252563888956515,512.2535474981287,0.8113539516042161
635,107.10562147276597,11.108947523023678,160.69493014979892,35.209347019214135,26.877212831483213,0.7609737506981419,11.402011093843273,0.02905489345697156,941.3762120144182,1.2859286527209706,512.270779795044,0.8120231238503077
636,107.36374941687286,11.130009469690437,160.90538126115604,36.65183368984427,26.914963399859072,0.7744192033439178,11.401759015559817,0.029086209747113193,941.2896634790435,1.3284055920381992,512.2990892505261,0.8289670713687055
637,107.63324472718155,10.840329654088123,161.4311391342005,29.836668057129216,26.97093528091354,0.7782561417165685,11.402620495826639,0.02889419262036335,941.1962408437288,1.3897162935827294,512.3330181789454,0.7864997827504995
638,107.73103406408961,10.409392918009578,161.5484802710466,29.802673237371668,27.00279138432215,0.7443220114837953,11.40408293613127,0.02865175572176034,941.1041037328754,1.4634794312946466,512.3388836105386,0.7975109844626271
639,107.98719234481067,8.67655434752049,161.57276633553508,29.822307101840483,27.04581335219078,0.76123295037012,11.409482944527829,0.02776779805033997,941.0075237618266,1.5364845993957212,512.3184609919795,0.7644186292716043
640,108.06779163968842,8.772260973333946,161.63305262145633,29.699549178441355,27.09906808117533,0.7363422071575481,11.415827586733764,0.026713133822624396,940.9220374914111,1.5911508879705947,512.346173129633,0.7836245858160639
641,108.2143286181923,9.24120895165144,161.9560060541687,28.86632378870837,27.15320047561023,0.7376581243183886,11.426601217870722,0.026438396361745005,940.8291995472252,1.659824755805867,512.3737543110699,0.8440582589316067
642,108.29155945036484,9.160614389843877,162.0036964125105,29.215813427722427,27.191487846929373,0.709941890988118,11.441046195601553,0.0284200128513841,940.7375446553416,1.727731527819964,512.3626188826428,0.8769081345005827
643,108.45920834485344,10.062219216057692,161.9572610904624,28.94837559953327,27.24319785853693,0.710240433520439,11.449473027437369,0.030931912485390657,940.6420093508267,1.8001538748829131,512.3704664490728,0.8924429172129004
644,108.56060323390915,9.695902955659182,162.1562095498578,30.32009328071695,27.27272473520643,0.6920296268092795,11.45310105671623,0.03210376874332147,940.5438559892141,1.8489294313315727,512.3683775514224,0.8922729337773019
645,108.6947133682618,9.71921273924905,162.22183712060527,31.137357270688533,27.330157599084693,0.6824793562275658,11.454510047635148,0.032388417748726944,940.4388108965663,1.9132561528766256,512.3909007131756,0.8398273478735131
646,108.80932326993042,9.356639254219553,162.13471213076747,30.450717823208116,27.37296414284387,0.708784966050051,11.45993683305316,0.03444152241622726,940.3314754249886,1.9750221144699158,512.3729980628249,0.8563217825790456
647,108.9385604187967,9.835437679378822,162.3724399978264,29.646226574803936,27.401457553172815,0.6796678944914543,11.464338210536829,0.035288508995612575,940.2285448243509,2.062488107717902,512.386019574837,0.8653319456225034
648,109.10499535334792,8.285427528187466,162.76963981044116,30.38017796652105,27.43773393749017,0.6825877754454827,11.470037499943347,0.03561351906533616,940.1161547491755,2.1888595216046234,512.4080361785702,0.8788574825499643
649,109.19983492131826,8.478489832186149,162.98923367181385,32.472223404410705,27.484325963194166,0.6331520858601297,11.476056725309753,0.03592302492311237,940.014021522256,2.2517511412974085,512.4053613747615,0.878743268142701
650,109.41042470879508,7.635646743415706,163.45579649820522,24.206330511677383,27.554125872620208,0.5230488633951662,11.482952244662743,0.038511288738825214,939.910835830642,2.2919302393083534,512.401141177515,0.8834765167899784
651,109.5275571734604,7.3793766691138405,163.86119372174687,27.672858651250937,27.581272858815254,0.5259678721313868,11.49354455314349,0.037683656544172606,939.8119579329681,2.3456543491512845,512.4271116808735,0.8875999156958738
652,109.76233969516586,7.45862776348231,164.12565441660584,26.79997467404514,27.612956349402342,0.5136397368358315,11.504267857011737,0.03913863596941981,939.7206166562255,2.40044524212367,512.4435150184069,0.8966563525992464
653,109.979302055705,8.113806535383047,164.4384688873935,28.007024881736292,27.637514934640595,0.5042020851928674,11.512724230085764,0.04129549697634391,939.6310841121739,2.4762922107018777,512.4825455433718,0.9149010620236917
654,110.12797339694754,7.784478958555994,164.67007275636814,25.47127744182303,27.674426785894514,0.5429877332175688,11.525192128451444,0.041586999957409096,939.5454888452005,2.5214033265647617,512.5292598415153,0.9244515951678234
655,110.29050701200471,7.651629341844216,164.8830667330022,25.278926247244474,27.711897731851895,0.49729942179406184,11.537532894169303,0.041828108480975075,939.4624270100506,2.534565507092234,512.5503537880078,0.9762814034223234
656,110.38517770926879,7.6121923651683545,164.94279013437045,25.23239879453002,27.75984418867415,0.42161748507327457,11.54933861342125,0.040635252431354955,939.3739313770609,2.5424019665732804,512.5953127331915,0.9858010617493393
657,110.46619534575282,7.426774329589314,164.81565960707306,25.02090258365441,27.77263718877779,0.4150900738466857,11.560646553041856,0.03878493427315747,939.2921692435766,2.5496940367813776,512.5858956690711,1.00195968613876
658,110.52131662758521,7.411971338168626,164.97424662730546,25.633088130039866,27.809627350357278,0.43064769768842615,11.570077604632884,0.036744067602819556,939.2065210699013,2.561092886112298,512.615314445364,0.9912263547040293
659,110.59998352999712,7.313158588133454,165.3274770807927,22.403512825056016,27.843703358896615,0.45593878025481477,11.576249921840995,0.034810396798210005,939.1266711763476,2.5786506542181047,512.6727317920202,1.0037814908784841
660,110.85181040924057,7.15321782217125,165.63559078455913,24.60062747956663,27.86562124758578,0.471453299165512,11.582809249841716,0.031098760508815167,939.0467525764958,2.5718986112905986,512.6788669172392,1.0191253758764331
661,110.91248463721715,7.498699965483501,165.6422262457761,24.638558997338937,27.904038425195058,0.42064570789620703,11.58848018032966,0.029560650486659158,938.9699490911601,2.550055335760774,512.7762915776514,1.1171772736877035
662,111.09055039891332,6.439551513655598,165.89497005630164,25.11512852991191,27.911816458895938,0.4151954170485656,11.594401819103407,0.027506365560515854,938.8951306703368,2.5109809247565558,512.8061391875207,1.1536263620736649
663,111.17939627958047,6.344540665880193,165.98981279577671,25.404864968973207,27.953944747286624,0.4094958699299567,11.59640519090324,0.027510955728855313,938.8191669172347,2.457403355736752,512.8018303807669,1.160453331231194
664,111.2452654114551,6.32038474355833,165.97399853071826,25.35457902681868,27.987068344821978,0.4310782543181029,11.599937978094044,0.027167483881882316,938.7394135213608,2.363367469662251,512.7806622239822,1.1844550254674577
665,111.29280198497392,6.1818264006673145,166.23898769853832,27.23695716874422,27.997205948554743,0.4351343840229818,11.605196446025605,0.02604443632284979,938.6548646199011,2.241758393569688,512.8051996750539,1.1822635642980044
666,111.45514526035582,6.348733745390154,166.34204997222255,27.323049584284885,28.031071729458745,0.42829624422133267,11.609655572900142,0.02525162450010629,938.582270312558,2.129669510395378,512.8183783588055,1.1913087009117087
667,111.52334741538114,6.565861758177459,166.43880116886834,27.625772996350722,28.056001071577285,0.3926652716462849,11.613778560388724,0.02525198890653784,938.5097192676426,1.9967858584259817,512.8217591073267,1.1905752312688058
668,111.67873468535672,7.53378498496514,166.55952934149914,26.941758167170473,28.094640688087555,0.340876405516002,11.613981975464021,0.025267455035627936,938.4348510223467,1.8929959250812247,512.8453591415366,1.2248314870825414
669,111.72733086417276,7.3495262407940105,166.60774224666747,26.608087049168642,28.153818880203197,0.26798480329360197,11.615852964320688,0.02522587668687183,938.3650729237139,1.7825135383455164,512.7802118065747,1.2662686655851438
670,111.9094614459194,7.594634510646727,166.9362169830752,26.798535633675186,28.170814080550358,0.2747175484175524,11.62019968379917,0.025443461822083794,938.2965696990073,1.6642742113083566,512.828279988913,1.1619702436671955
671,112.10901782083664,7.723710663442027,167.1689000692047,26.701932675300213,28.189905162850774,0.2862978851839237,11.622982107535783,0.026456788728309942,938.2214142186334,1.5513768139244688,512.8010064361017,1.217018664263711
672,112.30977318133917,7.910159415127668,167.37237492095798,29.00806574668474,28.223310152946073,0.31455118621220235,11.62947281633285,0.029631065798219003,938.1460939444838,1.4401476120650294,512.825851627781,1.1795055126597163
673,112.44963848605032,7.986068206702142,167.56082528096562,30.486185785150788,28.245801824786117,0.2913615731314746,11.632258068043857,0.03100317572691381,938.0803282756128,1.3328055445665434,512.8534092572984,1.1564997038191775
674,112.67953919551037,7.651834330279457,167.7398029756292,28.76284555834174,28.27167500178105,0.2985371125386121,11.63755208284055,0.03230683641966524,938.0072687484102,1.208694552027525,512.9134864591549,1.175210646400143
675,112.81790493206236,7.725278630160277,168.02407380959954,28.07362841803362,28.2932807012424,0.2897789126463037,11.645674234916036,0.0328602624059854,937.929203847923,1.0978116340249444,512.9149033756594,1.173288657165293
676,112.88080108164164,7.730243736278528,168.26625246974672,27.85580460292212,28.334379189840153,0.2529190802797821,11.649233865322921,0.03300625319348397,937.8527746192458,0.9984224200435089,512.9097368850195,1.1668890870890873
677,113.01132995858924,7.47604798033204,168.69443214209633,27.81785031394244,28.356811534560606,0.26450733569571416,11.654834902998672,0.03371179860911513,937.781555937912,0.9123142385378011,512.9268258744082,1.1556349121183505
678,113.1182651165604,7.380531580743116,168.97682880204243,30.413701153586526,28.36984518674902,0.256985110010299,11.659500748627107,0.03484319036132665,937.7213469023153,0.8347370202293367,512.9374802910475,1.160992504853091
679,113.27473330401797,7.851037630614451,169.0497639672894,29.654470265430838,28.386505643261785,0.2550267392014801,11.665112511883676,0.03581160232732821,937.6623472832227,0.7555234743910019,512.9317930688424,1.1562773265120552
680,113.42780966384986,8.391898485675318,169.28993794456542,32.029195343553056,28.409423013087522,0.25080931779422555,11.676096152404911,0.03704297898448027,937.6027274690036,0.6482126593519405,512.9637671661696,1.1305838640553392
681,113.58872960481428,8.570527702694271,169.4652668594142,34.07917535484296,28.442140866751277,0.2552329485734919,11.68538394320812,0.0374537161050957,937.5447658362535,0.5534641955745806,512.9866957679249,1.1037555028023966
682,113.64013632853174,8.755531434772836,169.73046536992285,31.115461773454008,28.47946342738358,0.2774541394493792,11.699722914463594,0.03764235333280756,937.4830170203247,0.4665145491418533,513.0140950140645,1.1222766767299677
683,113.67612269944004,8.605778280788769,169.96601098170072,30.6278948446825,28.495201661971905,0.25952658239269194,11.717295412508793,0.04100792704133592,937.4300432854714,0.3988636555999307,513.092188158886,1.0846217036471384
684,113.8796952289023,8.400369081534544,170.08641499951972,28.548126389235907,28.51181880954872,0.25710802700738195,11.73741489545226,0.043147458066636085,937.375129756115,0.3438155937718574,513.0728509440975,1.0400427258383336
685,114.0428578916352,8.513386185528054,170.43984755647816,25.572315277400165,28.519958375535563,0.26394223028778374,11.756215224873802,0.04602169037923585,937.332089618208,0.3004226156578474,513.1329142795994,1.176190340857644
686,114.11781732272128,8.746144973245519,170.45364917127858,25.55311449848146,28.542696653192298,0.26633220335081803,11.775892456346746,0.04845468639641133,937.287938178675,0.25402408405696203,513.143303481262,1.1848318212318807
687,114.20269985255808,9.03560908100499,170.65636877699956,26.576449677431643,28.564309421799358,0.2823279731361723,11.793395436312267,0.04729163827467977,937.2566811249103,0.2200829562588118,513.1833427182128,1.2165873608728348
688,114.35251962617195,8.251480516104476,170.92452881332028,26.683129581867497,28.59208924530421,0.24704185160203632,11.809822020437277,0.046210117378805614,937.2253227607421,0.1925964400720228,513.1754361373489,1.2161773160804203
689,114.46317948858537,8.09497705785614,171.17888642278743,25.57804642727044,28.61005269908442,0.2521916653255778,11.828506887604933,0.050386739111176325,937.1911271043314,0.17809432309772946,513.1966301795154,1.2142702759095172
690,114.56292852791822,7.8109957604120694,171.47389132338273,24.47089784099853,28.628701338328536,0.25301474249304595,11.851076582024634,0.06025612943311813,937.151804005904,0.1492248808661348,513.199265941135,1.2155217895066004
691,114.63599827590198,7.9004486443779784,171.54292409920797,24.3048766136626,28.652776165067245,0.2752464978650126,11.870264229712655,0.0718893464128665,937.1162757250681,0.1369015435796442,513.1688882843572,1.2043859956656602
692,114.82601857685508,7.7809578147857215,171.61739905444117,23.85570044602382,28.685117199452993,0.26959648976501427,11.884880354399215,0.08232940630128625,937.0820267166065,0.12476871522087389,513.2175723480187,1.0720603504494985
693,114.88954428164705,8.031450754570336,172.08101795030134,27.056512968035367,28.69791886504536,0.2732918790629087,11.902957712801998,0.09561096160788692,937.0483435170823,0.12320997329937564,513.2314037380316,1.090521482476981
694,115.01389386322982,7.379641188621585,172.30271374329848,28.757438695121788,28.744123480773023,0.2853633707722284,11.923198155306714,0.1077218213299899,937.0101044442873,0.13020217517482194,513.2876793505053,1.148453427869469
695,115.19905669050169,7.979785780358572,172.44694829535732,29.099699675828045,28.754007059704026,0.2884657438574682,11.947776143369417,0.12111352926500353,936.9765290594936,0.14853555147326356,513.3410137308756,1.1289436419462429
696,115.35938214722974,7.585858353157822,172.68042267846118,27.73461574591062,28.76024560078604,0.290014913390244,11.967263031160517,0.1333595025435255,936.945986912159,0.16754802090150764,513.3966189227143,1.0726847840042397
697,115.41028959618201,7.565918770793734,173.1243466934863,32.02372523833638,28.80322813362613,0.2805102897309758,11.989797429902294,0.14491623133039294,936.9148854246811,0.19405468582831262,513.3975199988641,1.0720771218706973
698,115.58363876587119,6.665932894889015,173.3602432199075,34.941901177625326,28.82059856191003,0.28009526915155447,12.012386507359677,0.15419379612100342,936.8840977412293,0.247935759510629,513.4216006384745,1.0937458667279358
699,115.67028339945324,6.499723491042005,173.40990368395617,35.03249554768282,28.84895156006696,0.278936509978497,12.034942151734525,0.16289153366082132,936.8420825166095,0.30825295175236705,513.441475088591,1.07046741501519
700,115.78786549917533,6.45634445911004,173.52979831925558,33.988428940240006,28.886623590218584,0.32239810826039117,12.052814380610943,0.17159945259536502,936.8035207751514,0.3550667562863165,513.4632050552802,1.0189845076648076
701,115.87058857319204,6.045109199678704,173.51858391061285,33.89278980985925,28.906280072828313,0.3181467732559766,12.07302830444861,0.17808426969843577,936.7567659725237,0.4338628707007933,513.4629381166404,1.019163496869176
702,115.93230721805202,6.211551755629545,173.64634202284444,33.52753927507594,28.923534244854068,0.3081107831247229,12.091673890672055,0.18635158787651265,936.7099574413742,0.5021407735124662,513.4791588885821,1.0208319585752894
703,115.99534037713266,6.5185589586834505,173.61914814478115,33.54526616302932,28.9515962414064,0.2975092006022071,12.111682842953474,0.196291911407319,936.6676119688372,0.5647935234985179,513.4763434873921,1.0201441600121792
704,116.13430185456802,6.545279074997211,174.00616778883682,34.210597922239224,28.958218420010926,0.3016215557194643,12.131626064393618,0.20520685939490346,936.6158786517449,0.6434405424668598,513.4883572260471,1.0346570408175038
705,116.23505707143762,6.587693258292039,174.2168290819027,34.56052889439451,28.997134991871352,0.3038228571634914,12.154522734707061,0.21823447695869297,936.5606332751448,0.7133005672943122,513.4775199942202,1.023216858464894
706,116.37697716235661,6.513105742831681,174.40897148579919,33.19394126020827,29.012459072365413,0.28941785104267803,12.17625347741705,0.22563842218817526,936.5051458000947,0.7990998866200093,513.4896070370592,1.0384902580434752
707,116.53625724727416,6.140940305700879,174.67181073884228,30.268767323669767,29.075159646620037,0.3354524210639117,12.195822945797397,0.22806307419774652,936.444299889374,0.8923027802980943,513.5360392945602,0.9591172421376991
708,116.71475066887224,5.986863542960842,174.81521876820014,30.14960318500418,29.082376369126884,0.3358003637073719,12.215653468931173,0.22746119392332695,936.3837409436521,1.0016879280238127,513.5552657810753,0.9627392534911653
709,116.83958923759437,5.542446531442316,174.9355689612841,29.568711865206755,29.099950119662996,0.34980277679575184,12.238128145715136,0.22328457468836693,936.3150111086056,1.142656552164439,513.5356570381887,0.9566996640419123
710,116.84269538197246,5.542109739937761,174.90553346382646,29.506982320051215,29.127768923192534,0.36859836843541066,12.266204774731618,0.21847100983523945,936.2440029214903,1.2766397885822995,513.5674104266058,1.040746568446253
711,116.92856853533998,5.621022794732049,175.30133548023358,32.251335273434286,29.15949712445808,0.3586781343828783,12.29154425739757,0.21584031902272255,936.1689096808307,1.4078484138731342,513.5062139083333,0.9671077562747484
712,117.09732301139846,5.533036651401091,175.31418034404163,32.199549316568756,29.204552968053008,0.3314048486343161,12.315691881060934,0.2094125088397841,936.0936771212478,1.514421063952493,513.5582298880421,1.1692225205230533
713,117.20235314569405,5.170368627088839,175.2627647063819,32.90924204489818,29.221187306810677,0.3355730716205552,12.337213008870725,0.20318395401215764,936.013744333681,1.6365022955985373,513.614651103185,1.139743887707605
714,117.39105944316425,5.209001254896431,175.55288873867136,32.31118221869743,29.239749630835234,0.34888703250476066,12.359251249831248,0.19605864793854452,935.9297968169795,1.7576698149559373,513.6350111295973,1.081182687272662
715,117.5651971427596,4.46430431004893,175.70947850132444,33.74782898406624,29.261530810026624,0.3371304898108936,12.37952567907033,0.1864118344058505,935.8403174244281,1.9099390050834997,513.6558813999403,1.0913586644774664
716,117.66410431739352,4.624646940169514,175.91011527238936,33.12647592532639,29.274882645544906,0.3324282534959061,12.403811869843706,0.1788420010621314,935.74192309715,2.0486321488512296,513.6773208450866,1.1065391325703284
717,117.70406632607454,4.467182473318026,175.9144282983174,33.07839812555117,29.293131672814393,0.30034877312604924,12.421953906256936,0.16978960933375448,935.6332156001326,2.2206916669638783,513.7381511925466,1.1824283749760056
718,117.74744670870467,4.635103158837887,176.13977052503233,31.398730111088643,29.325418727019038,0.29260403540581287,12.439942072238264,0.157857862934552,935.5300144470539,2.406406834921921,513.7158212316259,1.189283377558953
719,117.92843068021585,3.8028350655151413,176.37614334815538,28.528072743198393,29.33785053521283,0.29207878050463215,12.457115415633428,0.1449465904044201,935.4208431083065,2.578711873389332,513.7591628346246,1.031704278591711
720,118.0566886544872,4.390461836189516,176.58110000133027,30.16489969457558,29.36206492239974,0.2938931162245741,12.470530513361558,0.13461906988276653,935.3087422505571,2.7396140502448803,513.7953483410502,1.0368832158213321
721,118.1163364564316,4.478079720182764,176.62123109538786,29.924794076907144,29.376122141105768,0.2920914846110652,12.483123912069182,0.12710445113351249,935.2043741330414,2.8992729410540896,513.8648825975788,0.9023612000880528
722,118.17501585332238,4.598392718952575,176.66534639700777,30.138225707826905,29.395953065276927,0.31499419989461747,12.491433958368164,0.12284091568888258,935.1076703818434,3.007672200639321,513.9292775764883,0.9559160213235591
723,118.2064153992846,4.517429829454906,176.78529413204424,30.699917029352356,29.425238875121252,0.2918758515184209,12.502909729979276,0.11655523469397379,935.0031783490859,3.09273355455803,513.9362688904072,0.9468061445768267
724,118.25499194610722,4.575270178551162,176.93321644534663,28.962719671742754,29.435163324117525,0.28902757817761676,12.518824185268182,0.10924475926823937,934.9074723772421,3.1509910122560782,513.9136502383483,0.9446106716983631
725,118.36014162773341,4.7446109309320805,176.98072242784673,28.771860029367268,29.455867308731012,0.276185854040538,12.53761035472855,0.10232422099214467,934.8146518669068,3.2398274434336414,513.9954997342853,1.0075204115866312
726,118.44651944566924,4.430222629340264,177.133050760289,28.93047688260147,29.480206390640742,0.2782853767583136,12.559346135128253,0.09129918550602233,934.7171100005899,3.3566724349719474,514.0173315573795,1.0043786537574437
727,118.5031429757262,4.221732959002098,176.81512785260128,32.681163945346135,29.52375898962093,0.3446243262630226,12.579340685020451,0.08249768460733542,934.617572529496,3.463652221453685,514.0329116857542,0.9848936957778431
728,118.66840413736976,4.507147480807683,176.92970844670924,34.175816133460444,29.567075719012163,0.339662577025333,12.600526270030464,0.07524863254939308,934.5095388292643,3.5489382005197374,514.0694739208277,1.007858805811901
729,118.67727826629036,4.509513891629029,177.10126995498206,31.728258904085802,29.578159233689792,0.32703098160164723,12.621448649324861,0.06667605738365957,934.3978983470073,3.6332369194865275,514.0562290763736,1.0401671952752438
730,118.7275677936925,4.659797506058425,177.0937296609666,31.68620132642699,29.600976796550682,0.32058601006419,12.639336593688329,0.05999309453027469,934.2774724703755,3.7129466030770075,514.0888732183593,1.0466250782856898
731,118.73986661456568,4.650986181186206,176.95804008420006,31.94321484448595,29.605166478672864,0.3189755419774995,12.656753867275693,0.050111132905707075,934.1574060493041,3.784840154600664,514.1092784840089,1.0210627672165542
732,118.78261772015725,4.561170480376893,177.2651316347938,32.768952464805885,29.60589750920285,0.3191222661372997,12.67253084954147,0.04326122228873347,934.0454845906461,3.83950641407871,514.1118506166454,1.0209070875609991
733,118.9214428377648,3.750122316484397,177.3618988067709,32.7350382423118,29.63491304775391,0.28522787856257437,12.682712031277088,0.039491629280112676,933.9366105846879,3.8294964912610525,514.1357206301999,1.081418380274209
734,118.97157670868904,3.8196588475381072,177.68384239865512,29.514380993624656,29.65576578990775,0.273465256850257,12.690862421516798,0.03615532477215135,933.8318620616492,3.825648728041354,514.1634769358793,1.096883613705924
735,119.04590414615734,4.006113714810136,177.83311071912902,29.802713421341366,29.6807299653711,0.2778799275751946,12.703235172740296,0.033731413629779654,933.7266197001213,3.7480435888323838,514.1207656670001,1.0528419568016876
736,119.06965384774975,3.9582169010386155,178.13344351659683,29.57908472076435,29.694012515676675,0.272349503374617,12.7166189971022,0.03218105652780779,933.6202350527412,3.663777623231059,514.14023409451,1.059263342710628
737,119.15158557176458,4.107195524004999,178.05390094990514,29.901427126302146,29.705603527469695,0.273448098230431,12.733588154237912,0.02832954252438431,933.5048087270504,3.528380173713312,514.1464630208407,1.066449525024865
738,119.24456768204742,3.838688278052534,178.06809257662545,29.90093986933345,29.731671172267333,0.2512824790097413,12.74950921019511,0.023016770935339183,933.39222136965,3.385154562430815,514.176425360004,1.0416695199917296
739,119.30493884579158,3.680476067861704,178.28426717693998,31.00827303753828,29.740132220690395,0.24551957978054473,12.762856869481126,0.022290116240036597,933.2811892084219,3.283496809440754,514.1795319373157,1.0389527217070658
740,119.4125118214612,3.4482874326445505,178.2992485911017,30.976027128531992,29.7519354426399,0.23723965279048528,12.769921280311427,0.02270136549109418,933.1677751259408,3.1704780053602213,514.210285835033,1.043373920414901
741,119.52694809513137,3.5457329581042094,178.59151337070432,31.5230001032508,29.751389516058026,0.23731788032836773,12.773752430681036,0.022399439724514515,933.0576575560336,3.0468454981056854,514.2687649772666,1.0226928643168685
742,119.56223125785397,3.58251945025641,178.79958030534337,30.246087145897526,29.769716585788295,0.24066510600722021,12.77756772292151,0.0217196687977157,932.9473466397312,2.8991110002584364,514.3132182330261,1.0135144410726433
743,119.56404492878534,3.57830093768355,178.6183865198469,28.920858055301586,29.782550489928244,0.23274788242693878,12.77696590575453,0.02182585021891512,932.8330504778845,2.782907252208969,514.3118244719575,1.0138645204975936
744,119.65877041548785,3.2397501207215624,178.65592651927784,29.21160544580693,29.79983576139333,0.25550423897402114,12.777365844142725,0.021781051293659523,932.7288002992759,2.656005338324979,514.3030010175422,1.0022886041659835
745,119.6537540472077,3.2239634167194695,178.69614463443682,29.168338655144424,29.80875207377856,0.2476537999183453,12.776604799031327,0.02174857532513,932.6254583153747,2.5240449056583367,514.2676185261073,1.05293673772982
746,119.66755100740075,3.1892647245566934,178.8692450552214,29.550013192931022,29.820004686726094,0.23621069125148292,12.77778606031588,0.021760518766708006,932.5191964329404,2.380091468402284,514.312870992203,1.1549166635140373
747,119.74886899672299,2.988515030232261,178.64573946521435,27.54774978803057,29.814218139951937,0.2387358388320723,12.779523252119152,0.021966007356824562,932.4165125955531,2.233329151955069,514.3380048824766,1.1237333294791845
748,119.77396457194625,2.89390510104093,178.62673067650584,27.31150407615207,29.82834894386331,0.23200073296416437,12.783063022678782,0.02250252124591737,932.323978496096,2.1221636620130195,514.3379010511953,1.1237096072925559
749,119.86197598788874,2.756576879337715,178.7596303751126,27.352131245224463,29.832412330990916,0.23029890547572296,12.78526015362165,0.02271448712330324,932.2282863332442,2.036074413937272,514.3442712976126,1.112953566152256
750,119.95062080110007,2.9008825659723017,178.8814950707913,26.463327989986688,29.82134563834238,0.2241705115358738,12.789558734642869,0.023148579506461445,932.119334293755,1.9546297160743726,514.4049460994161,1.1100977012133493
751,120.03806135826119,2.4820735312884437,178.7505947841076,27.70978863804749,29.8459292594011,0.22732318548719552,12.794764065943236,0.023822488621632602,932.0192882936784,1.9107294415790654,514.4635010778127,1.128917919426392
752,120.09252474967415,2.488979876316562,178.8908799805643,27.727520773572415,29.8630277043483,0.21455981515056718,12.798131583908189,0.02419012080574769,931.9158818397243,1.8483359234838181,514.4745179977625,1.122923421133097
753,120.13499440349987,2.564750263646035,179.14571062425512,27.720215121183145,29.870195239128606,0.21114535139000867,12.799392122647832,0.024390990878153523,931.8070193212787,1.776764595366625,514.4825706435364,1.1105953840546174
754,120.12517014095924,2.5796392634654977,179.07831844719752,27.234207899725202,29.884557864271166,0.20840295631439623,12.80267850750241,0.025198484845099643,931.7062643700903,1.709324674469531,514.4972382593696,1.1181211093933803
755,120.16387914658979,2.5585493396455177,178.84998190609534,29.322131424430452,29.886854227699484,0.20910597490425897,12.800433746438243,0.02457263893846559,931.6035485923957,1.6328756892838445,514.5182169490777,1.1072468508996676
756,120.21740896440684,2.6398377989096025,179.05120147712535,30.024879386706953,29.91582805941416,0.19434066476149403,12.801429598726763,0.024775001506928695,931.4966880302543,1.5965885021993067,514.5475562537781,1.1435023402570226
757,120.29684771450938,2.8056137619088415,179.1776021429051,29.948448351948084,29.904730849657362,0.17659938521303553,12.805201201956923,0.02498252029883041,931.3819938822874,1.6208602541565178,514.5711618490822,1.1370848140884406
758,120.27215016515699,2.817562818492999,179.28054485382745,30.214428549878175,29.923535096221034,0.1704125510025559,12.81010369735946,0.024997919443358853,931.2740525763553,1.623410328006603,514.5880906110315,1.1357794657942533
759,120.26358716337977,2.8582489076181448,179.36159946764093,29.92070828528904,29.934392147181008,0.17624858955099929,12.814417210438874,0.024938719809282917,931.1754678072626,1.6361390057512235,514.6411280621768,1.1268488459827706
760,120.3490508099611,2.6308002521218192,179.2640173143834,31.23022907941978,29.92465052620327,0.17689803706380902,12.816325476707757,0.02533754754269442,931.077538558737,1.6351394251068787,514.6009136624843,1.1255397437025283
761,120.36778890017416,2.6152276846018596,179.15300886517878,29.77754772050472,29.92759333244992,0.17648413088859932,12.815451682260774,0.025295182079639836,930.9812281024738,1.6280998669441986,514.647310070324,1.0433823937685383
762,120.34849686995659,2.6098776849029384,179.25652334687163,29.15148968571961,29.928345359884712,0.1766416649488512,12.816974420220111,0.02529124125590171,930.876915019788,1.6239574738058364,514.621374441361,0.9664305203257282
763,120.36482415784512,2.5477389568405444,179.43679369738476,26.35534433752435,29.933884744583008,0.176176832436019,12.817684069671134,0.025179839153117944,930.7754521217321,1.6354996611924717,514.6233521345454,0.9671087380227595
764,120.35639534289052,2.521190801657987,179.57582999419796,27.95013045345548,29.96339225670809,0.22646196339077657,12.820295024784308,0.025110823951206694,930.6708043711859,1.6725517507690144,514.6802304733377,0.9084451402771319
765,120.33632399538696,2.5667424928241225,179.5511588849664,27.75572189687126,29.983305281219863,0.22870383029181485,12.822473528409722,0.02456032811850289,930.570222012941,1.7384115156021247,514.7026932581861,0.9211080158994656
766,120.2895440035607,2.624095129943636,179.58369193740168,27.79251302906612,30.004787294149445,0.22749552987575766,12.816000422833515,0.026343346297686192,930.4715672580984,1.8082123716352736,514.7358377769705,0.9656762564454479
767,120.34671327635786,2.374821371293785,179.68251739190532,26.460495623853088,30.023713161756156,0.20191746378702158,12.810813920712736,0.02974244051498864,930.3780502215891,1.916694523878068,514.7205082558959,0.9428888945744268
768,120.3668511956831,2.4099052387341198,179.61923719665444,26.87693296264186,30.02234862265381,0.20207962046925704,12.807040411046714,0.03241959241233298,930.2931344893134,1.9753863281009816,514.7268413718489,0.9228939131180386
769,120.30712006371643,2.6196988882049617,179.74016250899342,26.768309510507883,30.036744429283253,0.20067163836583599,12.801284217574523,0.03757193644148022,930.2104686910502,2.0337024691085905,514.7428530221092,0.8805761078004282
770,120.19391560816919,2.535751099323416,179.4247433653012,28.024933224005462,30.05100054358503,0.20953261354925767,12.794864917443796,0.04460146029583809,930.1292418697063,2.0903239054224163,514.7652380060823,0.9060493994682953
771,120.15098350775939,2.6188355236197802,179.58007100198046,27.72491027981878,30.048255702777773,0.2121123470388851,12.785704266299847,0.05432347332721591,930.0508083819398,2.11482922309794,514.7850105999728,0.919757096263361
772,120.21327154838667,2.872106773602514,179.63193815421167,27.916235028675164,30.033399952597346,0.21103637674237904,12.778914244521324,0.06136885687923087,929.9591723032553,2.1347881643945814,514.7711583325681,0.8974216574251652
773,120.26510951609413,2.7418782717157706,179.72124439629914,28.750000054000807,30.034990912811267,0.21026203891353334,12.769348403539151,0.07108309199742374,929.869415428936,2.155665772820742,514.8080657038802,0.8674547323025686
774,120.21705770052905,2.8805240466387927,179.91472434730673,28.67962670087481,30.04539097540619,0.2051149650332166,12.75620342580888,0.08202182643806015,929.7717834304499,2.155066558560421,514.8367187446148,0.8265796355523265
775,120.17096391601879,2.8448638901022716,180.0956880795664,28.93625770143684,30.058347789783248,0.2032968217420754,12.740131396124944,0.09293129624142626,929.6725483977508,2.181689979464217,514.8064337853774,0.7772134560521329
776,120.21935184294748,2.824508293196247,179.9980065888252,29.158246103154372,30.061401427246516,0.2041396774078885,12.720849154250404,0.10746051144871492,929.5812678175427,2.213089991754973,514.8164142008563,0.7755795817862171
777,120.33004029990174,2.955242419605163,180.1751597981776,24.67066668206297,30.037302798236084,0.17043387557134115,12.702376663572615,0.11952092045976392,929.4886096824956,2.2507440718063765,514.8457485151646,0.7578648405598851
778,120.18898931397784,3.0192138396927537,180.057778243418,23.93337776162637,30.016195974919857,0.16966764706950266,12.686639244714893,0.12388992245869183,929.4040215423207,2.265440119120461,514.854084232266,0.7686076949272375
779,120.15656330155072,3.148789960688707,180.20245177381375,23.284040630760316,30.0264262820917,0.15976536841974764,12.668017575789026,0.13185513353341488,929.3189138998886,2.2995607839803016,514.913578697078,0.664188188693259
780,120.10490432192222,3.148605123525761,180.29627517191165,23.616882413257944,30.010209396050595,0.17307435644231423,12.648605730364215,0.14172274080649294,929.2398175073873,2.3405726174237906,514.9194729079584,0.6667914962572505
781,120.10859037534684,3.1386417797979127,180.5752553043795,23.186604224971095,30.02701040331923,0.17036145048013773,12.628629902093298,0.1552796256871184,929.161447675512,2.378558409282305,514.9660359236618,0.6873828235702292
782,120.10865680082361,3.138464683643117,180.31995989948075,23.56358616192318,30.03011797047851,0.16891091419464932,12.607640647912008,0.1679821330101202,929.0737561692035,2.422549738694392,515.0134696847723,0.7204220438503603
783,120.1030147781985,3.147525547134351,180.39650082500015,23.737951985950694,30.020020222917736,0.1792994484865957,12.585861200600105,0.18533942476670542,928.9717859229094,2.4761941947719026,515.0343465939933,0.782657266868928
784,120.15379805657551,3.3569465027833583,180.13955337750522,26.895842282330417,30.042553636832817,0.1987198955554763,12.568002902374927,0.19749110574784778,928.8713107741099,2.506932307740068,515.0420028391619,0.7868721954108426
785,120.0476216120068,3.499742982442436,180.09790565044088,26.787323203385945,30.006090225288776,0.2401619200272628,12.548764018984118,0.20255534914867598,928.7677164127177,2.4857625838147666,515.0741578325599,0.7426030903230616
786,120.06624669975827,3.4644699270452657,180.0436085546666,26.37748461452895,30.005529478982645,0.2403958469735418,12.52956179375459,0.20378807415681577,928.6615154573697,2.4787632206652863,515.0918656121811,0.7476087152603321
787,120.03228324587616,3.384652936469907,179.9854547587303,27.24966928783476,30.01410245056786,0.24460419255774105,12.51142402995697,0.2014124160450303,928.553749959206,2.4897874894902245,515.0985641293825,0.7467423174150576
788,119.95572982689514,3.6659008886835593,180.05536761912316,27.267700247556146,30.006093202463816,0.24879929311120408,12.494957994870465,0.19935507566023244,928.4486303111903,2.462329196444549,515.1234995070005,0.7476382850178921
789,120.00580864056772,3.7447096873627888,179.8011302510288,27.368181785311243,30.0111512985593,0.24602781232677476,12.479108816596986,0.19353500636049942,928.3465572442626,2.4498074826798297,515.1708553155909,0.7344792342028574
790,119.96145295119582,3.753952284872924,179.78209513609,27.47135484657126,30.017422241545543,0.24397846257371686,12.464686243340443,0.18944186659094933,928.2452122291702,2.4398979650110917,515.1884593679986,0.7450647661242765
791,119.84386309809771,3.776635017626864,179.70575591094934,26.68979255409632,29.996372099724596,0.2811534444855942,12.452241236178914,0.18793295478133787,928.141384358209,2.414275651214772,515.1912235170188,0.7473634015389937
792,119.8666624105707,3.853513671413536,179.6257056835915,26.816714775675763,29.974229330104993,0.2915762437276758,12.44222945747778,0.18617151045207936,928.0330901103729,2.3907667514519986,515.2149320698566,0.7807869920187389
793,119.90315519774174,3.8159911903552524,179.60506481801895,26.916484644766342,29.97238532768891,0.2924218761184062,12.433806233587463,0.1857044521831592,927.9241294405228,2.4289372264168003,515.2827278247191,0.8638942073593626
794,119.85441137948915,3.902447193141968,179.53588368420878,26.624130093921178,29.948578833562255,0.27722585625354806,12.428729172666243,0.18390071779908415,927.8092967764226,2.4210607326286726,515.2917396100593,0.8577835177455642
795,119.83836625253326,3.875419835319063,179.59723080621174,26.764535568308283,29.93730247786878,0.29170267797902383,12.425028423223376,0.18194104741482559,927.686311399781,2.4469537516605473,515.3625980238567,0.7339447548340221
796,119.85368100628293,3.8538571397069474,179.4762194369165,26.362330239957657,29.938973013811186,0.2906833924157773,12.419756425915256,0.17917067874343537,927.5646125018582,2.468896544982171,515.3468283438696,0.7089432449342752
797,119.75569616034034,4.198366427001009,179.6443409235764,27.11793320323003,29.94867939596265,0.2858788061879913,12.412980035499661,0.17510114540946115,927.4339454670636,2.5128585073171292,515.3619926020488,0.6894631678588292
798,119.7002263767474,4.4896611380017335,179.48512751408677,26.88860690979112,29.95598623541541,0.2884338910822369,12.404842016940698,0.16959230562524394,927.2986909879705,2.5410487154183623,515.378014210481,0.6723901364460194
799,119.66031351612766,4.4427761608775205,179.52261997777418,27.16397779606835,29.956456873853014,0.2882247815826967,12.396556468686722,0.16488266230787485,927.1635110694264,2.619933979000373,515.4161854684104,0.612419831586478
800,119.50149915007512,4.647345711982931,179.56538886527034,27.1481490171938,29.943550441678255,0.30010675563496986,12.389087993103704,0.15932211520682985,927.0327150788221,2.76720353866757,515.4504422853549,0.7027125361839299
801,119.51422293493175,4.664059665840514,179.76880045531382,25.6104601798719,29.93134322117558,0.29341920092585294,12.379246528333804,0.152181454913276,926.9038307667729,2.8743108716573738,515.4689537496836,0.742707803941465
802,119.39708625272475,4.8780273452647265,179.5567528064552,26.724430543577835,29.931880301084643,0.2934169951451676,12.37045029731663,0.14608916876195477,926.7735878475703,2.9850709770002735,515.4824927481909,0.7244872602493971
803,119.35947426896364,4.745147025684006,179.5207142409386,26.361447457270426,29.92563685480619,0.29688874183746683,12.360828644497017,0.14015560771334923,926.6493286086563,3.0753244151437498,515.536150898935,0.6984068480273233
804,119.39878668070652,4.8049615879307295,179.4613160306483,26.363273432826535,29.910318045257394,0.3018303382132393,12.348408156144613,0.13157630285192973,926.5214062798464,3.1321527535797737,515.5363357045904,0.6982470790345011
805,119.36530275082751,4.762174667272284,179.86279450056608,25.666874347349246,29.89483238853177,0.30804327196053405,12.340155887067642,0.1259940339539019,926.3983412878363,3.153448231818684,515.5504064854177,0.6863760158533413
806,119.13473867633874,6.051986175759949,179.71831707745397,24.99169689119663,29.884190620367658,0.30325614691386793,12.332592868403228,0.1198209316669163,926.2822175789287,3.200460819308512,515.5817900519578,0.7562120296268829
807,119.07525208582864,5.727421442829157,179.61825752180488,25.03083189271217,29.86470391805007,0.3010845765042345,12.324547139412985,0.11333750713228415,926.1753847564254,3.2945018342941634,515.6440943304702,0.8783983542796197
808,119.02875492774338,5.8018588225282075,179.4448265657159,25.313498798116353,29.85347424002418,0.2991780079741536,12.318831995878545,0.1078884582391455,926.0669717585274,3.341758550002476,515.6302834732728,0.9070741506960769
809,119.03003012822948,5.79854877712538,179.39101019327921,25.444362562790182,29.826264091307674,0.3023066821832741,12.314830402775296,0.10383376332097527,925.9549822431192,3.36777664004605,515.6374998869909,0.9130322055485409
810,118.9341140188313,5.845748515286477,179.66107362864193,24.079251269298172,29.82307955411532,0.30393775933357053,12.310220945553574,0.09877534574705907,925.8380485130613,3.4003713554444586,515.6971823646348,0.8468129973506344
811,118.94807507917021,5.897819917114133,179.6150435554495,23.886043242795886,29.802216879962483,0.32111504485320896,12.31058166321499,0.09915551105736568,925.7235485329652,3.397067411061624,515.7179267933302,0.8352723671205851
812,118.90845868476241,5.890296803590048,179.5982231780516,23.92716893675236,29.78376507581902,0.3288298296791242,12.313276004698933,0.10250113036204438,925.6098269501562,3.4362954044283036,515.7369055581505,0.8425095034142254
813,118.86616280759245,5.980474811157614,179.68666346370892,23.714491234397393,29.77164979413823,0.33011819640232937,12.31894769263228,0.10925888531736204,925.4925443705065,3.495985131653644,515.7573592019193,0.8259817845662732
814,118.83622675158267,5.852565903247344,179.39589923511772,22.650963249297572,29.721377618374174,0.2769692095369679,12.323102236271398,0.11480520034938237,925.3830794587222,3.5498222093513485,515.7843026915483,0.8518874702547664
815,118.84548718683568,5.854893873809098,179.2109337553149,23.07360276271262,29.694066233426934,0.2693981885121217,12.326001337879983,0.11776318523795963,925.2850399978228,3.549809483984431,515.7930457971889,0.8511587779868813
816,118.77642116474831,6.1360791797819765,179.05015978033703,23.80037032898786,29.678359958222376,0.2557861185608278,12.334216849540967,0.12443145516111015,925.1821854539052,3.5701995697401987,515.8066597302442,0.871920287063613
817,118.74298054987173,6.135048020362293,179.15710317162134,23.597229543133064,29.665237279783994,0.26046468403621215,12.34675889401481,0.13302339595455176,925.0820991268153,3.5938587851662724,515.8518649313548,0.9064412487549273
818,118.66123558137106,5.973532336398967,179.28460602013442,23.287833100344173,29.64890858575997,0.2649501636645934,12.360042938306844,0.1423941915114988,924.9729005986417,3.567883077550629,515.9294268612852,0.8088353883574857
819,118.60190221915171,6.335856063471508,179.07247818843146,24.248493821288733,29.61869323177471,0.26788953332430016,12.37463067441379,0.1489145279031967,924.8543059481813,3.5773175858457464,515.9767089276107,0.719007413568322
820,118.6195728168309,6.321964730876783,179.12044858770005,23.450385862929597,29.58444865552144,0.2506168139491899,12.390457915190945,0.15260159679552995,924.7328490297183,3.58534463908702,515.9423096581619,0.7855748346122227
821,118.59389067659862,6.3795090558709155,178.965829724144,23.59852703650526,29.57859968357551,0.25309089264050194,12.409125464035101,0.1567213455910537,924.6039618314056,3.562852586751808,515.9684885373587,0.8020415157262248
822,118.54200983731108,5.970099264412987,178.71438822804777,24.8382759940824,29.57500829624425,0.2528099211507053,12.425959123941276,0.16041203292316508,924.480482037918,3.5683596904541837,515.9641025258759,0.8096865174244305
823,118.52721374658448,5.927835689560088,178.51059536536465,23.683483879764324,29.546668857785317,0.2779015146806034,12.444682857336177,0.16309282494188843,924.3567894490111,3.5568874119850395,515.996425233506,0.8190696550807275
824,118.51663948122078,5.952875358155025,178.46424174441546,23.22652239425692,29.536817136023274,0.2724800204716782,12.459621382691445,0.16149847945230333,924.2348211894001,3.5474796709649152,516.0370498434806,0.8056871389992036
825,118.4559309860504,6.0251365690619565,178.2933603016392,22.32909889055142,29.509658868287115,0.2666694472022767,12.474981252416136,0.15931853533463292,924.116911981472,3.550792457324441,516.0658056119382,0.7781429982236653
826,118.2794893903254,6.5940796374063995,178.3602310374524,22.306747907154477,29.48561680630763,0.2581921936525888,12.494844584476969,0.1548954351784279,924.002413246465,3.4913920706626795,516.0980929867306,0.7587674441413655
827,118.16818661362308,6.000259100430447,178.27723085086095,23.711114539754956,29.471872235828197,0.24950025977396187,12.514498700085085,0.15154895383018993,923.8930466656074,3.4160705349090748,516.152783721381,0.8157309051414819
828,118.16072057971625,6.028296281611915,178.10993818834646,24.43361971198607,29.485156911108287,0.25954426843545014,12.52937123422442,0.15200173747041074,923.7773652489045,3.293486042424577,516.1962617901399,0.8691678881532164
829,118.1174819765518,6.188544473733229,177.77462677716002,27.702822383316214,29.475432703916507,0.2579689395310263,12.545601454611319,0.1477111237128497,923.6557184350889,3.224068498615378,516.2107758635326,0.8594085287179908
830,118.06308957207733,6.256155712467997,177.56407578057787,27.101198971567708,29.46669644542972,0.26650394302305075,12.560011698830733,0.1398114793827328,923.5374127468435,3.104874092871596,516.1995431071089,0.8870474839944421
831,118.06728848625674,6.263989860677306,177.52854688286473,26.50518392969323,29.4412502447089,0.25251450270669035,12.57540434483641,0.12799321461988897,923.4200638437599,2.9632355635955734,516.2370578956624,0.9669072238466855
832,118.06335232979607,6.258847337550159,177.71511867409447,26.651443277844777,29.427299934638075,0.24982407100981238,12.593273440491549,0.11556685727852388,923.3093191413986,2.839790982789793,516.208126335322,0.9922360789889144
833,118.04978769984025,6.237194340559757,177.55927173314168,26.061565597541975,29.40678225294424,0.27752161603842973,12.613936270948852,0.09763327129885846,923.2030865809298,2.7739443428939468,516.2031861582059,0.9854066637895301
834,117.85334147042119,6.014312673729377,177.68108780654313,24.38285339768953,29.353969384031014,0.24343772475821912,12.633474499343434,0.0841480804412118,923.0936002573802,2.6903183233178134,516.2254983128167,0.9782484725398084
835,117.89215485225404,6.005194311110846,177.58910387889114,24.30408380116691,29.364723228458036,0.2317035951626189,12.653054423976014,0.0759429943700821,922.9832852671668,2.570216915814157,516.2646253875488,0.9718976681933071
836,117.7899283029788,6.172538900242274,177.28690004395415,25.89602640131073,29.351583590521045,0.22900237578727353,12.671498480744772,0.06941137866737719,922.8711115087885,2.4877247856195237,516.3118944249546,1.0256961185182725
837,117.71988688470219,6.051642117979893,177.34777423576216,25.32657127242675,29.32285798148236,0.20500693474976697,12.689762167853885,0.06595209330550814,922.7654775989798,2.4005818547784736,516.3440879901817,1.0044186864934566
838,117.72438388754037,6.039438356632171,176.9529386712785,29.457549511402593,29.3145570726503,0.20454982298558014,12.710065609065573,0.06431269725004964,922.6571170070096,2.272123759830445,516.3543206616979,0.9972899642460978
839,117.5814975214159,5.812350960991607,176.68393730396173,35.03785594837676,29.28923209277637,0.20808653143862801,12.725410988473826,0.06232831723225981,922.553109283431,2.12342006677903,516.3718831418163,1.006998553540173
840,117.51525219091907,5.870737850498616,176.56705893849576,35.72662562468989,29.27497849857783,0.19725139251300752,12.739839634591226,0.058750204334063534,922.4450447199206,1.989005287087531,516.3625027716237,1.0201559694050546
841,117.41058478484469,6.556674945265207,176.59504054520923,36.12468189415834,29.29549566129608,0.1906769218732655,12.751973272606138,0.05291079876295216,922.3370070014025,1.8508595847257074,516.3720616834304,1.0111455100373101
842,117.2675913898373,6.2171125837172925,176.66821349025045,36.43607920155297,29.279076875965437,0.20731926403764642,12.759139732561623,0.04862196651597521,922.2344621338774,1.7175730797240139,516.3750669599996,1.0122994514486414
843,117.14625212403149,6.203988364952586,176.68900838054523,36.46036070025218,29.245921293560933,0.2336331697245653,12.766079748475455,0.04388431300179114,922.1361993915104,1.629128644990186,516.3724094588847,1.0063107832174059
844,117.16996121714445,6.26329519110697,176.53001725834173,36.678613271583814,29.22454447748027,0.23762756618355352,12.768232402678528,0.04285228853601014,922.0306899196185,1.562738495597694,516.4343004816926,1.0472587599274166
845,117.05508605885429,6.196188655231697,176.4755817466607,36.19446899353174,29.225034542761378,0.2374469637434453,12.76453260060314,0.044853550231178256,921.941404745781,1.4986299774899634,516.4692499336923,1.094634569546752
846,116.92279082244724,6.400660823276596,176.29217136515322,37.25341422840398,29.209794550494212,0.23488070680966694,12.762856933994184,0.0457341474604571,921.8491629960662,1.4434142641186927,516.511485422941,1.1207382388905256
847,116.8994900012147,6.489175714230528,175.88160117196796,37.576486298356194,29.1835315652984,0.2300192806993727,12.760545550952639,0.04704672937804298,921.7565243627324,1.453068210293827,516.570215735292,1.1245099070156765
848,116.83963980797748,6.806478860237294,175.722333013061,38.712000193440346,29.124889513343383,0.2675876378621574,12.761385733999951,0.046698985232422864,921.6593642832264,1.5034561337399468,516.6164003428391,1.106572782484088
849,116.67773597342213,7.318042252724433,175.3008937409828,40.438617104708264,29.092955426043442,0.27781952651662445,12.7640948894321,0.045466448076285075,921.5675469060429,1.5677714264685079,516.6460896338214,1.0879434639034475
850,116.67225130606202,7.338556414202931,175.33532429719628,40.858426230329805,29.089883428372342,0.27776926100694266,12.765379954262059,0.045042434535983875,921.4791273804865,1.6502951338241572,516.6146327035112,1.0773847426560685
851,116.53837757292733,7.1971798742333615,175.181480722618,40.24815698523965,29.043215068210703,0.30944205788593165,12.768001042058595,0.043932463099441,921.3866265472525,1.7270216803263534,516.6162158574425,1.078694292877065
852,116.53824230591195,7.197430949801431,175.0678349356562,41.68111006813767,29.012756454319998,0.2998957547845419,12.77057047471323,0.04282743725116855,921.2966180409525,1.805255672225288,516.6212413253721,1.064968335112346
853,116.4634331280459,6.9229199269951165,174.79395144350872,40.67774349333104,28.984601577650018,0.3115225216298811,12.775421480342619,0.04060542518620011,921.1992509470984,1.8913037764271197,516.6199185163574,1.0650791213098638
854,116.38472186184318,6.486694750334985,174.624896617766,41.00370811187139,28.97056663036884,0.3101338216648129,12.783178295456207,0.037394869337891705,921.1078972407915,1.9412286886162038,516.6606418845454,1.023113316899451
855,116.27586820386949,6.460159141001748,174.38946432903714,36.94078007509337,28.93386030415602,0.3514118546500591,12.786732056806095,0.03575089881367567,921.0096647350656,1.9845583431957317,516.6943715323955,0.9988471023529273
856,116.35150874398805,5.8924085348065365,174.43822827663362,37.465615442681084,28.899690272596278,0.3463306803729107,12.787255088177218,0.035508948672015046,920.9109289768903,2.022819496152649,516.6755366646064,0.9878832889210818
857,116.21729652445309,5.71393064518466,174.39777504942674,37.33799635110217,28.877507678947207,0.3463885906217982,12.789064765380465,0.0346940824498355,920.8083930436098,2.0848448975670566,516.6214025894558,0.973556795347011
858,116.04023869396092,6.960591452123493,174.37077800102395,37.37447335233561,28.845213105838162,0.3468621781779713,12.788522361484917,0.034867161177538374,920.6980051819694,2.1559506840807723,516.66806585622,0.8589334126828699
859,115.98914307711085,6.908735099635555,174.24797866333142,37.49937079787876,28.83298719949962,0.3478969760800884,12.78841798126265,0.03488373120180398,920.5871744729014,2.227415736518915,516.6823582967338,0.8560445146981498
860,115.93679039722264,7.007963774679097,173.9625603619071,36.00817173586739,28.79086415013445,0.3797828289963041,12.78673420472931,0.035208993344525666,920.4820501760987,2.2973840578041993,516.6980002053574,0.8661512377941373
861,115.78688777359235,6.546539425797559,173.7360113803876,35.531476973017114,28.764411643947657,0.4095451782012218,12.78576189737061,0.03515882772574787,920.3688560113219,2.371969550151728,516.7373446116613,0.8837762573529445
862,115.65323652438639,6.827598688017382,173.5588438988114,35.56348896596006,28.740478330706495,0.42048383625033625,12.780917413114073,0.034335475990116354,920.2643140148194,2.4307501236732194,516.7483861621115,0.8820165821033448
863,115.53665517087785,7.2378420259551834,173.29281592389162,35.23850672115242,28.716602526727282,0.4157436537176324,12.774558372019674,0.03297256687325667,920.1676808219096,2.4824363361942527,516.7688126276505,0.8659500237595926
864,115.37220238349015,7.0261724024443994,173.12996774994116,36.30803640238057,28.7021237505781,0.41762244093288015,12.769842931143828,0.031154217845002892,920.0675444344666,2.5153025688650112,516.7634784114506,0.8657753712774308
865,115.25014135459307,6.818705815581572,172.91206305314793,38.49107939374493,28.680520216371942,0.42073685766519137,12.770110980353847,0.031227360229871545,919.9590283771134,2.480544439994487,516.7889169201611,0.8567513454439022
866,115.10711513445514,7.888452768038541,172.78594410410867,39.29046525784903,28.636170455699947,0.4251598474790643,12.773818615927324,0.03314882659683271,919.85573358069,2.4646581891603194,516.8164283160975,0.9001279890721885
867,114.99058487089398,7.893996681457584,172.38911916213965,40.63618953024977,28.605358764488223,0.43912084971627413,12.778493979755904,0.036301756455926516,919.7526734178778,2.436590830534439,516.7957867674813,0.8996462950171663
868,114.93703768408146,7.749292650681093,172.05556982453174,40.18806160884645,28.591992166564538,0.43417213833352386,12.785120441014485,0.041914110232796245,919.6497203883395,2.407370396988242,516.7596583746325,0.934142748193204
869,114.87738205994516,8.022319180217067,171.95452111690594,40.78094404476156,28.592767318997154,0.4345798821216593,12.792955310558115,0.04763646313919307,919.5489044439553,2.450567924219254,516.7875322972974,0.9413930788451224
870,114.65082773746049,8.83637171827655,171.87661972013885,41.05435592321851,28.57549864824297,0.43539893585241074,12.80477049488126,0.05701364500700776,919.4544079586367,2.477431494545873,516.8761947290624,0.85743626457246
871,114.52915912349614,9.026309366754884,171.74154260014285,41.186073552933536,28.550184656310215,0.4337281362758673,12.815278629761046,0.06617711424961814,919.3636380122426,2.504576612444109,516.8925301152981,0.8721749974980122
872,114.33863813575708,8.27170363914899,171.7188816471394,41.2859039230715,28.50324927147889,0.4504665611195264,12.82212317674217,0.07034287829616341,919.2695367490064,2.5498499759206674,516.9216249590656,0.8022789865479987
873,114.18004353430712,7.837950524957358,171.56036348611073,41.06214153234776,28.491261278848086,0.4597253517737772,12.829561272795841,0.07540808227438928,919.1745213538871,2.59360480527246,516.9302831080041,0.8061853325813593
874,114.05913107779963,7.849089239983516,171.4187969811432,39.002107831554156,28.43681437296604,0.48862765372546096,12.842324809842642,0.08208847483917948,919.0831358690245,2.617676838932847,516.9437500746955,0.8136222610544599
875,114.02089506998642,7.740669597768181,171.36901457296568,38.59148957079752,28.423975482349157,0.48344622511125107,12.852936112768742,0.0864067790963412,918.9914989383849,2.6389723940397856,516.9822206953042,0.8371559390953028
876,113.98818475543565,7.903930937789572,171.04764970884742,38.20301065543312,28.400485483347666,0.4800962497950344,12.862654077666289,0.0915144361510307,918.8991505541876,2.601775741912254,516.983536931116,0.8362026439238619
877,113.84108924317745,7.764795751433026,171.08999711541736,38.02521787888816,28.362593747149,0.47111292991346926,12.87199891599906,0.09683312364750063,918.7986803494287,2.562743821817439,517.0059225277535,0.9078356088810332
878,113.69904384556271,8.107877330362257,170.93975782344717,38.906971842222596,28.298259545459373,0.43929782133448864,12.884048080834624,0.10499389123288563,918.6975092354352,2.5245387709702096,516.9917657708447,0.8930736112565458
879,113.63256934120999,8.119481905467199,170.77785590769005,42.25214145042037,28.26389311380355,0.4269306136823197,12.899073099736388,0.11412452030470177,918.5956852180523,2.57383167649982,517.0056171515895,0.8813277665076814
880,113.57572737440285,7.992318908431329,170.66479535003404,42.1926459521392,28.222816793358525,0.46853647036305174,12.917684218540263,0.1217720092863336,918.4927894284936,2.5704776467068946,517.0691836274001,0.7866816961254991
881,113.36371155262621,7.856340101028449,170.20665897492873,39.39806305561667,28.186627476032644,0.4701798865337795,12.935195976319156,0.12490492233269236,918.3904765189692,2.541875271252743,517.0298988395999,0.7732448128275716
882,113.17910120314055,7.584914566885891,169.77315840810795,37.7677198663443,28.15514649384702,0.45591024368602595,12.946694801430386,0.12576945473009693,918.2853624932843,2.50401372442146,517.1226149848316,0.8322741778095541
883,112.9050586645099,8.364263664948789,169.48633409262078,38.47289317004156,28.130402098512345,0.4821066542028272,12.960833194690288,0.12849882741861948,918.1777430923165,2.5079516953723133,517.1501199713686,0.8497199927665082
884,112.78566570842926,8.90855879494553,169.21161379014183,39.76461047221336,28.108975186488205,0.49431018065760807,12.974378465174006,0.13250688385008533,918.0724377825841,2.5019931800825552,517.166032259447,0.8450007088256348
885,112.67291864514203,8.176853577575155,169.1543171934068,39.16361310761206,28.096167663553004,0.47677782851658507,12.984573997071358,0.1367273591185382,917.9673752079137,2.466064629434679,517.1576276624834,0.8489155217086806
886,112.55143229693861,8.465962580758767,168.95786389668086,41.83607070632352,28.040693478457467,0.5135594275396563,12.995630101674372,0.14205581840712503,917.8666259614808,2.4563049656727984,517.1478743067861,0.8363538738717445
887,112.40060219321465,8.280386350267376,168.7230085745018,42.05481818310521,27.996674985806035,0.521712097701547,13.004520766578187,0.14689313579834903,917.7645943449494,2.4114791779393343,517.1861125142434,0.8830154423966239
888,112.21544773547812,8.443649361098103,168.57223890654546,45.212992550071675,27.95484796897995,0.5117477866372109,13.007138806634883,0.14810895473122948,917.6586289825142,2.3633803182913904,517.2085665421669,0.8659534734263175
889,112.10724821655678,8.445151774144911,168.55712127444596,45.49109638313327,27.92030432256053,0.5259055474816465,13.014581619373054,0.1513476230905811,917.5479114337614,2.2878478417208994,517.2077835891712,0.8662006813799784
890,111.95911738587256,8.528614448793768,168.26152643238424,48.49726506860313,27.880883283377717,0.49274936293324784,13.02582958216053,0.156692045121974,917.4383706280544,2.2486630342705123,517.2691400895798,0.8337485776123781
891,111.90787990522928,8.693767886593184,167.87569792628526,43.35013265595245,27.834719833383314,0.4334657037140202,13.039788115769529,0.16038352657679786,917.3250590209806,2.225045370322155,517.2818424647638,0.8126584192066406
892,111.7754904496487,8.754175099993672,167.35537368751443,43.43235476016843,27.808062514981156,0.4393237472849599,13.057302623429935,0.1614840963407649,917.207434644884,2.1885212332737596,517.3107641670683,0.8164112551906277
893,111.70762257107765,8.645006750446006,167.18144749885542,41.24795736246487,27.78826193726804,0.44936366314420045,13.074588259461501,0.1603483048531206,917.0869789854289,2.1857670690711126,517.3281512019897,0.8351016764812716
894,111.49069309266801,7.779881445111917,166.84456207887638,43.63574989225002,27.737070883185993,0.49461968393741734,13.096074085179502,0.16200891063390488,916.9741889396497,2.207934359193833,517.3281126865187,0.8350273395276322
895,111.31956744506806,8.183732330545283,166.37984194740295,42.43153679794934,27.698864132577054,0.46473058295122904,13.123712396078858,0.16143955292559858,916.858140271319,2.139639398151463,517.3351253673584,0.8469550526981423
896,111.18533130566713,8.645101099124837,166.29244610304877,42.3515439108451,27.65984306914238,0.4437033677386651,13.148817196163359,0.15916747840212547,916.748866010966,2.0622122453924243,517.3177117438405,0.8438511433029964
897,110.9678427641769,9.55348728338573,166.3914482500365,42.6687879339639,27.616945813311062,0.45071012287145185,13.176104883779075,0.1561261792456274,916.6468676208793,2.0230806701297253,517.3121246294779,0.8371696363304405
898,110.8608397718712,9.731221688268302,166.19648629523672,43.79926630471264,27.621521104476127,0.4494906227814899,13.198768282262913,0.15419803467349763,916.5494176836695,2.0249831929685933,517.3153204143962,0.8392813959696614
899,110.7754133067187,10.043453077122674,166.20711826905318,43.73486955986595,27.59280333300501,0.45954391726479044,13.219438373228732,0.1506204805266081,916.4486335638305,2.0339997966887964,517.3365302619359,0.850982949202563
900,110.6790885844422,9.734865339676233,165.6654598811466,40.77713123039311,27.548915292684864,0.4277853865050847,13.238869839245046,0.14633043503053603,916.3508257036109,2.0318847339242887,517.3405575358316,0.840878169818045
901,110.49076465090442,10.317936350654026,165.34842254011073,40.82683586475845,27.530687528171587,0.4437145026235261,13.257495019893149,0.14033087873924902,916.250388090901,2.051896569186138,517.3319490346287,0.8495067943567758
902,110.28131323487786,10.316614876198557,165.21189966006466,41.54792778871704,27.47851995461791,0.4850969562775735,13.2732404557195,0.13233146950969982,916.1581982808068,2.022457760893791,517.4280174196329,0.9333734573498564
903,110.05306053804314,10.058013542270274,164.92326351060805,42.96435046424148,27.43849803355093,0.51503981272762,13.29089805452888,0.1261764064447438,916.071892680044,2.0034292296908527,517.4729783793925,0.9535598217689638
904,109.82412011171311,9.352587094169015,164.83349833781563,42.52179989441498,27.393388195425874,0.5029333607683077,13.307166450860489,0.12212877249917216,915.9771859045986,1.9628914133771531,517.4874343627201,0.9545808308564896
905,109.62058195517179,9.80219975573349,164.55435599143846,39.44270632704224,27.38390585940556,0.5056847618288601,13.329208284572838,0.11673003525336617,915.8811307555434,1.9518556964092328,517.5077706352018,0.9620110471021103
906,109.43719136243422,9.647568658785316,164.0604914636245,35.156498891634314,27.346191433200485,0.5189633573017389,13.352592147221841,0.10800144130963621,915.781743220024,1.9547161647065576,517.5807259796179,1.077987364027804
907,109.28142181100128,9.543564562964624,163.48887798757784,38.78744829336028,27.31036985875202,0.5109996419291015,13.372453425943242,0.09773731674900059,915.6826773326529,1.9969713130745248,517.5977307602278,1.017626868013949
908,109.23022671548439,9.78214002460964,163.12319130111328,38.34035071190836,27.281955615992352,0.5086632027766964,13.394443241362797,0.08809651699663962,915.5873571054107,2.063141324437267,517.6312391873397,1.0060636149892732
909,109.08516235613278,9.056731693780158,162.99731118698386,37.17563369897911,27.231294186814626,0.5118870918300702,13.415371986992104,0.08068115360475502,915.492962451093,2.1294414855643553,517.6495208381634,0.996741531825788
910,108.9149450826162,8.893488553302484,162.7524499711785,36.909055055355324,27.200546238148853,0.5493295854710238,13.437114768175288,0.07039337857043522,915.4035897713136,2.1480858968952,517.6905984940481,1.0600105881983684
911,108.74261033341867,8.722762585080286,162.62385764480283,36.03944640577971,27.16801428887394,0.5780482927667652,13.458739615888568,0.06509377387084854,915.3193381419192,2.1816188632571514,517.7082414304965,1.0838624031748885
912,108.66048022409983,8.62327669785066,162.55497461943744,35.36211373583261,27.126740877662627,0.5990264661212007,13.478712423591316,0.05596744075775811,915.2345798876911,2.1761513289038996,517.777690334935,1.216250484911466
913,108.53706429695409,8.806647916219562,162.41187917577426,34.97870377491286,27.07523707348848,0.6158079406507718,13.501281729868543,0.04666415547720108,915.1431453517064,2.1643291807800247,517.821681514811,1.2327644310478205
914,108.34151139296833,9.347138215570652,162.34529427560756,34.72339414712746,27.04132211584229,0.5896687081953224,13.523097422662456,0.04116433782974812,915.0568762561113,2.1297089431295375,517.845640527338,1.204118641943123
915,108.12586913909287,9.581373958709182,162.16904816736712,36.16174646383719,27.00789149216622,0.5746439168046157,13.54423347247745,0.03707170465838914,914.9691486525677,2.084747401125854,517.8623492385706,1.1973690480247503
916,108.01044262424176,10.291774808313516,162.08264747402143,35.755420950933434,26.968560989667452,0.6124296980517377,13.558449329753946,0.03482766295223133,914.8853210249949,2.0201752839131397,517.8773688140714,1.2209301840248485
917,107.80224169741724,10.71628528477869,161.9655776644116,36.69810814268462,26.93836582653056,0.6173529105814943,13.5726435595994,0.03519820457545678,914.8003253304529,1.951930633054508,517.9473787293547,1.2408440965180088
918,107.66271541069058,9.654560114532053,161.71735935924252,38.47362565694878,26.886108714066506,0.5931164902441886,13.58574619582746,0.03816235847174341,914.7157499213141,1.883921378584159,517.9924606238482,1.1087057524558304
919,107.47262086273946,10.099459248549653,161.71112790191853,38.41342438898091,26.82658555395989,0.5293318339496631,13.599974688310391,0.04122998476808614,914.6441384362968,1.8256489600556336,518.0134063757582,1.1137758377776568
920,107.39714323916401,10.404795271268014,161.4536282949903,38.2933950146879,26.78258207304809,0.5091706370346457,13.611487167272633,0.04511167736844442,914.5665301752919,1.753678310472017,517.9707140887724,1.1551557402728094
921,107.2533744669401,10.444740162793595,161.1278345065588,39.2782471690783,26.725967164842913,0.5331238266331396,13.620604653083822,0.04719412387596508,914.4881945030706,1.672547540221687,517.978739577922,1.1545131097737233
922,107.08048140194815,10.40155706041201,160.88985907901554,38.2841830252376,26.67907885344853,0.5997383065250912,13.63192177518015,0.045917039386906514,914.413045690854,1.611359550645204,518.05309011908,1.2000559408457658
923,106.8797211261202,10.55089484625296,160.5085976971767,39.73330003520448,26.63867716752088,0.587354832167236,13.640739704317252,0.044650009671606504,914.3397037664284,1.5498309002410569,518.1055812792487,1.2639480882156715
924,106.73672304573215,10.3558157134219,159.9711590247199,38.192379138542684,26.61289569976636,0.6098513677125323,13.645286597657744,0.043556481913745455,914.2653468134877,1.4658120208160008,518.1394667485915,1.2825435043586855
925,106.44282194920751,10.034188078501055,159.55114828521155,34.824089320312574,26.558657844960077,0.5693998621904095,13.648932963787715,0.04174349008152421,914.1876146437022,1.392404646300175,518.1807445974941,1.3748997198353154
926,106.23859079053051,10.328179084022457,159.2116429771628,37.6665703997833,26.507571564798827,0.5605807972661954,13.650972527787435,0.04074168647472004,914.0997285543434,1.3039524032798193,518.2128798243419,1.3268586332445595
927,106.11936612530016,9.953196364368669,158.83766697491373,36.37198678728177,26.4689212307561,0.5530155877873858,13.650114340827768,0.04125338191706497,914.0120955283414,1.2537361823913309,518.2001103260442,1.3113106890475168
928,105.94136518398882,10.478100169763838,158.48873850674718,38.51065327937127,26.424514603486138,0.6067107162939424,13.646365471238822,0.04301946202143648,913.930405664942,1.1886581182317477,518.2227851911002,1.2886958872416407
929,105.79819080605925,9.756598794984304,158.51796803876306,38.445895465459856,26.38363266699231,0.5923497791275154,13.641871042719323,0.04477616306880706,913.851962833828,1.1868117897298396,518.2690730620302,1.273650259287979
930,105.62789739878491,8.60662663264096,158.3833334328573,36.70494720559134,26.333641734435187,0.6829742004229733,13.634477992802124,0.04851792731250619,913.7667877922312,1.1782832553420448,518.3417141511536,1.4823258589333825
931,105.55099132989154,8.454149361638295,158.05992837035743,39.56641676995853,26.289863543113487,0.6944521205434862,13.631402340127853,0.050136943186766786,913.6739554637231,1.1821455095153492,518.3969336140876,1.3973760977003926
932,105.43054831277091,8.239138753299724,158.10318254042176,39.91907278878198,26.24121899910446,0.6821109128096169,13.634281257119813,0.04840011903040538,913.5768770403565,1.2149961388287436,518.3529769023005,1.3765410997905112
933,105.30943339959859,9.129050935904791,157.9991565836375,39.791136143323,26.19017811654151,0.7327673937344719,13.630257392490684,0.05111868418678979,913.4836707531884,1.2791550125533406,518.3416064338567,1.3880685477857617
934,105.12205302547426,9.998477916726598,157.8599402143855,40.14143292002573,26.16338241991306,0.7077069877835199,13.628150320250832,0.05211052039904349,913.391701371739,1.319834969130911,518.3497599527929,1.3759000590318633
935,104.83880760050766,9.403634356723616,157.28488720503475,39.03646750996543,26.099174825682482,0.6137960432678622,13.627642507542467,0.05232130415680656,913.299950968388,1.3345669787959622,518.3732438515244,1.325532915648069
936,104.65255737698068,9.781078545111274,157.0011995477331,42.948001904862494,26.069461827163355,0.6423239724712702,13.626213100817031,0.052788061321595386,913.2112258772814,1.339633284133336,518.3790173648371,1.3173817804826304
937,104.43108227309489,10.129360997472062,156.7723789755274,42.992198422838385,26.0558979445741,0.6305402246826918,13.62818284613582,0.052430257363854184,913.1205377130048,1.3309333873182039,518.383967001437,1.3220600731163688
938,104.2721442291737,10.479013810660128,156.68286540973403,43.787063583141986,26.020502127153158,0.6216030224019193,13.634367312583581,0.05018584610055925,913.0357081530077,1.3160393708439682,518.383095971388,1.3238713703816811
939,104.12396146321855,10.011199586554067,156.4849735596027,44.73957454025329,25.989032578976204,0.6163590553216722,13.63696494192502,0.04933458665697263,912.9580450075945,1.2794016165838402,518.4280051180325,1.3010564038423371
940,103.99561420839254,9.805488336742506,156.37915677436817,45.39634711535134,25.941745709058527,0.5990235587933682,13.634295932327447,0.0502503814531858,912.8899115024765,1.2373274772199514,518.4536881658538,1.338503215646825
941,103.82933607676787,9.464883062841558,156.0135541410757,45.677408232030565,25.890346001586696,0.5851833299306952,13.632049143481527,0.05106649036565089,912.8254902550079,1.2132912753421106,518.4822658805352,1.2816950277901153
942,103.65459902800617,9.394283671040418,155.90059663757822,46.65737529065051,25.85129022244051,0.5692369091227547,13.629643424511276,0.05191973883617349,912.7636116421058,1.196082261578641,518.504490464118,1.2882791261481654
943,103.43189372844617,8.611557999681443,155.51369818629644,43.74006487794125,25.780808197117018,0.6445242801885751,13.625056458082318,0.054504675172238164,912.7043091141568,1.2044940975891163,518.5295733999159,1.3082895218639825
944,103.27468753500789,8.339938029291474,155.65848049694273,44.67119016512868,25.73923284690885,0.7081349197908865,13.616064759589781,0.057899590474001006,912.6443781498377,1.2115986687591556,518.5594712343187,1.3373221035098841
945,103.126363541877,8.623878623818655,155.2912567288922,50.960117640084924,25.678570830036794,0.7179556089365087,13.607735637406265,0.05839885149878471,912.5740619356073,1.2207557270895903,518.5730570152264,1.3404758503688279
946,103.02789298093718,8.488526480794611,155.01682298306525,49.512418892789185,25.611751627767543,0.7653793499861582,13.60203977095795,0.058721380820480694,912.5017923481123,1.209815995076012,518.5931228774306,1.2953061667968588
947,102.88680211903747,9.321202316657194,154.59254700597327,45.204216658316035,25.582326708521272,0.7561756411867543,13.592438514946506,0.05964681186831855,912.4278600733543,1.2063816191788113,518.6190433391188,1.2848929633571369
948,102.68724130466859,9.464021377392694,154.39304815854427,45.571292070917686,25.517363505511376,0.6992883263760463,13.585200283498125,0.06049533349063283,912.3533907440568,1.2215841114568677,518.6409540120347,1.2685795724757445
949,102.48907555341144,9.727207281398895,154.12473311003328,44.184291405966384,25.488548676542575,0.6702173558721629,13.580991699084388,0.06090127810384735,912.2810423597024,1.2496879375865833,518.6610106706779,1.2676357023361406
950,102.28296306552882,8.738677138938403,154.1816616034512,44.45621219589377,25.442407105905673,0.6505160418985209,13.579729406737464,0.06091456684372705,912.2020483697946,1.2901950715065267,518.6971759307394,1.1521143747570062
951,102.11779357232015,9.402685367385134,154.0211626222996,44.65591892127151,25.392203664338062,0.6522057160690514,13.58085126743247,0.06092310438997461,912.124411580289,1.355491395306018,518.7148091192507,1.0932674770759687
952,101.94476391601034,9.827905780714348,153.6361825133823,47.93546821431846,25.365315574897544,0.6653339570544246,13.587414620041883,0.06078931720871731,912.0342737882803,1.4064042962194196,518.6512901456263,1.1012483652694756
953,101.82480684765514,9.79551538557679,153.50825107412976,48.28098737186298,25.34378767660719,0.6566080057580094,13.592836122794806,0.06187492172440635,911.9445117096848,1.4371807411613045,518.6217109454482,1.1363486569098202
954,101.63562384690323,10.079247476150435,153.13137836003673,46.505559884501004,25.30124820445992,0.6536825711046058,13.597347246968727,0.0628095057319597,911.8576037145648,1.473921632660411,518.6095292808945,1.1623017591093254
955,101.55487426774934,10.089546160492853,152.74244965887624,46.14027932314042,25.26105776830615,0.5943404895737485,13.59941140676965,0.0636623048924788,911.783092836548,1.4889826873225644,518.6485121234235,1.2045137990530892
956,101.43375396855281,9.88315767658726,152.56703905700581,46.4361616897803,25.23372703454625,0.5765472480390519,13.601350253894104,0.06441680426051,911.7118617648496,1.5174181546727208,518.6331843785822,1.169383930682912
957,101.24652216268478,9.970546243351864,152.55299907289904,46.62352965565267,25.183025877919125,0.5697418244452568,13.607031284484812,0.06608241630545077,911.6498336217992,1.5408357691071375,518.6914727917742,1.0587449347254068
958,101.08459698489624,9.81232307174561,152.35525845709893,47.686765033157876,25.13064507097761,0.5526654017105308,13.61213175848467,0.06854206985870849,911.579111666177,1.6087665691973951,518.702346963051,1.05559471933664
959,100.95085937779035,8.824245205928134,151.97138536679924,45.581833731581256,25.09022913086741,0.566021472327285,13.616557663247036,0.07080754538094379,911.5066992761111,1.6851814546988955,518.6909205686834,1.082055696703161
960,100.8216681029577,8.534619455871656,151.6184777542649,47.98075003146792,25.04455223275006,0.5994659160872303,13.62212161078229,0.07373400515113292,911.4283683705576,1.7353880978551628,518.693778498638,1.086901420167948
961,100.6782380891534,8.338462436774893,151.3398060059,45.511919295893925,24.99345802610717,0.6367900536560208,13.624309654597244,0.07507339819228061,911.3460589211862,1.8000264500744183,518.7068400925082,1.0983413523139818
962,100.52910518470402,7.452842662586511,150.91276683296357,42.12760195886737,24.952868781442184,0.646846754683689,13.628573403457494,0.07702514077409109,911.2647230582616,1.8247884529273912,518.6844837977944,1.0454760383364314
963,100.32519554327266,7.76060417439821,150.6303578162958,40.751774872541574,24.896321297540887,0.7258453058304394,13.630737141843792,0.07824692525889589,911.1878280165463,1.8533961026320178,518.6728470251495,1.042772913990131
964,100.25856809354087,7.7281631189743125,150.18254412952604,39.846093420007,24.833253775250526,0.7069781879396554,13.63034410683348,0.07801135726611817,911.1068563650615,1.8586362095434281,518.6878611298221,1.0287326676943884
965,100.15037054149293,7.860434372312273,149.87924038638255,42.17433904280139,24.789045633319123,0.6625255813238211,13.63214306591679,0.07940983500157804,911.022685257728,1.875486703959717,518.7230411155808,1.0465253015067781
966,100.08583544164115,7.803107182419437,149.47744112075935,40.085899638659804,24.74275264598381,0.6992779805930468,13.638091029524562,0.08357305762304351,910.9376662867362,1.8575564938352918,518.7140052884697,1.0452420262918956
967,99.94815408893965,8.296735069113447,149.2473843405313,40.06811337111823,24.710662190770883,0.6606566071211666,13.643643363690874,0.08845837336064336,910.8553888676772,1.8310433462930875,518.726216674612,1.0798120360740122
968,99.75838314860225,6.989471271276511,149.03464972359922,41.07897843745993,24.67655639085623,0.6406933581360512,13.648827257331018,0.09375835911884729,910.7721388462444,1.8068057710754717,518.7923860767478,1.1548501266563613
969,99.56605599734853,8.089227240399442,148.5834919238504,35.366524048679466,24.65297488886704,0.6099389426192081,13.653818745213801,0.09913367904113397,910.6793489162419,1.7608098680891124,518.8296539214748,1.213099144425915
970,99.38719338190677,8.228844883479876,148.1219955777702,39.6206338322464,24.62998140493205,0.5764958022144363,13.65648474906753,0.10169225834170482,910.587090359299,1.72694727058242,518.890757243328,1.1030125805785747
971,99.23044518399243,8.111324324093633,148.1454453353546,39.81766797800393,24.608886546201553,0.5771509278881735,13.663652095263775,0.10864041499930828,910.4973180666507,1.6738272255779703,518.9147687849659,1.0948610778710075
972,99.09838936461729,7.9762568985411715,147.7782192815557,39.84480416641073,24.579596831502357,0.6065790219180485,13.677222000864463,0.12311611573045499,910.4072313183675,1.6248446148527345,518.9022337685922,1.0704830986759273
973,98.88050921252956,9.239006098472336,147.5229154710153,42.308165451161855,24.519517919271916,0.6375386640088126,13.693665527635087,0.14029847037625498,910.3182239535355,1.5583633868127633,518.9054561855875,1.078142963309869
974,98.64720938830999,9.569731397794543,147.51493171785336,42.30017679508592,24.465376957656744,0.6698341504356391,13.711685875838839,0.15451886031122666,910.230120851676,1.4647723585544508,518.9395782506278,1.1595549873790516
975,98.49964484100796,10.31781416617377,147.17186001156438,44.21138892854217,24.443965198319155,0.6433833916694301,13.733978496887783,0.1694923032040386,910.1434123943135,1.3955053550866843,518.9350697060748,1.148160754078808
976,98.33977049871274,10.933491703864787,147.08844616536314,44.624069941491165,24.39227490060036,0.6823969818926461,13.755559324590958,0.1807237098304054,910.0586432964486,1.3575459943060761,518.926331369663,1.1638808364510835
977,98.09990659306146,10.677443077194237,146.77213530888514,46.861863494453225,24.34700894000201,0.6716248760436406,13.778853573711082,0.18795325599652188,909.9778048045632,1.3399456389627213,518.9290977138941,1.1617655322808695
978,97.98554346429079,10.856319473492833,146.62564636090644,47.88562731738825,24.33261454909821,0.6703209268824282,13.797772942552909,0.18827572484730531,909.8894521467727,1.3080455335020194,518.9516763017396,1.1577887070823485
979,97.82797349354897,9.919364324081753,146.25139534041955,46.08792109302756,24.280437253654874,0.6763699469502399,13.81930101197122,0.19134676773921722,909.8035740737682,1.3171272644205791,518.9783181496533,1.2091641376071263
980,97.59307021875138,9.352950255308189,145.76104165141294,42.929771324311325,24.276077231724102,0.6778530157197656,13.844360591250943,0.19134720550652984,909.729738268456,1.299570703484235,518.9857661200597,1.2507085802622466
981,97.43437236389454,8.330443783662988,145.7408817728835,42.948447864262356,24.23973670884381,0.6836075827099639,13.868910811852619,0.19411456092386328,909.6592578300409,1.3106939349594866,518.9998858919728,1.2609716808534037
982,97.23975782462479,7.872902435074174,145.42305080016496,36.70197101966933,24.203733212243492,0.679792742522333,13.893018189331922,0.20055576507307377,909.5875134209577,1.366969752398431,519.0560773064193,1.2477948900356988
983,97.12228879347946,8.202771878089251,145.0243520091907,36.000604937777545,24.17629073882781,0.7034664685239722,13.922452067842782,0.2022818760042362,909.5183023431382,1.4263445692880983,519.0671962956978,1.2201699426361843
984,97.06173868239303,8.245785404589235,144.76729389739216,35.00703678258062,24.111516670782308,0.6767769057899558,13.951134639067618,0.20966595819370104,909.4397648620645,1.5098116752166535,519.0905576757574,1.18791178812353
985,96.9365946669065,8.552113345704782,144.54203771935448,37.833517234124535,24.076541384791195,0.6571937014726449,13.981429389437022,0.2222103226442243,909.3569324160094,1.5936197050920335,519.1339106004696,1.1763445000046684
986,96.77993424747505,9.088708654072034,144.47154667185382,38.26141530420223,24.04698503442194,0.6529493800028092,14.011465072004096,0.23358914591550545,909.2710595306863,1.6727167865565085,519.1308862761272,1.184857835176826
987,96.72173158763847,9.085324658629068,144.31238134802746,37.384208193393874,23.992766543693083,0.5673132908343075,14.035253548629196,0.24129786396863914,909.1833972688192,1.7573556984987713,519.1514424120608,1.199167836861018
988,96.58453932806506,9.304481241190414,144.09638726003314,37.14862903183104,23.95797717072438,0.5366475182830152,14.057142374145739,0.24617071850284505,909.0978657928371,1.798463585704917,519.1924072029136,1.1318686352431861
989,96.46263059457873,8.690182020380375,143.8250545296373,37.960372534182994,23.90755759097517,0.525696845504806,14.081829570894,0.25059046888171604,908.9987872182902,1.8467561775121961,519.2035259997613,1.1400228048221421
990,96.25988475223005,8.60471410011995,143.55081235769134,37.84766630483859,23.87306725776299,0.5108954253869679,14.107447470017972,0.24779783448665832,908.8949614217632,1.850843816169613,519.1894781267874,1.132865222706929
991,96.03255626293472,9.101214135555054,143.33072702367875,38.86423884584843,23.845167132815032,0.49914471692879936,14.133174684228129,0.24369658543764083,908.7957929904386,1.829511365316378,519.2323735933948,1.138978665104804
992,95.84840624639907,9.466776182409996,143.08908543161218,39.04612178538424,23.80498434745625,0.4774259555525066,14.164145698735874,0.24512047540587475,908.6976818361795,1.7926009715980666,519.2666572133024,1.1950730901863302
993,95.6626365759409,9.732913188774935,142.78174207575702,39.60410040128995,23.787108015550356,0.5034146134628139,14.200613504515593,0.2425794146683059,908.6015177859201,1.7674429856642322,519.2882692414059,1.2302631947617448
994,95.48539735633125,9.637147017519476,142.29987808316938,31.963576839527555,23.767360396123685,0.5155046740951673,14.233773796178662,0.23057246986885338,908.5001142388489,1.760804709005142,519.3050192318766,1.2606829874046654
995,95.31149979108751,10.059995671610395,142.16528123551316,34.07723370647436,23.720487288265367,0.5922930749391321,14.26852544344538,0.23000100491808104,908.4036220868272,1.77590246732773,519.3342080787029,1.2862835558563939
996,95.06155684709724,10.134576095649038,141.60786445432706,39.70138441764897,23.706322861102038,0.6050295940478496,14.30500245221527,0.2344605789220954,908.3060576078003,1.7736308355671997,519.3728273185368,1.2542591371011589
997,94.94082996335757,10.499497034180346,141.46538004732002,38.51654422057268,23.648758342720487,0.617009138549572,14.34550133931004,0.2342290459942221,908.211036337098,1.7726219479307164,519.3819225089347,1.2525375189549046
998,94.81551388535541,10.643674276916393,141.2174363693452,37.978287693664434,23.614960406702536,0.6254211689222259,14.385660371761865,0.233312515972848,908.1236475042847,1.7589253165102734,519.4235410192332,1.2908156323896378
999,94.70931661766039,10.73775772346693,140.9530927289825,36.68887590597011,23.557604036219633,0.5953676476627473,14.421656806739861,0.22794023638929437,908.0385801708272,1.7397645737125798,519.4230595368605,1.2911163112750326
1000,94.53101867691177,10.553759424407104,140.44090225641864,32.073777138272554,23.51929611970172,0.5934124926490171,14.454846420270357,0.22354657574862674,907.9599286204532,1.731757112905341,519.4729140507997,1.272437383528683
1001,94.47473539753297,10.531785712428738,140.12492069687735,31.237530842245835,23.471749870747054,0.6456601513851264,14.482901102370414,0.21464689355207922,907.8823815159726,1.7396125276395262,519.5327650317897,1.2119744243407367
1002,94.35532606043307,10.750841389148656,139.92996643620106,33.175661752053934,23.439616659073636,0.6320003274441967,14.510535545470537,0.21083285355091014,907.8149472913913,1.7376020045270215,519.5720968022677,1.0887112424160015
1003,94.09285898138731,11.697652654295963,139.77454807758136,31.490541303419345,23.397855158584143,0.5849382232444388,14.537029915421368,0.20879750803885094,907.746714793116,1.7249730731505506,519.6083041184622,0.9875186117070271
1004,93.9798999919166,11.834725863272242,139.50373627694304,31.60277685627338,23.35092674115911,0.6093479921097673,14.562525303260225,0.2034378437429194,907.6723742684158,1.7320809890900115,519.6749692494864,0.8912109582594953
1005,93.7893585807749,11.498030975715823,139.17494824353494,34.20969035176556,23.285288231078155,0.603880190592636,14.589380034536749,0.20057920836710488,907.587607444527,1.7131606797687218,519.6787044245976,0.8954090216586521
1006,93.6293071477581,10.978469432848563,138.98850453900653,32.80180106206142,23.225782509524283,0.586884337515606,14.617357598705619,0.19690244486126754,907.4988294103803,1.7116345916546571,519.7008790411683,0.9065083686633594
1007,93.44961907750265,11.565581695855059,138.87916838828733,31.90868616265578,23.1996163495779,0.5794208435428647,14.647806700835067,0.19805355974957312,907.4061424780464,1.6784386456270588,519.7157890320907,0.9020618705621732
1008,93.33100240566606,11.265287858323736,138.6496694048371,31.73350381780916,23.16464372436882,0.5829457808356628,14.67589786756354,0.19884572771788814,907.3161789534425,1.7214901286317126,519.7732999356945,0.9630986278599559
1009,93.10380388740583,10.153808879235578,138.57759765187362,31.02191508142423,23.128958961315867,0.5902873656604962,14.706926831836888,0.2026527295990031,907.2242326021918,1.787795253945637,519.8433568272468,0.8514847390470726
1010,92.91932208016753,9.727854045033679,138.49199859462206,31.202432229616033,23.100541756653325,0.6052782127077109,14.737798430644117,0.20678512046376218,907.1304188081309,1.8504930577383938,519.8825607093062,0.9084302790657148
1011,92.78256214849533,9.291228808655415,138.17598994088522,29.513279419688065,23.069874683924258,0.6345795583487407,14.768086908047115,0.20568085618419854,907.0370306309476,1.9407847788652446,519.8927746868806,0.9047552263775684
1012,92.61283821331402,8.306000131311595,137.94951738191543,29.231794340321272,23.039478180495536,0.633187700618414,14.800173610422819,0.20406809843789317,906.9430224233865,1.9824963316047304,519.9318416326507,0.9334422885669833
1013,92.5403447703697,8.276274401465693,137.74269490468612,27.930995766767186,23.040429466115764,0.6328192063268621,14.832547646026688,0.20099086036574293,906.8520649546765,1.9917550743503665,519.9609066585396,0.8908424792892434
1014,92.24329336918728,8.854206950116476,137.70751364052822,27.81629952166929,23.004424906039958,0.668666122867799,14.866953999206205,0.19571105254032542,906.756484572051,2.0117379938642945,519.9881759003779,0.852146828648849
1015,92.01970260792666,9.22872619950298,137.64277902622302,27.89643728752364,22.96764249194172,0.646667106405593,14.896732901366946,0.1908348280170282,906.6589477780492,2.0682172973934945,519.9732654984274,0.8679916418394793
1016,91.79190113572868,8.606149966607754,137.4781334234562,27.727206877254606,22.942976650061045,0.6644061939423032,14.920697812161025,0.18189418302884078,906.5611773439239,2.0874287074302402,520.017722242816,0.8387901336217387
1017,91.61386147595881,9.091473381796577,137.26107359010746,27.349444353150787,22.891658917558917,0.6315306156603208,14.94219276844649,0.17385502591528482,906.4571997466629,2.111012173347999,519.9960008767393,0.8448777506341044
1018,91.3795419672887,8.551228450969436,137.1460924268852,27.01713135589361,22.861795581248888,0.6007855924657255,14.963711436587648,0.16778679184464917,906.3515295397003,2.1478774745198193,519.9716875826441,0.8261448749226306
1019,91.2969522405773,8.778913861743249,136.8484206911818,27.44520693785744,22.81565666111046,0.5327942508887364,14.985974847869464,0.16258587835442972,906.251564671424,2.1788422098438294,519.9422451992186,0.8372277125433955
1020,91.14353988535164,8.91447488962209,136.68834887382963,30.21271924185601,22.757735256582418,0.4684191984110211,15.009765092120231,0.1523387797905145,906.156419639025,2.193601837740746,519.9224157135911,0.8745834516530305
1021,90.98262050314976,8.693975039461904,136.28294583867518,25.069548711159257,22.722404869114975,0.43571946610673656,15.031779010351304,0.14532321158401224,906.0605352892632,2.1775062991827805,519.9426280381141,0.8708499991595695
1022,90.86228941225664,8.096380321807626,136.0356942683913,26.88388927302077,22.674092255047935,0.4886050267142688,15.048846077741686,0.1424934385461899,905.9670319788676,2.1555299882898105,519.9463955020381,0.8685260734776136
1023,90.86941881955998,8.096598217266276,135.78053789957406,29.876476730249593,22.63183849464469,0.5674410405709869,15.064321992319588,0.14056248864106458,905.8723754232074,2.1135303180276774,519.9594232160495,0.8824031460066503
1024,90.78697468335754,8.206393506131192,135.60726407981014,27.12393928683254,22.60283547191959,0.5967860503110977,15.083895954945074,0.13876879447915197,905.7803158130083,2.026302711029143,519.9493078839976,0.8671803204604809
1025,90.73715145913287,8.166473868838553,135.17140606496554,36.2404118969234,22.536601153197658,0.5563538637471365,15.099614079465246,0.13589679107716313,905.6918384294773,1.9427945586498598,519.9791571600693,0.9186528857104954
1026,90.61270145840179,8.484030089843646,134.9947601058903,35.11515814350548,22.51274017241634,0.5741358107043589,15.120704968606676,0.1340207865354304,905.6042747573046,1.8777342844293905,520.0716744237267,0.9409813215055911
1027,90.47246551121363,8.856708180151337,134.7856671226577,37.06168795254875,22.490102386337334,0.5608657224237372,15.143096985375816,0.13080078347573432,905.5140084009564,1.824653011528264,520.1332059182129,0.9482694713254177
1028,90.31827585438447,8.80411965559814,134.51890140848144,37.99221647891212,22.439937295719172,0.5296207901200904,15.174366246070282,0.12395020698062195,905.4281489037749,1.77486106573756,520.1568414848562,0.9417292784295794
1029,90.10280945801506,8.239516877632273,134.37536413406156,37.58199734510479,22.422215711972477,0.5270467944433933,15.206618373742028,0.12608605783193047,905.3393920343602,1.7667007103969514,520.1705864506054,0.9629317733766887
1030,90.00161393813023,8.149192608477943,134.46832205997518,38.493621142834485,22.382503381541042,0.47781853336409785,15.233688907775948,0.1213867541960924,905.2407638288042,1.7100419478423825,520.1710252295296,0.9644913216401471
1031,89.79782358854688,7.438456124239711,134.23712334161203,36.294719539780125,22.330108798996488,0.5199874967273186,15.259981068759599,0.11795772743278309,905.1336359007701,1.7122813231915366,520.179528732998,0.9599669791620856
1032,89.71296981311203,7.135933887527518,133.7807056163833,34.574278538845604,22.29976811717951,0.5014046828087018,15.282731700429373,0.11387099473707493,905.0356895837684,1.7298512681851623,520.204079310604,0.9970345041570317
1033,89.58520780108171,7.129371092399606,133.64102371532115,34.88348953525754,22.279341644088873,0.4896896241174593,15.304256809611848,0.11022275093037534,904.9351593323256,1.7496313401257897,520.2811691635287,0.9666448370748829
1034,89.3747326548492,6.919614837351322,133.3885283174955,34.60722211540281,22.26610400617579,0.4863724273328097,15.324743006871861,0.1092887040331192,904.8411282613271,1.79647036927279,520.3168971537801,0.9360551242196224
1035,89.22241281819886,7.054969977536715,133.10373145104577,38.9612640743139,22.223575543604785,0.47023295148130967,15.345412543229857,0.11385326404353285,904.7510282756218,1.8363371387807197,520.3391713491098,0.9494258991766861
1036,89.0910286107889,7.370808578326592,132.89057254071196,38.33311077065761,22.18436637777602,0.453507534904583,15.363983688639907,0.1154660403691871,904.6578005274029,1.8970818270869179,520.4411452215313,0.9154313874466511
1037,88.92908130658574,6.622044146789906,132.53395453509458,37.25186538290825,22.144320452112698,0.4312077784408488,15.390935472560686,0.11949186819066487,904.5625870886068,1.9802397879411873,520.4437285504447,0.913419153199239
1038,88.7890248097936,6.599144266541801,132.39054403610177,36.288541746512124,22.0995370526996,0.40415093998223983,15.418412438157768,0.11863681767985645,904.4623141063167,2.0318973356591603,520.4659320648068,0.8903684296783689
1039,88.58550461714555,5.69796035604938,132.21146233264156,36.67834464785065,22.05982772397587,0.4279533752711935,15.4419651720654,0.1154173110607315,904.3674536391886,2.119762867384101,520.4961537082723,0.8971396217456649
1040,88.48061426954406,5.624354309571028,132.1879850705012,36.47487819653563,22.012629126030046,0.4258205082843178,15.469762244319812,0.11092063406301755,904.2695659865635,2.206416034446461,520.5127411275865,0.8634639432663046
1041,88.42040874854975,5.693508676059772,132.06885174947882,36.33664014449675,21.976530285568902,0.39112606892503615,15.497940171780636,0.10551369834304551,904.1679309336707,2.2661635134385727,520.5208152083076,0.8640937372587225
1042,88.35927604903927,5.637883360167426,131.90993909950427,36.064921194938876,21.937950831369065,0.3782433832082067,15.525538942760909,0.11248058469298783,904.0671846090964,2.2986314728955484,520.4952800246267,0.8765012052424491
1043,88.2661290411691,5.682001014376685,131.97161903621316,36.56383124373902,21.910313644858356,0.3770187340113082,15.549080246318622,0.11782084557358707,903.9665377713836,2.331360609816238,520.4625169553987,0.9221262223134322
1044,88.09898836335883,6.007168635090959,131.7854586658915,35.90611839655415,21.885103164133458,0.35357909902674917,15.577013214084456,0.11805202049308018,903.871171427011,2.381030620634184,520.4730269167534,0.9307114460560614
1045,87.97954571136287,6.291346109896786,131.87218322721407,36.17375764311092,21.87346959615247,0.36309385207868483,15.602824366279295,0.1268616897030993,903.7797490182463,2.408667149690616,520.4549889913918,0.946756310636508
1046,87.87925012300093,6.628061715042468,131.84152222368996,36.77547434426341,21.82612234384538,0.3741853086268022,15.624209946245466,0.13470528752222546,903.6844111726397,2.445321536148729,520.4569131365463,0.9448118488376459
1047,87.73298529269115,6.9148719102281415,131.33812467680517,38.95920965382043,21.827374364835954,0.3750566326498283,15.646832303255941,0.1469380054725414,903.5876723693625,2.4781523320047896,520.5061596322403,0.9711063764475553
1048,87.64163072665268,6.689217083887763,131.17257189263572,38.68473642670652,21.792479382330228,0.3762920191424558,15.669981105231802,0.160103862070102,903.4860528335021,2.481871024311745,520.5110876791049,0.9762199141547178
1049,87.49087981647736,6.585122237089612,131.08826994746266,38.060416990316604,21.76159655461813,0.38511480799641507,15.693877566353294,0.1672202145210671,903.3882902906794,2.445247183458413,520.5480529859637,0.9384872026443526
1050,87.37122299480933,6.5250708843353955,130.85730691247306,40.15297856708057,21.73267512764447,0.3771118824478924,15.721046805172643,0.1769176503732111,903.2868983424008,2.4016984768917746,520.5506046771872,0.938618564804365
1051,87.2033602578497,5.907323245099041,130.66653288374076,40.87368057542241,21.715724581643556,0.39024157859382813,15.751789782819733,0.17986371152633504,903.1924597368114,2.3376735442620906,520.5919070796278,1.019993399562717
1052,87.08357655015408,5.8112923308680475,130.4169762750908,44.18331074576611,21.677211604448065,0.3744151513249616,15.783006694909329,0.18833530184093422,903.0905652689834,2.236081903681349,520.6776846059742,1.1092264859738803
1053,87.05853369523092,5.903404738034234,130.1089215943154,42.09903946394224,21.631799866198868,0.36170980409283304,15.81244692082794,0.19354911366066196,902.9834955362193,2.1373292229116747,520.7287072976792,1.077810770908876
1054,87.02095596842594,5.701051539703994,129.97208802540328,42.3212049688073,21.620903085712794,0.3606526713546309,15.84046981300005,0.19116247736842773,902.8750077335983,2.10129923395547,520.6858594755228,1.1808284377819573
1055,86.92475952108278,5.58145850597363,130.00305481354857,42.196143350621526,21.615543865969997,0.3610271756763118,15.865592316025998,0.1896342544006531,902.7679320621073,2.0746770268483092,520.7009610529891,1.1809846780171513
1056,86.73649569800759,5.67310466105484,129.70229842884038,41.736307396160655,21.612917125493965,0.35980522825717604,15.889805367671977,0.18795616195898918,902.6575830291989,2.106046043114948,520.6926532604224,1.1880222057107155
1057,86.67283535575852,5.783527715934626,129.38063294544676,40.016443219974065,21.595474073575538,0.3363803314471781,15.911129937193486,0.18991369314914705,902.5427309184072,2.1437018234351535,520.7079872285246,1.1760674571746892
1058,86.5144609390314,5.423990196786314,129.2814896290887,39.694464286048564,21.54693089650125,0.3885251403421995,15.934409870274555,0.1916800141027898,902.4326534803367,2.2250337721232674,520.7069733691217,1.1740613997875256
1059,86.32903609621133,5.848877225919509,128.97330505296648,36.664341140803835,21.525873298226593,0.3846131398581437,15.958822926769388,0.20119440451854098,902.3213002998868,2.3483431757216366,520.7173183793682,1.1809348632395689
1060,86.11001528541213,6.816213673720218,128.80701575997674,35.8790201230012,21.486574331489283,0.41211167315225844,15.982579375807502,0.21006442188558816,902.2048646435476,2.507425341845286,520.6830281787408,1.181118470520383
1061,85.9608844686149,6.441068361317756,128.728899453318,35.50723482961349,21.477435565308404,0.40950285467635045,16.01144844500787,0.2228494657312228,902.087719866979,2.6985971378553075,520.6944615477591,1.1709404726011752
1062,85.78701912699975,6.058418320224442,128.63697539547667,35.12660790919612,21.44886802168898,0.40134882698931124,16.041179666385545,0.239755953320811,901.9661966226611,2.857974027924304,520.7174608236842,1.2234075508089435
1063,85.58328556378633,5.980797039585029,128.62512835128018,34.961471132473505,21.398190534042005,0.3823746705852307,16.07059961222018,0.25529116913222477,901.8417922482839,2.9697792614704777,520.7755641360407,1.3017747603289913
1064,85.54116762588293,6.204535040099275,128.39039926798597,33.0131929495137,21.3677999353476,0.413900363472414,16.09972123676398,0.27178929232093996,901.7257798025385,3.0578009599003018,520.8294579204953,1.3574047155111648
1065,85.47439441133761,6.402966334293682,128.21322503200892,32.03004919745353,21.32728696430356,0.41396920618153166,16.13160731779374,0.28659793124488764,901.6136303464705,3.1694658343744493,520.846905279065,1.3105907994844148
1066,85.35638071184816,6.5994485821888045,127.98830001160202,31.92719285856927,21.292310102434925,0.42809935271209526,16.170165722009575,0.29746559959962987,901.4930764148559,3.291909893241308,520.8507801881285,1.3108524342846544
1067,85.30353117956226,6.678723904785512,127.82057265608357,31.688176425063617,21.27901607946428,0.41913894940901314,16.212070099874037,0.3096135711877251,901.3797875180899,3.4005849537977646,520.8767121411611,1.2638072652960866
1068,85.22811686862339,6.737628367553235,127.45672941536404,32.422919848883396,21.238991840517233,0.38850809739741415,16.250030571156895,0.3150907980016093,901.2729439209148,3.489067393918056,520.9223879365054,1.2634242686107025
1069,85.15290454172944,6.606875439047757,127.29480717058783,33.2731835150595,21.192433885381824,0.3858793494515546,16.288863878585875,0.324469906376355,901.1557289628436,3.6072548823928603,520.9635846832647,1.1897233817112045
1070,85.10982005902592,6.5415030841213655,127.39624165482172,33.1666200078695,21.1701507366447,0.37929054082001645,16.329420583405206,0.33161660002082005,901.0355645813419,3.6931852963811083,521.0012440077676,1.0723320817366913
1071,85.02942914379432,6.437795381100183,127.06193441357858,35.22689581162233,21.13874718717482,0.35552716036373133,16.37029472567491,0.33887041427599135,900.9193974899407,3.7140565396756964,521.052498893108,1.1352837447753377
1072,84.84169569617929,6.162423609097032,127.14365544382214,35.44748000182681,21.128740647459214,0.36430543405565313,16.41168735777507,0.3413683717988258,900.8071012873739,3.686392183305304,521.0752210220503,1.1000709190245728
1073,84.67219883430036,5.448220454123293,127.10541382295507,35.782937558744116,21.137596529988464,0.3601597974048195,16.454755391822065,0.34363809597572226,900.6914476545005,3.6556872300676257,521.1088472749004,1.1377577519216582
1074,84.48913086985539,5.837830165192721,126.69676000569636,34.091188027566105,21.12523128803784,0.3612716936304457,16.49707599802799,0.35233156864135506,900.5713296795133,3.568712423314205,521.1176809792272,1.12958160759634
1075,84.31387881349963,5.4350091270493985,126.84713162181266,31.40024642826528,21.115364432343178,0.3643725544240113,16.54228852570135,0.3528673503760302,900.447348175781,3.4731338873382085,521.1325320363943,1.1538766677982613
1076,84.1264624179943,6.426489997676622,126.69109910298053,30.407255967755937,21.074793099265136,0.40961201097739813,16.58577112020727,0.3632394568891644,900.3255251935021,3.3759176174791756,521.1075448797353,1.1175744953809383
1077,84.03667156680075,6.534941251949228,126.65639272001653,30.58008819435349,21.035754036553534,0.3943580506193364,16.627643873372573,0.3684821006937985,900.2055052770946,3.296406922201025,521.0837926008519,1.1171241577728235
1078,83.91868420610122,6.58782158202703,126.77836745590898,31.228774334979075,21.020506616734814,0.39103568759159796,16.665502752997526,0.3787589272513224,900.0760536854817,3.2351989077157275,521.1262348859341,1.1653150727833532
1079,83.86035253945846,6.497341250309169,126.63098567149459,30.666358153040925,20.99120382890024,0.3718523656585278,16.700360820579505,0.3942504892475555,899.9533255857954,3.203387915739537,521.1186371369176,1.1660777172415846
1080,83.69728054345785,6.462707603703347,126.3032240602087,26.057629070160328,20.95955733232229,0.35567888389455127,16.739147752792448,0.3991403786714805,899.8259683791089,3.194996626086127,521.1145770150209,1.1602338918661037
1081,83.60730282240952,6.350301057362254,126.14271456032367,25.075777519262903,20.960938909558866,0.3549073546948693,16.776905198926798,0.4011548410664312,899.7082993392916,3.2454504754984086,521.1186640098614,1.1528331895183799
1082,83.43668440312582,5.795423770184379,126.11583876137223,25.204982801249855,20.93552890057323,0.34074783483144977,16.81476555999831,0.39364275300039875,899.5922460493098,3.2462789540683428,521.0932103366872,1.1630607520638498
1083,83.32091867575487,5.746456336827725,125.95492919004587,25.508415299483744,20.909278267496656,0.3149659593150609,16.85375983002006,0.3848226477273637,899.4697342735,3.3007910727061835,521.1178615981484,1.2378925613150806
1084,83.2256078342303,5.931168037144347,125.8547343818089,25.645657288464914,20.878505045295455,0.2897603089734248,16.89572906094151,0.38300684689323883,899.3383824649331,3.4065605830212684,521.1390202209058,1.2453726828106424
1085,83.16484130039375,5.888908894035352,125.94741420861766,24.709570898461802,20.865036239062515,0.2853873025813426,16.93598841721058,0.3871683967004588,899.2049736035046,3.4828302898575108,521.147541289736,1.2496988253125674
1086,83.09162207773996,5.928435773522223,125.80043367371056,24.840439923759593,20.84945595335907,0.27947291769755006,16.978082176961603,0.38346058760905044,899.0744038650748,3.575956436153044,521.1181824035716,1.1952157856304797
1087,82.93469759159291,5.835363987476532,125.85927498494871,24.95135505234297,20.826374967193164,0.2784783676525986,17.01774900381847,0.3930293016453888,898.9419269550748,3.7160545064578026,521.1351324903453,1.1752367798891266
1088,82.85596078615508,5.74312806795962,125.7683429417054,24.193960272347184,20.806282161954318,0.2793091870706352,17.05850943442094,0.3977900719948918,898.8091634576506,3.8356607317515383,521.1721862353743,1.195949500290209
1089,82.77643742738057,5.586566311206577,125.55020733885794,26.132818959989486,20.79709325327026,0.2837756613626375,17.10345671567424,0.39730631757531176,898.6738077997438,3.983688074625094,521.20948481278,1.2787674074703674
1090,82.73494040862339,5.378103891525999,125.36364203228302,23.94797335243778,20.772703705386704,0.3094708460021211,17.147334356090667,0.4011630426525481,898.5427463211008,4.103317416585685,521.2635667479096,1.2831668579965574
1091,82.60544042106689,5.252607668321104,125.19945264775367,23.836598688269916,20.73134382652371,0.32829171489190406,17.187971365297752,0.3963983839005156,898.4033073896898,4.265288778308531,521.2972617545868,1.3050900708448858
1092,82.46411998094833,4.895098651482329,125.02237722295209,24.083560447641233,20.71833650535366,0.3254684682655003,17.224386360243404,0.3985979852755049,898.2593913467017,4.408695309421297,521.3353712872092,1.2481591197986877
1093,82.31673072614193,4.992318521071805,124.77334775322721,20.870248002378656,20.70363558181719,0.3201759512991196,17.267055937615076,0.4036499956561236,898.112464939253,4.563939601000939,521.4059408817031,1.1575771400988542
1094,82.25610240739181,5.085285785437557,124.65015041903804,20.577581699910212,20.673490902914203,0.30289829021809755,17.308273008778805,0.40433878335855317,897.9593497651667,4.746521400447886,521.4601233423832,1.273938333208823
1095,82.15324286388031,5.271853371186004,124.2762794746071,19.28114422884879,20.657618562927542,0.29883861983373455,17.35013629340104,0.4145754834012517,897.7987139643191,4.911468597193908,521.5014797237156,1.200535760434293
1096,82.13821229350569,5.23334221361153,124.35201275132665,19.134832364646154,20.65724226680435,0.29892732543142103,17.395715989910673,0.4233603117707153,897.6409114271632,5.073983205868599,521.5471038399227,1.1656372230257976
1097,82.11042362457347,5.212380314486789,124.4289390037146,18.257550997623973,20.62147172827367,0.25034975903129053,17.43783391431296,0.432146088627953,897.476406219292,5.2821364823815475,521.5738415772526,1.224694808539087
1098,81.94959092163339,5.027597474069008,124.37115575029355,18.01176218915346,20.612300896345324,0.2489638827778915,17.479367178222915,0.44024463313960993,897.3080172105249,5.496400815161684,521.62946143964,1.3301583986694034
1099,81.84142744004563,5.129969648209397,124.13713378068793,16.795326706837088,20.58544946930406,0.27116725551424736,17.520995591705532,0.43733842068974266,897.1343222199166,5.633539214754223,521.6530071765803,1.3253982990131015
1100,81.73841658825955,5.062623568347562,124.22154298454882,16.569683140300878,20.58191049646108,0.2676460853245481,17.561998339147056,0.44111729447400727,896.9679083921152,5.700854019795744,521.697424672227,1.3320670864559647
1101,81.70443226419565,4.901515127568151,124.2513796186417,16.609317900098777,20.569717083091817,0.26664476298412454,17.601503573680308,0.43771732323582335,896.7955996770443,5.693315006727429,521.681577253634,1.3164286760829629
1102,81.60035749170679,4.840462356939077,124.43162456072614,15.862243208337885,20.563165258853722,0.2639068188778794,17.63963775367491,0.4387742010963133,896.6259734371275,5.647878718845516,521.6633065947672,1.2731844380293131
1103,81.51089269071228,4.6851907221926465,124.26863534887016,16.709780719150494,20.558484471799616,0.2641125777859938,17.683034447952895,0.44267918118730787,896.4596583169764,5.61002316615194,521.6663236243016,1.273724245256826
1104,81.40710054547424,3.6927865498870345,124.34939366762035,17.29223542725143,20.52256090129307,0.2668356917418055,17.728241766639847,0.4343613588551823,896.3025585104889,5.5871996527461,521.76248319176,1.1064423283479845
1105,81.32911454450543,3.3968590888859747,124.17296428896576,17.252294996477247,20.488932823430837,0.25972899549712697,17.775220212983694,0.42228278777506056,896.1441897820869,5.560110721827474,521.8167110463202,1.177504994994651
1106,81.24174241588906,3.679343863054881,124.00396304700925,19.05631469043338,20.450217252386093,0.23294071336756114,17.819652746406568,0.4007413877072083,895.9946507471982,5.558022407138864,521.8337253353103,1.131468237982045
1107,81.09082746841607,3.8875260802440645,123.95121187926915,19.1829854981449,20.427081298748657,0.19473760359994924,17.86397944323331,0.37766560943027816,895.8423342111678,5.6072003320069985,521.8606142299459,1.1054960715632776
1108,81.02662007601334,3.7456454959317287,123.77484791488742,19.121193753280583,20.422570806815713,0.20123934469080293,17.905412583012993,0.35171311985530357,895.68945180478,5.674043924423033,521.8601803862834,1.1056904853967024
1109,81.11176116989603,4.044971376494296,123.60122788920361,19.754726956798507,20.389609663368265,0.20992536915492613,17.943616006423525,0.33444202199776313,895.5428947498995,5.742705782635057,521.8716970146016,1.0990699622065527
1110,81.200170139946,3.978955059875253,123.47411803484945,19.6687093322611,20.391728559204218,0.20924726577721867,17.9811552006539,0.31327140379452173,895.40165770632,5.8350811398256,521.9142750375448,1.013197832190921
1111,81.1496682987665,3.8653432977980566,123.37420247554024,19.01108192996404,20.38269417443425,0.19485966211191744,18.01334951588136,0.29640874776189624,895.2616793945168,5.953090865870133,521.9307702175586,0.9804847733791158
1112,81.13366065530114,3.830587927729666,123.24650588061279,18.513066826111054,20.357676623946666,0.20031248569177235,18.043419151077618,0.282391806397225,895.1271477302766,6.011148039880547,521.9334034349731,0.9833463754736992
1113,81.15671658178076,3.8404553892958977,123.0829031072126,15.87196843413478,20.366262316849763,0.2036893932879,18.068546650862913,0.26302504758352035,894.9885974783101,6.058684555417789,521.8983201805187,0.9785462191227334
1114,81.05690526744893,4.185880564448552,122.94225450923118,15.820933402221286,20.37236165937242,0.20242098218661342,18.09115129316802,0.24346812401347273,894.8517220888306,6.0112936992762735,521.9086867209315,0.9999415079864783
1115,81.02086256283751,4.153342362173506,122.85788994951058,15.54850631698307,20.36229239338141,0.20828113362914213,18.117905968389593,0.22734553662597073,894.7093787620679,5.999978189870631,521.9615933908236,0.9294512251345602
1116,81.04329358446995,4.207265457577472,122.83310706412452,15.587115053688423,20.345038077424746,0.22756367906250835,18.142349871062624,0.21407212559101263,894.5732527096777,6.000712857041446,521.9674175856969,0.9194656996336575
1117,81.06397089951496,4.322763401992206,122.93466597744373,16.429557271160547,20.31661775185372,0.21351330767959656,18.16368440489499,0.2036714666658402,894.4290840285116,5.99224514483832,521.9796982797033,0.8933142718022984
1118,81.02638738497568,4.245067462480244,122.88532042910256,17.093261514401824,20.296573901181382,0.22064292215231052,18.188764404661345,0.1883951185550407,894.2851885587979,5.9056260502206905,522.0020149955087,0.9208411425758714
1119,80.89060240309587,4.298016961653511,122.81641643817288,17.630259307456345,20.307440475851926,0.22173151932076055,18.21420558059508,0.17765635801972163,894.1461871155304,5.877492994937609,522.0138371205996,0.9059771884356869
1120,80.81899994454379,3.9834238652030725,122.8395179478485,17.965758302266,20.292100223848863,0.21904469171307073,18.242331302276533,0.17101408016078343,894.0108530131557,5.800363028543627,522.0850784991565,0.9245945407009751
1121,80.76857969765439,3.8149094614051897,122.90213007385255,17.268860254220133,20.282417473986666,0.21487872735404373,18.2697739136473,0.16477972101229502,893.8698125792235,5.650997206113924,522.0330325784087,0.9724064755051286
1122,80.78510899881547,3.8350602908570357,122.53697378609245,18.297269833106174,20.278465768543242,0.2142779724094141,18.297303125549348,0.15691811309657333,893.7190753747263,5.46221191609848,522.0435633392767,0.9530110460217368
1123,80.75044067232801,3.7678646522399384,122.69917608665381,19.392026226584118,20.249753940634186,0.20588239122255758,18.324429243035013,0.15155004377906064,893.5676409693779,5.289513109799618,522.0356629378749,0.9490650719317477
1124,80.84619776012903,3.876664980574524,122.62866617554062,20.214174679642134,20.23505453256164,0.20083263216562489,18.350131285277875,0.148395361367709,893.4120401541252,5.0979092300059605,522.067250937846,0.9244924595538785
1125,80.83128213786041,3.87864816071534,122.60385638466136,20.28880431089835,20.230775515820167,0.19751645074605367,18.375511123249648,0.14463898181226692,893.2597682555585,4.89751773736388,522.0847853258481,0.9481217516139074
1126,80.89507585197944,3.575849178223494,122.5922879495081,20.21563094110538,20.239394881800266,0.18898178604308558,18.400288025937712,0.1446136824992246,893.1107918821776,4.647541804536301,522.1072274080874,0.9331127403311033
1127,80.85984992965429,3.6127391594291427,122.61529883484114,20.278438616563545,20.23136270235708,0.19169347808346193,18.427737439254347,0.14389097728091524,892.9595361313444,4.4089051917074045,522.1416056925666,0.8802257918686331
1128,80.84765988687835,3.621449403816013,122.28038367265171,19.217682615900866,20.223211773999655,0.18632627831251275,18.455518027876227,0.14269716157817655,892.8190298489551,4.1983653766614335,522.1251218643636,0.8742721077402626
1129,80.79504127442165,3.5082155117416796,122.4212346982826,20.95976910706033,20.198335428151598,0.19844024688037964,18.487635936217828,0.14948250585086492,892.6802658814256,3.9563079003753274,522.1434567534916,0.8446141201639822
1130,80.80381563410774,3.4943558667794052,122.37068675542133,20.804679299453646,20.167609050414953,0.23082777162416077,18.524421156232115,0.1618546598154328,892.540502337016,3.7756052945154748,522.147017233985,0.842173716999724
1131,80.79482684302904,3.47617740586809,122.2623458760309,20.764312566453118,20.156067498315068,0.22444989941293866,18.563215022274193,0.17405762847668368,892.3988794282628,3.6007318602624423,522.1914571788819,0.7762636689071927
1132,80.69496954424434,3.9634896491767737,122.10058472972291,21.79555144795656,20.154599383300138,0.22326942749860162,18.606420617213576,0.18644112727048348,892.2581080968043,3.3428429768849126,522.2021046547337,0.7402385644638532
1133,80.67577919257094,3.9820224776892457,122.12709104896389,21.775939778567775,20.15769295557194,0.22749045511668683,18.64764948640215,0.1950212026443463,892.125285687185,3.1428202569551646,522.2020793712146,0.740186627670335
1134,80.69784503436763,3.973273137309845,122.22286089805144,22.352132938155837,20.14918245064337,0.22471657425716138,18.685284150350643,0.2086292154661792,892.0015848570749,2.9989889215351524,522.2206811601438,0.743386842801571
1135,80.66907286193182,3.937216270090742,122.12954705734865,22.588290560015928,20.14361511526243,0.22007455433822037,18.72341126138368,0.2258893809872144,891.8787700275982,2.8371300469937406,522.2404587964149,0.7380973812379125
1136,80.59788866923556,4.1376734982330055,121.91989126555423,24.942849715907734,20.143829952768765,0.22030052602517783,18.764899399829048,0.24784134782228118,891.7579393058736,2.667759831641306,522.2916774830367,0.7718192421935853
1137,80.63208886216422,4.111198524654716,121.68586272249792,24.67016331044117,20.138654918951758,0.22018027070159668,18.801922726265232,0.2667277508708825,891.6368326320047,2.555797695695642,522.3391465655195,0.756722469033386
1138,80.60484851071074,4.099999952608147,121.50138720469438,24.136945334002803,20.126567710766025,0.22365951548575133,18.83793497278741,0.2810406875297594,891.507008555582,2.476977053642978,522.3500485192968,0.7629935402402939
1139,80.60059569181425,4.090593750452821,121.43343657865006,25.15142994217696,20.112706979438425,0.22740378220515423,18.872841176110605,0.2964748135769021,891.3812204018244,2.4171883559289653,522.3547222862048,0.772300599673651
1140,80.54133318359698,3.833312628645312,121.3571178812629,24.64867927782711,20.116901451537483,0.22439905395453244,18.90991399544309,0.31923670065825965,891.2515217543306,2.3309932294190747,522.3459291048406,0.7712547604326065
1141,80.5577265036587,3.8255456911884242,121.4027389537569,24.766902382149738,20.141884015966003,0.22390057571159475,18.950363030959355,0.33634196498012475,891.1346119036624,2.258924357015669,522.3655942570332,0.7944302866208811
1142,80.55490776806663,3.8277628639044354,121.33395504592511,25.200283621648083,20.141552981185928,0.2236600569512402,18.993152857678936,0.3576617154589549,891.0123771875644,2.230031908662791,522.4083011175305,0.8134112176807481
1143,80.60090527770534,3.72962058986634,121.32171396843349,25.116322272531384,20.12952021268312,0.22160924848933325,19.031573646997966,0.38264560117245944,890.8957800032823,2.2000451149351754,522.3666693340886,0.8917758169198445
1144,80.6146094070475,3.7227458742946204,121.17811748494452,25.715316890306095,20.138301624065857,0.22701103532523606,19.07277516973237,0.40821942097399655,890.7863006586152,2.1898334178530443,522.3830985431244,0.9546679803341499
1145,80.69577573855705,3.7423555370038044,121.11311510922062,26.50530893227579,20.135687086636594,0.22598807992935266,19.10884745075833,0.4307904120572454,890.6769342775239,2.213445740355809,522.4151091367512,0.9576849040957917
1146,80.75825538911852,4.234594639991941,120.90747326732073,26.879036111149222,20.123709486023255,0.22346116550494355,19.141622745881318,0.45092422628439083,890.566241744782,2.2402793577338644,522.4401488348284,0.9826454032575583
1147,80.68312807881091,4.35719785336214,120.8158992430722,27.33231936455586,20.118224613766447,0.2217548018812263,19.175030158272296,0.46788671460754716,890.4602337808775,2.313277662200129,522.4546142464463,1.018822764109911
1148,80.60995543355293,4.9401450011228905,120.80042802279817,27.210923880963897,20.11409084504212,0.2197118654953387,19.206066960163962,0.47915170668496904,890.354848556449,2.4171959249624027,522.4328832536248,0.9773902805721656
1149,80.61908697725323,4.909236126946261,120.84429020831588,27.320560422342574,20.126209073475167,0.21242152881967938,19.2367444735331,0.482420763552498,890.2488375148522,2.51675903505893,522.4417726291606,0.9758613775225977
1150,80.59606606136201,4.98666618754762,120.6611577241116,27.451870418788562,20.125295683365152,0.21086661523952752,19.264852097625393,0.48606999888307406,890.1332819608876,2.6081151779641805,522.4508136388573,0.98765073263643
1151,80.57169679882394,4.887118681393894,120.48999729935623,27.179864601886145,20.119043870510055,0.21044873735117475,19.292055497691294,0.48211949635741097,890.0244969688553,2.653191941501905,522.5310943096075,1.1994796032975905
1152,80.6510864082814,5.002366473097066,120.54032661757542,27.956349122957104,20.094687658702522,0.2158349010770969,19.318122613554966,0.4786134274580647,889.9070512592917,2.7252255433696626,522.5426046507279,1.2024476229056271
1153,80.68739026290095,5.032579286982733,120.67822516364227,28.115525311245847,20.091136666682548,0.2140914457795278,19.341003210730417,0.48014490139482574,889.7904305609793,2.7889599261188267,522.5546627414077,1.1921300872996443
1154,80.61155692104923,4.877198323113248,120.3514856381631,27.329573417798766,20.098044589751105,0.20962804507669391,19.36340114171605,0.4780153009984733,889.6677504073524,2.8568830966791405,522.5780163476697,1.2533010593257992
1155,80.62367209135856,4.901010504108866,120.49747914274737,28.279045721217425,20.09134087862714,0.2163822092910108,19.384298760823736,0.47583168626236033,889.5446361916415,2.9413239664228326,522.5227596323239,1.2695841901820912
1156,80.73100080502637,4.796480386555501,120.84406515414949,30.137001057984143,20.103437953198988,0.21751209073956887,19.40732187971488,0.468805399995091,889.427716868431,2.9583541871488137,522.564709772299,1.2207650819818294
1157,80.83306086157626,4.481332036647606,120.82652580475975,30.129541559696936,20.05642185442028,0.2737368460829967,19.433238435858808,0.46470799248497724,889.3156321496026,3.009002308014969,522.574102622502,1.2152350485118766
1158,80.8549319305902,4.492003502983631,120.81949981144902,30.149229440349234,20.069826364892535,0.27039206121818044,19.461301763028295,0.45714327202799265,889.2144545520434,3.022400979064308,522.617512709113,1.2258144524172647
1159,80.76323574049948,4.1516243363939145,120.84261590098244,30.02215649090682,20.059903027504173,0.287808790693229,19.49318972825435,0.45571370570119546,889.1094389270352,3.0362576946684334,522.6466257726587,1.2239088656156083
1160,80.66660689747803,4.177328182080888,120.81592891181695,30.06599549852266,20.057246267695767,0.28693132934752114,19.52512359104394,0.45009039905257314,889.0035902399521,3.053941680429312,522.6494700243998,1.220381146535932
1161,80.70311663377336,4.269912864300199,120.8291523785571,30.1647509081391,20.047182481327237,0.2738302003327999,19.55800889812522,0.4384144859068797,888.9048939070915,3.054452821933733,522.6997825469404,1.2148700070613
1162,80.74858409537596,4.475554263558215,120.74599357073174,30.30690326457846,20.06519370393023,0.2750078675493065,19.593269326014266,0.4281661943402641,888.7994331976392,3.0262623041905705,522.6977945024956,1.2157547826193915
1163,80.66952972477661,4.59722047079799,120.70483653886288,29.867569547814337,20.061561070721297,0.27044747169962474,19.628591383335074,0.3977913210253187,888.6977462598355,2.998197871539735,522.7401626831584,1.1678570429030772
1164,80.77744100981207,4.352777574367034,120.73478391275523,29.84942002605902,20.046513081762168,0.2707650454633037,19.66738401113267,0.3616000408940127,888.5898753934704,2.9261341855785803,522.7339733843131,1.1642929244777056
1165,80.7502766500707,4.400608755154239,120.65312510676317,29.909776809810655,20.05593248661988,0.27104735014624615,19.70104937788098,0.3365595318663279,888.4984928185874,2.8455364188578325,522.7643989876622,1.2025676162341652
1166,80.73100692846752,4.339716231192557,120.68589929095646,30.017624481275874,20.06579850188552,0.2621980007770724,19.735200568816047,0.3094339261496204,888.4105708832587,2.7409380823561076,522.7964554032908,1.1561835083120473
1167,80.60735045379563,4.201679432861176,120.50228109770775,28.405187855273923,20.0655776662968,0.2622920335582311,19.769433598633768,0.2780661627277977,888.3299928688085,2.6519735192257095,522.7769234587149,1.2374146890409266
1168,80.6356935240045,4.271415940197745,120.56594488042576,27.904098063389576,20.07672327563829,0.2586229879427094,19.80390130632019,0.2485075210644753,888.2493833393913,2.5286273089359335,522.7589890701931,1.2397258084076215
1169,80.72586676491433,4.077514984915203,120.64767549752767,27.694925683778866,20.065191160753233,0.2524215594904014,19.83235760310658,0.22086208832313708,888.1731732202475,2.4161328448541255,522.7943384734243,1.2248988005502457
1170,80.75619449195909,4.153938995060019,120.46813113071603,25.68872890821137,20.060185982988948,0.2543187366380065,19.855826442929374,0.19970757231529285,888.0949598309496,2.274865364392862,522.770209569588,1.196680477145706
1171,80.78136127289366,4.206910029263326,120.47480755587951,25.670711718249752,20.063957529291546,0.25653723361717473,19.883111730931507,0.17985411502797702,888.0143632580423,2.132806504975931,522.8565320855577,1.135455187175958
1172,80.7768887412501,4.198727155230256,120.58480392383319,24.42050971434579,20.070272568090008,0.26100804620710627,19.910704318087717,0.1587229546248189,887.9485654181219,1.9967411269860322,522.8771678748764,1.095368506746454
1173,80.81636050074664,4.28258249761925,120.43162104940171,22.65655626597719,20.07410821897884,0.2587637612951786,19.934927712879745,0.13770398848269472,887.8772655242294,1.8918442922644874,522.9163998706132,1.1090482217189883
1174,80.74968199468647,4.105815564098288,120.58773013991251,22.204414939711064,20.07793178390499,0.25925395977173105,19.958922220176415,0.11677618361479539,887.8106886411329,1.7974413038482375,522.9531934713085,1.1424646593153416
1175,80.79202089158431,4.165290481843699,120.65827636182406,22.443798951326475,20.07297784640105,0.25615643576887426,19.984509090416374,0.09551036642091491,887.7439222688097,1.6983154012731252,522.9634577349048,1.1523724270948763
1176,80.79582153391159,4.1608950422629665,120.62973887975204,22.207881658937485,20.079297598659412,0.2567657191140549,20.008849114206583,0.07656703768129286,887.670594997007,1.5871828052072154,522.9956862086425,1.1625994969259739
1177,80.86095165453916,4.198581967772734,120.71606108011657,23.265181361771816,20.088798212861104,0.2572042215382578,20.03155331385412,0.059643179828089664,887.5934366043068,1.5138242332368466,523.0194239287841,1.1536835225970539
1178,80.88040190210748,4.1912170643103215,120.7413724124871,23.034330405632367,20.092530467459003,0.25986105240849744,20.05272202090866,0.04245616313487787,887.5149543909896,1.4185869900165815,523.0584052402455,1.1404669576383253
1179,80.92113354763308,4.247566053970764,120.70992047134378,22.365456575374463,20.125299011133933,0.26391029472126676,20.066300098013517,0.0329787959023119,887.4312260136096,1.321360127773072,523.0845186441087,1.1075014408941355
1180,80.93846741045866,4.238663812456177,120.57398692305523,22.75512139067969,20.15706117045923,0.23481849213728528,20.07208884648405,0.029032847023838793,887.355890845397,1.2486560025782942,523.1233129253802,1.0888435605087932
1181,80.93151114867945,4.232180917083653,120.75555148890831,24.11311629114399,20.157844362868776,0.23482840345657965,20.074868286208673,0.027125846145779346,887.2791079374276,1.2021021638737948,523.139123202389,1.082956421103289
1182,81.04187391564598,3.6982954105780568,120.9600902483353,23.80810296016402,20.156581131807535,0.23399355492590995,20.07772229766663,0.025963596461084464,887.1940821828928,1.1423000893779665,523.1902966245937,0.9701354687465878
1183,81.03182507935941,3.7301987401021606,120.9169787501276,23.77311846318165,20.137369805383052,0.22321922315269135,20.080840366548795,0.02442619953313415,887.113276812484,1.070526118939414,523.1862718801091,0.9707999359190387
1184,81.08483402948868,3.8720314514878527,120.58349619306111,24.841641221440053,20.136208052369156,0.22337439774658707,20.083337237735112,0.023227912932395223,887.0295231926825,1.0063581339662389,523.2005557634012,0.968596337468336
1185,81.11584705084944,3.888056986642047,120.52301519666057,25.268959105125898,20.14239775306509,0.2288215222287654,20.081092109198977,0.024414596778713226,886.9499801431205,0.919144110305443,523.2530889888436,1.041550011491518
1186,81.15700066353143,3.666871848793696,120.69732369265147,23.500217385365872,20.108360904015004,0.2504809277829477,20.075834348564307,0.026231018435054727,886.8720259392061,0.8197813346990661,523.24551607782,1.0348963436903402
1187,81.15717455199439,3.666849823703269,120.8770026396088,23.58379166558696,20.116654772691415,0.2524797821075412,20.0716030175813,0.02813553265013373,886.8046635416882,0.7372533983493846,523.2724277044771,1.0766434875630368
1188,81.17567771402632,3.6455165449340745,120.92346642125045,23.456672394498703,20.143456112495084,0.26502527145099464,20.067784504016863,0.03008510098120667,886.7452755480139,0.693119020030901,523.3003620237431,1.0943714914999374
1189,81.20684721033408,3.7198231945588027,121.14070616339151,22.061011247828638,20.166377754292046,0.26777947474005964,20.062382996244743,0.032900718462861765,886.6817241670749,0.6632849616485763,523.3122392699946,1.1049305265690528
1190,81.22249894422592,3.732386063488574,121.11528798463127,22.01164078013891,20.1897013759091,0.2808075438690363,20.052534001897495,0.03661190354106879,886.6237984542203,0.6279804269876934,523.3504196168808,1.0902782167673817
1191,81.29420185402704,3.916974185181082,121.13127994892666,22.111729701034367,20.190668519017287,0.2819487203973742,20.041807748134385,0.04026210206576696,886.5588124762439,0.5807097210005198,523.3589819567787,1.0952446673457428
1192,81.29598607650856,3.912786484344349,121.1390512872757,22.04227238961642,20.21369814342936,0.3225098795938673,20.02847722388458,0.042513673701180935,886.5015727734796,0.5605868042421892,523.350931734084,1.0933358484859077
1193,81.3529220690292,4.003570904903059,121.10486123669496,21.874392125437595,20.21633510854206,0.3212674825287882,20.010709653827963,0.048760150033637706,886.445805552667,0.5267510227784203,523.4542447237312,1.0099659101430214
1194,81.40791882260798,4.082030965212972,121.32754177043488,21.85932360068546,20.218123043322485,0.32302744345372214,19.987883388856723,0.057312883981927,886.3900345065637,0.4883298560289445,523.4600156555426,1.025847886717433
1195,81.39167201727614,4.048981363510803,121.7938240824342,25.343903475478413,20.23428458427294,0.33757881446810667,19.965944871454433,0.0674385420621837,886.3351098188868,0.4708462020080633,523.4742057665501,1.0297050514218655
1196,81.33720818735527,3.6684700980621816,122.06602731707363,25.262738209115106,20.245977380975937,0.3372404990707356,19.947122799569954,0.07440892752073641,886.2775477162936,0.4720080607636635,523.4833858808956,1.035190237843197
1197,81.4349644068972,3.4890530988258543,122.21469783563666,24.571960285863355,20.270059804315476,0.36084756530240353,19.92573437205565,0.08439740391839355,886.2209530585584,0.48800446075483395,523.4930530364394,1.0507355132019127
1198,81.64687408456598,2.9140200474032256,122.15827762769788,24.494907238630773,20.286469575792893,0.3738064091663723,19.907666814523584,0.09265953231032387,886.1672243438076,0.5151511915901625,523.494636822286,1.048733031066352
1199,81.73023402411597,2.842514133434108,122.23661118341042,24.959248869874624,20.284897018996872,0.3744376012742802,19.895187747048748,0.09706146075192434,886.1133711583511,0.5476012550187789,523.507315395042,1.0329824756664692
1200,81.87352631273151,2.8905850362021317,122.33453711573996,24.15698473435987,20.286142901261922,0.37617344155974797,19.882844481406387,0.10160810958494161,886.065976274815,0.5823987820634114,523.483792805606,1.0700592154135402
1201,81.93466558109515,3.0903066756290967,122.5084108424804,23.80236657595788,20.30907784089038,0.3890165257278214,19.872398422081474,0.10696741516253254,886.0113650393562,0.6100082217345479,523.4443851016774,0.9621621301540499
1202,81.88785873455825,3.0687164416033985,122.45716966234173,23.21996014336857,20.35490397111609,0.40802628889041187,19.863158105388667,0.11088842125602115,885.9691772480714,0.6372037512065093,523.4902369897899,1.0211093167760479
1203,81.91588150357887,3.1135140906625094,122.4515709746193,23.196788332749005,20.365978775526074,0.41166842622495514,19.853465649140507,0.11417689608149247,885.9267370739332,0.6669576030652977,523.5174210577867,0.9992837782134393
1204,82.0269723336324,3.241264881463996,122.78771657268744,22.72277391833483,20.390795065446884,0.4214281382906137,19.84410456975411,0.1183273112621828,885.8809923744986,0.7282638345203001,523.5544044800523,1.1368264666045933
1205,82.07396631389064,3.337934511632191,122.74543563162077,22.426164722784236,20.42342673130892,0.41091227723299606,19.83589813749131,0.12167808730945784,885.8389741277158,0.7898488549684992,523.6074417655451,1.0036471577371673
1206,82.0964267755066,3.4002575271097197,122.57647025291328,20.675443891780738,20.428104896341015,0.4122180694456577,19.82698485264417,0.12590599405458927,885.7844798884615,0.8657250656928688,523.6331976852206,1.006056295883877
1207,82.14458901226467,3.4891142186782873,122.63160182216333,20.605625081364717,20.477948053563782,0.32185014890748403,19.81764614117131,0.12714591234957118,885.728175563439,0.9594657178602917,523.6603580331252,0.9810006621284968
1208,82.21708060711913,3.675715275771654,122.63821928719724,20.5624742935132,20.470706215179558,0.32745746541113124,19.80755719140452,0.1281353708142766,885.6576684233552,1.0724046932036533,523.6230102580907,1.0400636196546993
1209,82.27773140024597,3.626753803151623,122.6460056453595,20.503169193387365,20.507554607902694,0.2814983332165086,19.793801056181756,0.12510634763959594,885.6016490153637,1.1362259877496816,523.6347904600066,1.039905613874605
1210,82.38778789277455,3.3095013646138316,122.84611342852396,21.16221984237768,20.541408121009958,0.31437402322073604,19.784199481253133,0.12134060267960807,885.5457907169105,1.2093825189896068,523.6599796909177,0.9933185931495959
1211,82.45148465514238,3.57117470392733,123.02813197460117,23.549219646076654,20.55265129092243,0.31833335673489727,19.775066387773276,0.11795270261089967,885.4824629715717,1.2886099745239958,523.6717384070009,1.0054822535015426
1212,82.46727945419993,3.6361013003716565,123.41912310654317,27.07782960659456,20.57258666995287,0.3376288872462915,19.762130670989585,0.11207244335092437,885.416695093199,1.3888924506420977,523.7336770988063,1.040467925208215
1213,82.59180859864,3.270713155852512,123.56905751503032,28.66324817107102,20.585897873287553,0.3468990202247722,19.75309264305976,0.11042994762047377,885.34422161687,1.5147070829307474,523.747578445271,1.035677296627366
1214,82.64031107512864,3.360572539444723,123.73760712301964,29.258998569776214,20.620111949148612,0.3413021102659248,19.742486659501854,0.10723251486930799,885.2683077809578,1.6587457494909614,523.7835587028393,1.0355628040481455
1215,82.7717732066975,3.3075760781264654,123.94571945926819,29.110964405145392,20.657884893820693,0.38807262179650875,19.73177955580957,0.10381115564187339,885.1810995326756,1.7856638383277184,523.7830094155087,1.0351937519301355
1216,82.83251796576705,3.3725081741900147,124.16109609376484,31.05914845935004,20.68084018910654,0.3774161589336965,19.72048942560969,0.09979463807165997,885.0927737245694,1.8768122297796037,523.830144672635,1.0587262972665048
1217,82.97620634020711,3.0243123501585654,124.267788474691,30.789025158512473,20.704604341606828,0.36543245700492066,19.710569802607807,0.09583417609042709,885.008911327552,1.9196970300004321,523.9575901924335,0.9424143108397626
1218,82.95892841808327,3.0547708459502383,124.63552850731132,33.04861522496118,20.73721016741373,0.38424568625052113,19.69971413651636,0.09025979571822863,884.9151436132098,1.9736589346821707,524.029604137793,0.9517032353866474
1219,83.03530168802796,3.178475758387134,124.75999951330095,33.00035971721717,20.761543312805905,0.37953325837656887,19.691626993988365,0.08769088472275173,884.8217033534856,2.0070516475260263,524.0360255050766,0.9462331722057523
1220,83.08192923193161,3.2585102111383146,124.9147814607729,33.1825049233818,20.79040600020992,0.36171029150749384,19.685048667929937,0.08586053637336728,884.7269752801253,2.0222818002435687,524.0968477998557,0.9718304730160775
1221,83.1789296186127,3.599769354996846,125.09409556985098,32.74134329219429,20.818246038129818,0.3808155393695735,19.673171756234694,0.08055150740811479,884.6298318267883,2.0626404796436804,524.0990187730174,0.9744012434446564
1222,83.25671919609242,3.645922878400211,125.41901889285774,33.12394066377716,20.837162068306625,0.38919609332424204,19.660198995308683,0.07471474831167246,884.5218369069064,2.0463096520312813,524.1640810798173,0.9645606422317976
1223,83.37292837130391,4.218620495822741,125.5415139646473,33.099758988125046,20.866369286231883,0.37487809603684424,19.644925811524995,0.07256935588234432,884.4264409732419,2.047814220540534,524.1520304544872,0.9746654765413297
1224,83.5048229682061,4.292253781978195,125.69571997346871,33.48676604779165,20.88719526315213,0.36970545505112157,19.627862390316942,0.070604130604016,884.3354141111569,2.00736232942347,524.154108898621,0.9755076817575846
1225,83.54278450450937,4.2878284384371845,125.66993068894624,33.60666964209036,20.903125326946384,0.36193800646655355,19.610935878934484,0.06502267948760528,884.2445956307718,1.9563618900494684,524.1741686868561,0.9765421752563043
1226,83.6074243304838,4.071897638708868,125.75162983453842,33.65886762164757,20.912131920572946,0.3545656195156547,19.595073359893828,0.057762974134889115,884.1557720385823,1.9208447102696595,524.1849201909694,0.9772008432204508
1227,83.67216575824936,4.166884425548392,125.86396589407072,34.996176312298914,20.947076414259854,0.3751177932201594,19.580898137602006,0.049657329847572436,884.0707191852495,1.933106554614305,524.2134235937706,0.9731501875005535
1228,83.7751432221608,4.171544656314815,126.0295220062401,33.335423570860854,20.9634954523125,0.3747147079272238,19.568754569274596,0.04234379241666964,883.9838094782191,1.9354580126010354,524.2257249014104,0.9715252080214627
1229,83.78300426250962,4.155732528670285,126.01118965206193,33.19021315280017,20.958610707006578,0.37565670197162165,19.558172476424545,0.037399755372527606,883.8995772028088,1.9524115376720859,524.2483279149427,0.9454058482871185
1230,83.88884816874491,4.138811902238707,126.28564484788323,31.258917816124097,20.999253042491333,0.41908234189299276,19.548801079937938,0.03563776281522485,883.817940616622,1.93851788117198,524.2546650576053,0.9421084944697845
1231,83.98395466275642,4.072625483570684,126.24876346537911,31.132501004730813,21.029611100798203,0.4146062583945529,19.54045795959603,0.034725753833090116,883.7358997591609,1.9607736612182363,524.2640569629989,0.9290643731899261
1232,84.09960720416716,4.12570630629698,126.44844590900307,32.7153087366911,21.054623770919765,0.4162736432934046,19.523296271090178,0.03517469902571509,883.6445951080735,2.057160732882491,524.2959950863716,0.9213848827378612
1233,84.33332356019532,4.534188244159813,126.69920476401441,32.69152379045212,21.074325585374876,0.390925481918068,19.5092684308588,0.03378179171310489,883.543821868144,2.1691959453396974,524.3264561765584,0.8876334025085537
1234,84.33278611702698,4.534903236013027,127.18277294457862,28.735505406968183,21.114327482004978,0.3866817708742562,19.49597613389744,0.03176292523872716,883.4405219147368,2.32134135474265,524.3400138184226,0.8732629616862662
1235,84.47069325568067,4.865544141282658,127.59037589666038,27.39018359359216,21.130184371913334,0.38666321550872645,19.48743818516641,0.03068372042728831,883.3301323973255,2.4580069640739746,524.299872932481,0.8816878127880481
1236,84.64474101344494,4.625846953577293,127.81144577676406,26.407367402445384,21.181956790643643,0.29166459633592834,19.47786035226637,0.0295961150868816,883.2209575539232,2.551184208874966,524.3354809639058,0.8862677755340987
1237,84.75071149658216,4.420589951909155,128.08045355127848,28.76052433790869,21.214294728763853,0.2948501563021337,19.46587736198956,0.030184413765748597,883.109872134721,2.5937934153059943,524.3502041548693,0.9078153478062186
1238,84.88083059314184,4.2881511542927075,128.17002945271852,27.816395166025252,21.23252125485412,0.3045849481953498,19.454929499747028,0.03040877637750377,882.996155839229,2.649840834759918,524.3409850392477,0.9130900011998089
1239,85.0076486829992,4.6413912982318575,128.31828805038393,27.446466079752195,21.245325137339723,0.3011359725449966,19.445514655287862,0.030619496572988975,882.8828697627673,2.746231087736565,524.3581165324755,0.9172010378983209
1240,85.1277938411682,4.625496036070195,128.53781710969062,26.776435503995295,21.24930537747998,0.3002182771943302,19.43698539921317,0.031104862910755083,882.768369842694,2.7894266169801063,524.3615059441677,0.9159747414689046
1241,85.12243334870409,4.635853525649378,128.50958484992233,27.043758185222977,21.274690382879417,0.30877479901749494,19.42951324894847,0.031223624862445835,882.6536552901573,2.8493111428079603,524.3954604268655,0.9383815789296706
1242,85.29421883192313,4.382012298193273,128.95355933326545,26.42563932969677,21.282906143616493,0.31829061433107547,19.421148812506136,0.03148523125267447,882.5375206232516,2.9032290348231395,524.4171972237427,0.9120746486608345
1243,85.41618828014147,4.68648571886646,129.05876376436933,25.6306279529172,21.348884064696858,0.36994619074954804,19.41770225061923,0.03220586379315066,882.4152984395466,2.94193021287291,524.3930157988357,0.8834340643509884
1244,85.49694160512949,4.6892307615908955,129.18013049106594,25.795284995739873,21.353113816093426,0.3656215357918055,19.41855510755876,0.03194171378197125,882.2899572137031,2.9738920370523823,524.3944866963249,0.885213959219162
1245,85.6607758273619,4.858879657995688,129.17165821608893,25.66574798652891,21.375430419664994,0.37769375906112024,19.423814108980107,0.031003503268401216,882.1652943604425,3.0244606592301975,524.4052332574172,0.8813508915465689
1246,85.80178079063958,5.209974128192302,129.48943106137622,30.336798296615036,21.391790061300895,0.36245773125027375,19.42876008742607,0.03102250495123931,882.0521740905556,3.0427804050029446,524.4140891067998,0.8779678191793663
1247,85.96996278390206,5.63878594414863,129.5131855514736,30.07855107739426,21.404476691844625,0.3691749026784223,19.434060362202132,0.029659389939794084,881.9329883168995,3.109996172694093,524.4104871008778,0.8778538422016255
1248,86.07723872781648,6.1132754802248215,129.8099176969889,29.59525754567279,21.42302394578269,0.3739212744081861,19.437420158859606,0.02889962200634151,881.8079929716826,3.210012513773014,524.4428129485359,0.8313704133149785
1249,86.29211327082754,7.226860406199588,129.91128271979764,29.54021127250844,21.472477679164687,0.3576001223434245,19.435755702496703,0.02910884684584018,881.6831491390678,3.3037615124981565,524.470979753834,0.8001275964111555
1250,86.41068471824615,7.749895287834033,130.2360473942248,28.721552145999244,21.503916002901807,0.3766637186055298,19.437366418862798,0.02912084354808557,881.5600990943536,3.3421415022000054,524.5287843945773,0.6916408213611638
1251,86.50253159391164,7.913496746761264,130.49298025690396,29.67994439128312,21.54108459628152,0.41854195949837675,19.438894105004273,0.029012157965360042,881.4351837285468,3.391817496184906,524.5497855952276,0.6833366189695939
1252,86.70377376517914,7.665028839860095,130.68218514090978,30.032727439136977,21.55706601027162,0.4358725897718448,19.438818518641312,0.029013993732800763,881.3102352068897,3.360380194473096,524.5558565096404,0.6937749250335302
1253,86.83270018795332,7.623110601235591,130.89033464195717,29.505934790627254,21.598792704905193,0.45832787908828676,19.438300947417016,0.029015838680064274,881.1781045328356,3.361462020152541,524.5584379319566,0.690073523502022
1254,86.91074945155832,7.68550036007404,130.86933100374654,29.55191182568516,21.637276248044568,0.5003891910236365,19.439833815985153,0.029005707676640728,881.0534168569972,3.3943883775329597,524.5764163796912,0.7695037779928404
1255,86.98153890387593,7.549248343561267,130.96343561070083,28.895720731919436,21.667830198673432,0.5113818153921332,19.43844226638751,0.02911691405351891,880.9293590716022,3.3947644527893717,524.605581621254,0.7584669656565568
1256,87.0966149063651,7.512653535361634,131.2736768690221,28.991571519541257,21.71597914602002,0.5301805536708467,19.43840086301288,0.02912226038951786,880.8074514798163,3.43183081542492,524.6414581511133,0.801185247490881
1257,87.2507409705499,7.798277651313487,131.42482874449072,27.69331006176838,21.752612420033387,0.5296010820376612,19.437484590668006,0.02900456623045028,880.6901058350647,3.467632620372172,524.6766935797968,0.8080574194581697
1258,87.31935179124449,7.7541232011239085,131.78393379484567,25.478898420464464,21.80571015650572,0.4713191571939327,19.43634026251532,0.02889526821642854,880.5796315746145,3.524305501402228,524.7438970621163,0.6575874435577931
1259,87.47745779262063,7.729071313874945,132.24511796345348,24.179813843992992,21.835458689521193,0.4544606618829962,19.438006134643974,0.02947031563636745,880.4598202096639,3.486180877767509,524.7784360480706,0.65893666440693
1260,87.60222587704715,7.538365139783155,132.2455453256609,24.17730890045708,21.855254839610094,0.474507820909448,19.43457408740001,0.027936064621402475,880.3382167367824,3.462253879843229,524.8220633777411,0.6287806849854303
1261,87.69839636142662,7.691252751454325,132.41974018554544,26.28744792062475,21.892316939913545,0.47854920123355,19.43049423948481,0.02628298008820685,880.2177354531303,3.4553936699988563,524.8338678450986,0.6271870227185963
1262,87.81841635356412,7.718331918524469,132.52480987837194,27.911743159422496,21.919560587430336,0.49580881790978487,19.429465621968376,0.025837416124730873,880.0962463002118,3.48910982553838,524.8762362038568,0.7769553094489056
1263,87.96473470270966,7.709797252456282,132.64137234639102,28.56704326013724,21.961026955964627,0.5253964734995024,19.42964720078878,0.02590993371274575,879.9860627174338,3.506596907097217,524.9255977756053,0.8023837540195498
1264,88.18634124435947,8.70524418291557,132.72311915201624,28.39361261422758,21.99841092297594,0.5508084454435638,19.429378188451473,0.02580335842225895,879.8835335137684,3.510642378914204,524.9062955604426,0.8313365355187476
1265,88.27842583636493,8.679834942626504,132.94217661715382,28.99254002283487,21.99649145597553,0.5502419956852272,19.427157048947098,0.025158618164397146,879.7840210671977,3.508654172861335,524.9515915332194,0.8592745483878355
1266,88.41192556802908,8.63538756151323,132.99124979324125,29.20588042743772,22.01900042876608,0.5305237761935017,19.42412614564682,0.02443623088562899,879.6762285678908,3.5090511478562694,524.9550692819995,0.8618523911490101
1267,88.53206323502381,8.596310004229302,133.15642702653903,28.09237161140633,22.05757483851867,0.527831694784054,19.42405717761758,0.024402822452770062,879.56652477301,3.4329885244866807,524.9621993581707,0.8888074112864975
1268,88.67654791764902,7.6172438081919465,133.19049157691424,28.393678399266776,22.07033062308936,0.5297507840943236,19.42438317604551,0.024581985143224194,879.4655765469973,3.371988870522006,524.9459831687798,0.8723379233230498
1269,88.83793124183256,7.939175014479068,133.30845629178808,27.74829526957016,22.103771033714068,0.5305540352912441,19.42678650390702,0.025973172010596277,879.3565174103198,3.3230724053446123,524.9316066297113,0.9170010627731604
1270,88.9473542430886,7.695385749535956,133.3670366421529,27.438695312515996,22.13117812063409,0.5172792207588449,19.427921130145556,0.026578063809783333,879.2439385155234,3.274214055584463,524.9169720392031,0.9019764651291433
1271,89.10379009549459,8.386462759709621,133.5141931616133,26.99423926920849,22.156598137334232,0.5343055552113412,19.430825226162412,0.028026844304726347,879.1306604997778,3.267973444594096,524.8989359018432,0.925033769429911
1272,89.21356039706755,8.171149260581009,133.43470809549902,27.238365765219914,22.17801319948907,0.5293130131747539,19.43414513867292,0.029472306036814593,879.017670545963,3.2561800474486438,524.8806959875491,0.912445182061552
1273,89.3095009390049,8.518069344597604,133.76204550683656,29.26316216833847,22.21792488931901,0.5408434955584618,19.439636023843256,0.029919909996143686,878.8929782802219,3.253919975999377,524.9098173222502,0.8695765681845516
1274,89.49499406633626,9.367883542271693,133.98066811495642,30.28833115361745,22.245215567299233,0.5256066604953024,19.44532472209807,0.029524950015001168,878.7672603954027,3.1641360781159373,524.9391543403129,0.882300633639352
1275,89.68434087686255,9.197750980123264,134.22510279272174,27.678312391186896,22.289764850936795,0.5165814598301824,19.448342396073407,0.029441318749042576,878.6409661547107,3.052471298295493,524.9606884972499,0.8945766655453851
1276,89.85232265280462,8.50712531923414,134.40317116793966,27.025599009071552,22.323323173755263,0.46618342410280295,19.45429264095643,0.030997315696064492,878.5162418452101,2.930594094647624,524.9945778037019,0.9186415559295724
1277,89.96273869747624,8.243504823284633,134.58511693662513,28.69798594694053,22.336034562725764,0.4682460371785335,19.46252243191857,0.035383175302774364,878.3958392392709,2.8199768819483766,525.0198835926615,0.9427872267961366
1278,90.0173494445491,7.986666085915692,135.0087893453397,29.532480591908275,22.382646067958586,0.4834356577600112,19.466553755175813,0.03704990200431805,878.2799590410851,2.676578694000017,525.0809187181048,1.059607939442741
1279,90.21455043147762,7.102908500875068,135.23513581174305,29.5232566482461,22.447992986765424,0.4784738672404702,19.46990277462856,0.03802959461908032,878.1619409351343,2.54028922581923,525.1080890926659,1.0496618082459106
1280,90.3047644402948,6.808218607287414,135.42732205365238,29.14483651202349,22.474940460272183,0.5186622837910152,19.475417908187435,0.03889117951296464,878.0435418490448,2.3376773723581756,525.1475298892208,1.05072250548116
1281,90.46230257931096,6.656462249454783,135.53742210061446,27.86292407548265,22.517492164287468,0.5419973553871329,19.48162009136951,0.0397284781954553,877.9346374617921,2.141810878271335,525.2016065688904,1.0497250508872316
1282,90.58340719049244,6.573109952768682,135.61952313584695,28.147557473927005,22.568095920822298,0.5856196781859374,19.493751107238253,0.03739156006206172,877.8481570397386,1.9940974131124631,525.2025326113054,1.049312566194974
1283,90.65354133450688,6.866622759210921,135.6732993906818,27.982312305861857,22.629805710578758,0.5692961504905852,19.50729757011377,0.03883961002929365,877.7698500165939,1.8720921711808063,525.2001101592956,1.052931706171561
1284,90.82178386683226,5.883311773315479,135.6844188146813,27.97370458889168,22.645033228949643,0.562635181588367,19.51948958580939,0.0397389345993435,877.6957989884636,1.7808316834972604,525.2382793918708,1.0441945289507752
1285,90.91106702246549,5.954351454629522,135.92163681334745,30.92043208266277,22.69638765089064,0.5763913435120037,19.533604236778885,0.04453544640073881,877.6219745911918,1.7033224746496256,525.2802744724113,0.9588484502320157
1286,91.06123157974415,6.261438466664113,136.12685638584594,30.985555641221932,22.74772258758115,0.5881863331688465,19.5506693115773,0.05092040375707178,877.5448659335126,1.6062540326792496,525.3051180710416,0.9892334907273043
1287,91.24215708166757,6.176269717450267,136.20451530448096,31.735713371115885,22.7616842226673,0.5781903957395998,19.57082104084863,0.05467462405647392,877.4669887979119,1.4874558715890076,525.3263019731761,1.0169857397776467
1288,91.31763855462606,5.895471240689148,136.58873723283077,30.488141252576213,22.790730236488013,0.5717127419929684,19.589315042198226,0.05689944999539965,877.3933684345974,1.3825975912634616,525.3848465426234,1.010152341842399
1289,91.46253687668658,6.401702279296244,136.8087773135395,30.277189948333138,22.85338154741568,0.5936095127117235,19.606145403724796,0.05782384041937903,877.3260097126112,1.2936863013077162,525.387078901965,1.008171781047645
1290,91.56595981737829,6.207066246688751,137.02440869139602,30.671015691635677,22.90361968955297,0.5537571754184814,19.627136066214995,0.06246151243905643,877.2466786720595,1.2113362717394687,525.4065029413218,0.9826459588212961
1291,91.73242492171622,5.037313734901633,137.42491591817915,27.373984520669005,22.927997538873583,0.5415893896564193,19.64899853285101,0.06902702981076439,877.1740791415194,1.1280710542379564,525.4142869802055,0.9879662099708632
1292,91.85975460747628,5.080465552614941,137.46630129930466,27.60521585220432,22.973432332544498,0.5635542700550856,19.672405840033928,0.07501621243474087,877.1050335335848,1.0436617788765108,525.4406480009249,0.9658167609149417
1293,92.07896155178338,6.4844845352825065,137.80690801398165,26.779412609536724,22.98234464884631,0.5743562594336096,19.691023849816098,0.07556882823289571,877.0379705019925,0.9728185080458369,525.4796197100293,0.9574726699541599
1294,92.23401043752449,6.235074402462291,138.0184780051274,26.86358734467697,23.03882901332093,0.5002661569647813,19.707715351616383,0.07575970514165556,876.976723118653,0.903369409696278,525.5242125310266,1.015385491183641
1295,92.35580726687141,6.466765986651041,138.17987420648126,27.65135914546686,23.08409996341305,0.5240623434291125,19.720316478464614,0.07746356948588731,876.9169285340349,0.8459423354283514,525.5506293333316,0.9946500679447348
1296,92.49849370416048,6.937481387150479,138.17732152314926,27.61887689495062,23.142509987742258,0.48629860832993715,19.73182140792124,0.08012551330332507,876.8559047658108,0.747636596935431,525.5532999942147,0.9889744865059759
1297,92.56494095805736,7.001112546094812,138.76901712620162,28.93189838235613,23.183751167483134,0.47305409841068574,19.745531075472183,0.0812996549477192,876.8016810620387,0.6865284806728704,525.546534564961,1.0080462338005325
1298,92.6910943055252,7.361195937213976,139.0387816612376,31.20122180223562,23.229741366565985,0.46797028522423284,19.759252576047444,0.08128774438999466,876.7548957348253,0.647801040230629,525.5495499016985,1.0022465393180848
1299,92.71069912868694,7.436621812588033,139.37515119681774,32.114844880712134,23.261104159025273,0.4718763690442231,19.775328969893454,0.08023791674337434,876.7110318997339,0.6095804424875845,525.5505595490563,1.0003771288633532
1300,92.84114968323081,7.959084721953829,139.58929709072154,33.35122043227532,23.303199621387524,0.5012157208492563,19.790462392169704,0.08258262100081104,876.6636151187433,0.5592803095574569,525.5836568109761,1.0196747051318324
1301,93.00567312142734,8.232819118754113,139.7708331464797,34.638249555957586,23.31415708605256,0.5005238686624105,19.80538266022933,0.08308644097867142,876.6206150399306,0.5186690707768256,525.605946961704,1.0120784605042519
1302,93.1418443576012,8.610691590477645,139.93417579389694,34.79239128366861,23.348663529069015,0.5013146453141218,19.81885066854321,0.08170252222984001,876.5733787100703,0.46137079537546294,525.6175604511044,1.0174273372209204
1303,93.29962004465527,8.78963573103492,140.27239232025207,36.933519971154496,23.373689806573083,0.5089385329602044,19.831417291180628,0.07946887871962884,876.5297837405983,0.43508608399755444,525.6750722167795,0.9834564934252749
1304,93.54666245398974,9.781618732195446,140.64578431307217,35.529750270669005,23.402116661906597,0.5343745301370941,19.84125800196667,0.07713584142104989,876.4783470411176,0.426773147521214,525.6805566823112,1.0018243677151144
1305,93.75476002668964,9.494733268306264,141.03818254236464,34.5849534394676,23.427507945869205,0.5246669119429045,19.85294585541566,0.0726106174073795,876.4353425393879,0.3954851271238908,525.6962281704584,0.9966462940505872
1306,93.93820545143113,9.681850268686174,141.16432720231847,34.86255859982121,23.47010826113561,0.5857973447306318,19.868662416952947,0.06960277705806824,876.3956011147579,0.374177065305162,525.711666684056,1.021407555104566
1307,94.0749606477542,10.05783972214841,141.39988209833152,32.71186985485167,23.500012740932256,0.5799951567363426,19.881821910863906,0.06776907019009985,876.3591125861851,0.3461724963778505,525.7290614262762,1.033833565602288
1308,94.22522021035208,9.533886572953522,141.7082268042568,35.04962545045202,23.550225283839968,0.6106307713801745,19.89343775999574,0.0643998078001145,876.3228687491211,0.31846760094903154,525.7155109087241,1.0550660314493616
1309,94.33632709360914,9.481805285517229,141.82885442601028,35.88934773192842,23.602375494215835,0.6121281839525489,19.900511987797135,0.06335809743064374,876.2818396154038,0.28897017496163907,525.6968107515365,1.0752882417201164
1310,94.46542413620067,9.14895533781559,142.14924022443932,32.88460249068197,23.640455329756065,0.6251106131783102,19.912477271626834,0.06243443540406203,876.2337620966438,0.28940126062355354,525.7032318470237,1.0754552217031965
1311,94.59142423488552,9.008846310325264,142.29202042852248,34.04202173161839,23.679337895676472,0.6382780938997805,19.92489499161268,0.06042819930252779,876.188204113744,0.29461607386631344,525.7306939040632,1.0769411649996952
1312,94.73107499106273,8.923197731875515,142.39399883254006,34.64150582122974,23.697148068281894,0.6257190166629766,19.934147009956142,0.05888549438062008,876.1463280665002,0.31430567654344543,525.7124407485242,1.0222386884690888
1313,94.87321444728353,9.002185069163207,142.75490797676815,38.10339698084053,23.720733199975825,0.6356956335597312,19.93987144150045,0.0569682767783817,876.1016072048799,0.31733496258166605,525.7062023861089,1.0155916817803903
1314,94.93230027753161,9.290517718084086,143.02152085029428,36.72324527352578,23.784285732557816,0.7762507947836458,19.945385776877536,0.054854167101738405,876.0558823011651,0.305169631922366,525.7241729648019,0.9581035005685555
1315,95.13466414888624,9.46599833721045,143.25413115566528,37.827541572277724,23.84135979011695,0.7422505013046872,19.950241941980206,0.05176766711366467,876.0121420970158,0.2847957336710825,525.7158080641414,0.9506868047635227
1316,95.3489272443588,10.180635792170651,143.62230085686232,39.397741711988274,23.90030092573808,0.7114471989378194,19.95669691390217,0.047480522076333916,875.9757171096367,0.2752097556405225,525.6976503110421,0.9787457885099778
1317,95.5622937489671,10.700816516532972,144.00084284447723,39.05165503895751,23.92024193769628,0.6934068903025434,19.958648042508962,0.04648835911491626,875.9354907481384,0.25409025201676283,525.6808340026066,0.9485565559649538
1318,95.79280623901208,10.221593315279543,144.2838290793844,39.797541479112994,23.968002467385062,0.6647952310137379,19.955774320749768,0.04840841094315079,875.8861799042941,0.23951544763315324,525.7185808479115,0.970919950808078
1319,95.88483164020933,10.264995905855523,144.56374886520297,37.56504697515341,24.00589811706529,0.6566957727295174,19.955074421676912,0.04869924489678629,875.8439357425111,0.2409649258416809,525.793879625948,0.8454250290492183
1320,96.1200441176522,10.463916075135648,144.93714850574935,35.124327150510595,24.04817920061061,0.6217755020417974,19.959896982193733,0.04751847070687646,875.8015900291825,0.2567792351526239,525.8108691378312,0.8344631993732803
1321,96.20330095934162,10.637372315644551,145.28145538411135,34.518595466291416,24.093598749968802,0.637736343727575,19.964843466706057,0.04658687755977176,875.7623893643847,0.2871527551775744,525.8710109620405,0.7722646030139542
1322,96.41248280332634,10.579081546321586,145.7147189856135,30.376829834096103,24.140220408590704,0.6032058026250735,19.973414575439453,0.04613162108990304,875.7190154220369,0.3335797112308664,525.8822393466942,0.7533845185678734
1323,96.56907050788571,10.852565327283386,145.9876074115598,33.59793277494845,24.169720456480686,0.5983806180106367,19.984938485114256,0.04432136920694472,875.6903230953153,0.36725386394042636,525.900827785031,0.7334741618429635
1324,96.61823048293016,10.944845619109234,146.16429483494824,33.58923294124618,24.206538813466917,0.5512374466635327,19.994037180225472,0.04039699468616424,875.6544543437822,0.4061965061162852,525.8801488601088,0.7561377203883841
1325,96.7401714788726,11.007653974201208,146.4989599468983,31.551629538058567,24.23500079634201,0.5380365113919997,20.003665330751783,0.035495443658023415,875.6168094720673,0.4520430616463762,525.8844348146721,0.7560718384598226
1326,96.945596712649,11.110819171005383,147.0538289776188,36.154859638140515,24.282967214724696,0.4743874624812188,20.007838911681134,0.0340201824033006,875.5783776596185,0.5005987499017611,525.8761374696315,0.7546308707047591
1327,97.13681910424798,10.813214283027278,147.30686309494632,37.54511037836808,24.33182736355902,0.4385978877397387,20.00527704410039,0.03477995500443802,875.5345038675988,0.5683912424756212,525.8768775559677,0.7550075693897267
1328,97.50291568753813,11.473197147172518,147.32890362460213,37.52653476943067,24.360848172807977,0.44235816562120417,20.006066042953666,0.03442887015578361,875.4860914524652,0.6349191777675949,525.8526258437138,0.7033815819614265
1329,97.66205357780052,11.228319285584439,147.61440441649586,37.77504969789419,24.382830936324595,0.45086039593416677,20.0070165161377,0.03387122284420536,875.4363812522618,0.7229400200861241,525.8775912636843,0.7213881825532419
1330,97.84070860391334,10.363988286193077,147.9661915311852,37.901004590179,24.39799153583375,0.4463593780178693,20.008706811469587,0.032910456056229935,875.3810922892419,0.8142997553813535,525.8480458083199,0.7499958861379625
1331,98.00720967987205,10.394073383018142,148.29635724673537,32.95026635518699,24.42150746122819,0.44668909487729336,20.011810929010352,0.031434847012436165,875.3194844940413,0.9076832806691679,525.8331647089434,0.7407387995862298
1332,98.17395908636969,10.152923167278233,148.54551702232186,31.494878726186183,24.44915543319921,0.4741200617164108,20.018574906125565,0.02937078401842783,875.2462403701217,0.9895419663071132,525.8856602817166,0.790013719062567
1333,98.2641174623663,9.86909151116036,148.7875089362542,27.972867619683736,24.4953086590338,0.5394578582465737,20.02157280986249,0.029043083929308273,875.1708250988205,1.063287085119393,525.950865561045,0.8060581859372101
1334,98.50646365322886,9.7470450484398,149.18111371137027,25.107855595260773,24.56787128365793,0.5522292528813507,20.02327102887281,0.02860768689339942,875.0897407600615,1.1744829361996028,525.9646215537698,0.8186187483958928
1335,98.73017991618462,9.958418596796246,149.14329469531677,25.284401742009337,24.619610359309522,0.6351767006605883,20.020263111849097,0.028920986262594157,875.0055078841123,1.3164259725017902,525.9941671704634,0.8229950637523283
1336,98.90662000808814,10.439098003097207,149.32396297077668,24.028317947852592,24.654167019538328,0.659510328259564,20.014491346795786,0.029033741810847044,874.9206170029071,1.4572396450890164,525.9760278821792,0.8202370580249919
1337,99.07098779000349,10.628476609580368,149.41949597212786,23.220573034520744,24.713662314540283,0.6056480007486567,20.013442784724827,0.028786274419327285,874.8323635664428,1.5970679704528836,525.9738825103811,0.8182289505474172
1338,99.30243508573363,9.657133675353613,149.65971965660367,23.650585337691215,24.768074346081626,0.6070375517964017,20.0134692084685,0.02879105062467472,874.740563986321,1.745796674692422,525.9905526019087,0.8589356059445132
1339,99.44186915655445,9.895639250762548,149.89177661359486,22.587705076235235,24.79005568151552,0.6218441395528964,20.01583288243713,0.029224436588348328,874.6428256773556,1.9078922100876967,526.0013896376189,0.8430559412767601
1340,99.64372267953664,9.35236992594344,150.1729075638849,22.70144112287174,24.840744276830375,0.6422817289069809,20.016487406933734,0.02955820500968542,874.546852351053,2.139492839109291,526.0357821197097,0.8486493955721575
1341,99.84461325687252,8.387143957475198,150.23568432218178,22.005607886741796,24.89191898909342,0.6102939741999799,20.018452049866827,0.031015357461201095,874.4423386820047,2.3847928388860007,526.0647905239877,0.8850475985517107
1342,100.08018790545006,8.902695577361545,150.4484865764441,20.353557426019684,24.927433212545182,0.6321568642223777,20.020238639588232,0.03246132700101457,874.335421285092,2.6137633243761593,526.0893107891228,0.8955930084433075
1343,100.19915771435203,9.733675596724849,150.74839128257136,21.493772467809613,24.96428216673503,0.6148571803427741,20.02571693675926,0.03554358252505749,874.2317720989153,2.8173133142861553,526.0972128637609,0.9025888361336696
1344,100.40407137970924,9.761161620401763,150.8905445342488,20.371416383722433,25.01917704757661,0.6328502838179816,20.031201757266555,0.03812840764841999,874.1197695877676,3.033102123094045,526.0868377210318,0.8834965163970141
1345,100.54822613094129,9.584547472034457,151.23227163824254,21.771473283586584,25.041973866679232,0.6323918571972601,20.034860170157202,0.0392761705629732,874.0067953139004,3.2556105294531785,526.1188539478583,0.9168707274130075
1346,100.70930772582365,9.916267003807032,151.4649100120127,21.209948586693336,25.072954107507186,0.6307352829577422,20.039859310898645,0.041466450362993366,873.8911987867971,3.4180888337103568,526.1698671184303,0.8865097248300263
1347,100.89968844121499,9.378986140640201,151.433903699518,21.0752707532604,25.112145192755126,0.6246586796268837,20.05061143208267,0.049079628502644634,873.7726842870243,3.6041787934118887,526.2388367684848,0.8188576336364559
1348,101.04137081768,9.30727843908555,151.50578657764518,21.08953526616454,25.14183191486709,0.6196613464943546,20.06483476069872,0.060483374630539447,873.6463271110199,3.824445938618048,526.2773504842712,0.7705747646819363
1349,101.23882941478864,8.852948405819916,151.69771457308238,21.929144798968093,25.19059266462162,0.6339239806249237,20.078456169473142,0.0717722472723782,873.5169602384248,4.023113266892658,526.3174439538388,0.7192696026021739
1350,101.39932942338082,9.079971004225063,152.11817480252807,27.307995744686963,25.224083825297356,0.6548385558293597,20.08770846147242,0.07904897882926801,873.3801594968744,4.259549106434629,526.3350875956783,0.7478977697713676
1351,101.53233748938906,9.00155825568522,152.59521443174816,34.3776223791902,25.26980720612871,0.6033125486465489,20.09704538213025,0.08530893427417525,873.2381301740166,4.500125449874413,526.3382190655506,0.7461511912928501
1352,101.67930328036547,8.973396096910017,152.7376444193922,33.00936135931092,25.307808681320516,0.5929613766474829,20.10916774605614,0.092691675648786,873.0991237329686,4.679790722208883,526.3341603853937,0.7487179693569325
1353,101.89006520220451,9.491797525990975,152.94043219869675,34.61981471717444,25.354609470341913,0.590565515689339,20.121734367759533,0.0991267965167911,872.9614935110002,4.880315574540889,526.385194017097,0.9269026882694403
1354,101.90746018962913,9.495449662050879,153.32158974427645,38.003293868984024,25.39487249511879,0.6044402501617279,20.135967941298976,0.10473814530714859,872.8381439976802,5.053059617048828,526.3863997541579,0.9296102281656086
1355,102.10346115917781,9.924329807264918,153.3859331591192,37.704814692974985,25.437796737829363,0.5623069190224786,20.151503666345842,0.11089665582069805,872.7025604581863,5.1697466528415355,526.4053925272043,0.9295017028796532
1356,102.24160089433514,9.984487641693121,153.5998827250234,36.477460333465736,25.46413465188496,0.5851207349158908,20.16345786421074,0.11824765818484177,872.5701469519694,5.240556276519688,526.3966551539611,0.9249307197539743
1357,102.37296205154333,9.917305118383583,153.96284401048067,34.988426410126635,25.518921048845385,0.5868798019954286,20.180739891349194,0.13221091420784117,872.4318330935272,5.273758068580797,526.3912434784014,0.9251955046737861
1358,102.56528003211132,9.343013921546431,154.09996031897526,35.65279033499527,25.546397063837194,0.5999803714478598,20.204776516219255,0.15399375629519366,872.2894442619493,5.305986556634662,526.4414373529966,0.869290068671105
1359,102.76070045270932,8.96464759876551,154.1949211626914,34.95935083009886,25.571142833320728,0.59765727539952,20.22907902021013,0.17345117421713008,872.15101936723,5.320661983370004,526.4892258270885,0.814494714267676
1360,103.00522132578277,8.762543237806481,154.56366522272288,35.14186020688859,25.623327493214752,0.6453526352573012,20.2523226565964,0.19755772667683547,872.0153812674148,5.437666036966801,526.5248075427716,0.8330710782351778
1361,103.20739120770027,8.383577617958993,154.81861078004655,35.893545647219,25.668112328574825,0.6701944151687567,20.273339762604515,0.2152532728345728,871.882139547534,5.50941477879876,526.514895005635,0.8399013627572222
1362,103.37163033100065,7.93727158639551,155.16871171316185,36.98801563116964,25.723436491119546,0.6109520613368985,20.29785544745151,0.23558688889833326,871.75797205006,5.518098978458963,526.5001241584708,0.844214215109883
1363,103.57077001395668,7.992225014225217,155.31219451461402,38.347865886985765,25.77028964120508,0.6042880917732341,20.32680101389325,0.2549225813916071,871.6302644571957,5.495698917638543,526.5292881614434,0.8614658476627034
1364,103.73867918030895,7.757171453620656,155.6453642513213,38.25774676575298,25.775026734842765,0.6117397748432634,20.354610515930375,0.2689499477156964,871.4932313811437,5.473769654995871,526.5909523357338,0.8084117630164901
1365,103.89967950129713,7.99483194247669,155.84807099385083,38.50606876185795,25.80374080966629,0.6044873221892438,20.38762360282789,0.28323262359016477,871.3522271560181,5.410199493477056,526.6363923368908,0.8517792967517404
1366,104.0192373431928,8.30279607439881,156.10432593648594,41.205858692735035,25.847142538893582,0.6353008472965396,20.418154103060246,0.29256487240719187,871.2107247383881,5.296644663723047,526.7263863677823,0.8635437140041775
1367,104.09350003422891,8.270147172000481,156.14971747349216,41.00529291902459,25.923598907246664,0.6339808358386263,20.44926134747122,0.2989929969439428,871.073918131716,5.1166416848608,526.7451031074849,0.8589857507899863
1368,104.26742701661514,8.479352705632852,156.22896612887322,40.730412228498,25.975637433424687,0.6547897259672287,20.48484628375471,0.2975803878397531,870.9450835719776,4.960849501142296,526.7673210293686,0.892218258404055
1369,104.39679134508526,7.75928317592023,156.6321705583821,41.68768625675083,26.022140565333753,0.6541541382462795,20.513725216235034,0.2950461926523506,870.8194326246083,4.763754667105954,526.7579415320054,0.8955693403458534
1370,104.51242695562813,7.932365133279389,156.8346066761654,41.36134193069751,26.066782035958337,0.6314641050043727,20.53864785372395,0.29784137529958826,870.6950273400258,4.582538324751033,526.7362850965972,0.956453345258998
1371,104.65537189442213,7.422920272173174,156.9396782836731,41.05997407779735,26.074744540537495,0.6234506969573717,20.56125353717466,0.2982538079943615,870.5704847090793,4.410723195541954,526.7286206306835,0.9578037962930991
1372,104.72008134205136,7.202499263969351,157.24866502074704,42.49521059178763,26.134959170825418,0.6627799740294266,20.579960679285477,0.30033265702576134,870.4535468156995,4.244528073613709,526.7614436922008,0.918212722537396
1373,104.87935076917658,7.346584265876031,157.40902381889117,44.17646787517036,26.175708166273964,0.6358121094865624,20.59801460838173,0.3022729908135982,870.330305555283,4.008275814232071,526.8373024589617,1.0619564509114883
1374,105.11546308202493,7.176896960379464,157.46717555324588,43.521928982002436,26.23882833794006,0.6167364200812601,20.616571178611885,0.2970557085833391,870.2026515880337,3.803547503449028,526.8571873376193,1.0005310518199557
1375,105.29522210759264,6.908631947123532,157.77201267646743,44.58962515423203,26.299295136527736,0.6102777018117274,20.63462222987024,0.29026935107813673,870.0776198889129,3.591293268557199,526.9026456985787,1.0226526793702442
1376,105.48569785164615,7.529049579129882,157.69003092025886,43.76434880067378,26.358163975956977,0.6043824431213093,20.653587722206506,0.2812479955040686,869.9539941774925,3.3613821186193693,526.9263314638997,0.9953707607996509
1377,105.65107799783065,7.402578449025082,157.89493619382344,45.23990290823433,26.387410810209552,0.5762317282818613,20.674813968299286,0.2666775804349383,869.8339275731257,3.1636798609100407,526.9644719435909,1.0072430730500432
1378,105.70054454057272,7.697003794698892,158.22220533116302,43.62298337977039,26.441905235449294,0.5854680639589895,20.69413000974771,0.2511375396825266,869.719017144479,2.9344686593027145,526.9907628086743,1.0062345648840494
1379,105.84312812806371,7.289530191274718,158.47151411494235,45.109451642336346,26.483041349968754,0.5583395982795891,20.712227672912118,0.23237803488416028,869.6038231694558,2.7441449945442367,526.9874909088664,1.0077587499016671
1380,106.06480514165196,7.033968706299077,158.62820912798065,45.789933501178254,26.53850106909368,0.5017109575410561,20.7279114599353,0.21456980879229337,869.4909618981463,2.548846594217681,527.0672617316167,0.9453468156086738
1381,106.24103701090851,7.187865828609323,158.8200750167563,43.875392248249476,26.58677278366141,0.46710051872047625,20.738253504523342,0.2014923651958579,869.3837223452703,2.3411447961196528,527.1134449840454,0.9300422571160644
1382,106.39443203249368,6.896049243466499,158.92504607130633,42.91982747795735,26.61864052050622,0.4545271729240052,20.743505622238164,0.19533119875041471,869.2755983537733,2.1488676473258765,527.1135945989342,0.9302016306907491
1383,106.5685417563497,5.759596964282309,159.14470042335455,40.24865720398861,26.640260976642395,0.4647109494459307,20.75128066894102,0.18721409281863524,869.1686277487768,1.9419942790400115,527.1195670240982,0.9387543207704571
1384,106.63171608956547,5.65341365777598,159.2385123656886,39.94452637147946,26.664747394979603,0.484277815284278,20.758210567028886,0.17813098803101338,869.0714163417827,1.7672318481254017,527.1299724676492,0.9363000692738612
1385,106.78824456489066,6.253149630505618,159.6783305900707,37.670354239649406,26.674316896783083,0.48901345055875284,20.76803373137791,0.16566135419860706,868.9782166869691,1.6224333186996782,527.1097800521349,0.9706713830118067
1386,106.86286398849772,6.192883138583296,160.0862934088568,38.22019053796663,26.694204548221695,0.4751642231074252,20.77601255422736,0.15411580265394934,868.8805718097776,1.4914135409898734,527.1545771485848,0.9335415982061661
1387,107.06587657369764,6.927665668349337,160.42586649939025,35.344410588760404,26.742427787566513,0.49631893845208364,20.78040077374231,0.1490549764538159,868.7852536560713,1.35953715483494,527.2265880850531,1.078983219981076
1388,107.19435184493135,6.6650042634808635,160.53504378025406,35.04836215352767,26.777584030439368,0.5130061498117978,20.790263351489784,0.14027765621749677,868.6957201669238,1.2282009015415327,527.2470615446489,1.1153554203013887
1389,107.32944772322644,6.6130774625350695,160.80286345352908,34.69822064410719,26.801017157119237,0.48695181681567384,20.800288354833985,0.13248137355731873,868.6184101855889,1.094758399835987,527.2978247191205,1.0682730088033692
1390,107.60102695106005,8.051111379400547,160.79591292146185,34.75090707102503,26.835408055216945,0.5095334562359072,20.807753038530226,0.12737782114357593,868.5533511956495,0.9884475411083544,527.322649774637,1.081875046408746
1391,107.76043066801984,7.633563562206934,161.27071324393827,32.017537569935314,26.873421422579877,0.5045168400536933,20.81214158477876,0.12495766647201212,868.4938488080318,0.9009506152088325,527.3314979661315,1.0870115712118589
1392,107.81260301382528,7.680616238147175,161.57023291277417,30.749552950668107,26.895721305641942,0.494145392389666,20.817894519317587,0.12248502022158234,868.4388784733221,0.8082912143143267,527.3057516359205,1.1427861028511166
1393,107.90025436722551,7.836478936182403,161.7263453024921,31.454773215231018,26.935512461425496,0.4710990472214334,20.82513409178803,0.1194576826235891,868.3834331248702,0.7027416074368896,527.3077066500474,1.1406585862832617
1394,107.96442269128498,7.726744781307617,162.01457530607232,29.007668365262116,26.967374896427824,0.49514725153602496,20.833888041963128,0.11563165775645537,868.3242444055087,0.6304955614251976,527.3296281195377,1.1390351999407677
1395,108.12088729090993,7.5187567056576805,162.075969729765,29.145706225485142,27.004973259166036,0.46019054973288875,20.844269714600934,0.10924763110183254,868.2612872377929,0.578183112768472,527.3580938347259,1.1844535266608718
1396,108.25050282431197,7.709098403210923,162.1514321631755,28.49190672046886,27.038690187911875,0.4345147810842031,20.85353555486488,0.10470483441254692,868.1976722214546,0.5067132739892004,527.4108267110021,1.2987356773049865
1397,108.44931053763524,8.034272338285945,162.54619261043163,28.751959679034446,27.07376745148106,0.42141841493999355,20.8537379693496,0.10462734387856668,868.1369182309444,0.45543910209007404,527.3994230385653,1.3043738111225205
1398,108.62973212929646,8.121025930480165,162.72086828022537,27.004316947525766,27.109919739632222,0.39180568874496136,20.85004070762965,0.10566974864882345,868.0865521027098,0.4219800790004049,527.4398992829576,1.3208031246998957
1399,108.78453108528049,8.156399836974957,162.8498437867005,26.736505749167584,27.130314105782716,0.3884052161482569,20.849879243065974,0.10568152031319673,868.0299658970348,0.4078831920934451,527.4217214826718,1.365785556038902
1400,109.00059610292315,9.273646575145248,162.75714294924572,26.061701667076346,27.154748707984037,0.3793766970660534,20.85403192217146,0.10527155448415614,867.9793615657098,0.4169825586589839,527.4241249265368,1.3667645053842215
1401,109.18770748160836,9.306408718650594,162.78926663636273,26.689376834913435,27.205609295699674,0.37202590956518566,20.85903513760737,0.10448398900864302,867.9276211134853,0.45062201436233573,527.4614104588563,1.3386872068527127
1402,109.39711671493211,9.788856899090696,163.08402307056676,24.25446903727407,27.23836361580802,0.35212237348352393,20.86104883731085,0.10405200986266659,867.874392929427,0.46925934672768266,527.5376999732207,1.3904583715157108
1403,109.52586305878168,10.318590697540948,163.3317823043359,26.674510586331962,27.28423198318857,0.3859672133282703,20.867771802660037,0.10383522602038416,867.8164499696129,0.5187312698828649,527.4959303884815,1.3235157228561008
1404,109.79380518792978,10.031637600434278,163.44111024535275,28.092730348647578,27.339999249496792,0.45792267151956567,20.87350280087365,0.1032563071051562,867.7531821581895,0.5492867584525192,527.5005243462068,1.324761530919018
1405,109.94348999650036,10.59712621620588,163.68789810233264,25.722813795378666,27.384035971444014,0.43521857271613956,20.876547773642837,0.10280558069557191,867.6983936497876,0.5645430946502452,527.5452942917835,1.367179218993792
1406,110.12591379056681,10.733126951250256,163.9559273834149,25.12631547288347,27.43998929559295,0.49467416732148667,20.879514908963202,0.1025258147129006,867.6402006297975,0.5716853550123302,527.5645279490809,1.342248662201182
1407,110.31181070514613,10.645591699958452,163.9718481136482,25.037917110406287,27.474954531231834,0.5156233058043884,20.876753253552735,0.10222780133966118,867.5855243530588,0.5777386610381678,527.5923317272832,1.3054425370581288
1408,110.52574857500419,10.97021926562272,164.22130614895366,26.042550888209853,27.515208929970143,0.512704432008136,20.8654112625152,0.10030435768595736,867.5295379297629,0.6082662436417979,527.5844757442238,1.3160140149848927
1409,110.64354719648865,10.720221068412037,164.50674558155487,23.546563048504964,27.560267404871393,0.4869693686021611,20.85180569616343,0.09980307503740862,867.4736801719556,0.6299700606727998,527.6188596667238,1.3410040128847385
1410,110.71802281621981,10.685580398725028,164.53780655671994,23.552564019065635,27.56263349408732,0.48623250137224455,20.835740518885096,0.09703001640224503,867.4224330605638,0.6780450883438506,527.6014345626194,1.3549938054684079
1411,110.78738997431951,10.43409263972266,164.6773358293518,23.948417440317446,27.586903122771147,0.4896556173077542,20.820201196203215,0.09752584915491502,867.3702290205821,0.7150750708915055,527.6684761363418,1.3516396509296904
1412,110.96753196865977,10.320141383330084,164.74604755003747,24.268712517531537,27.614685137482187,0.4696940539637106,20.79967531637413,0.09828754313760209,867.3128535377937,0.7261204708120901,527.6886914691953,1.3030389261845166
1413,111.12512952614162,10.795673675113019,164.92911318720795,25.468177778376173,27.65717247237752,0.49351758745077134,20.775250877066632,0.1000214675653099,867.2553592588353,0.741853764811937,527.68835433298,1.3031512759158765
1414,111.22538688714654,10.48828988833477,165.27334757569838,30.51234401229639,27.712358500886065,0.5336980888408616,20.75225845989378,0.1026238955250039,867.2011987613367,0.782524566016426,527.6771861976433,1.3095747992285804
1415,111.31255580010053,10.395384181962488,165.6085531003482,33.49077441936279,27.758708838092545,0.5154132341474879,20.7267014805649,0.10105752367730442,867.1531960179706,0.807871128420003,527.6734645428515,1.306164872706911
1416,111.49578950930477,10.914139532848077,165.57299068041465,33.41346859838652,27.78851163757123,0.5293916856760141,20.70487555168883,0.09863026777299484,867.0991294861374,0.8454626524137719,527.6817740448166,1.332033087366136
1417,111.70170223246883,10.59753158556091,166.06272312404408,34.93480149262553,27.815393974722923,0.565514181824258,20.680910654180156,0.09762135336084571,867.0347199650107,0.8862496674628247,527.6932004836407,1.3246294660935907
1418,111.83973293219931,10.822346228036075,166.379527452486,33.75159195881844,27.841239173557017,0.5794565233564221,20.65628443328857,0.09495907238507412,866.9692428109373,0.9206912803989051,527.6801822442761,1.3237678342277308
1419,112.05616509921289,10.072178077788276,166.2166477197449,34.64778309022331,27.884326725963238,0.6119195662189925,20.633695794755678,0.09640869520902245,866.8999581832207,0.9429079787446705,527.7206515012489,1.2960499031025676
1420,112.18494422488818,9.856104801659647,166.42209851189818,34.57284234137126,27.94445646907968,0.673312832400031,20.611890914700336,0.09479367644073794,866.8422426915344,0.9373868333407365,527.7910463340794,1.1282743985616661
1421,112.29557630367928,9.16448316071144,166.55568892745862,33.19859896056997,28.018625987897945,0.6202422901711527,20.59192377192859,0.09385861328225265,866.7786302598558,0.9640739750156891,527.8442077545787,1.124576258527968
1422,112.52976312408906,8.246072894345982,166.62482743127333,33.51368479314252,28.029601313988195,0.6242859442817855,20.573468757959684,0.09202570028548611,866.7125088059928,0.9794083406025004,527.847498425699,1.1192775119399125
1423,112.73592773717417,8.980694640708682,166.94427345562795,38.518389959791556,28.077348903754547,0.623310435038059,20.557672684745704,0.08775348345102647,866.6407465483292,1.01169613712981,527.829255961888,1.0697660623039267
1424,112.84447453482446,9.085150836222288,167.20699978068268,34.69498095684484,28.094811358924968,0.6228710150480009,20.54566424298578,0.08575465541747114,866.5771893682303,1.0553972828813627,527.9073237664754,1.0560862335196264
1425,112.92903142594857,8.773710823149484,167.19836420114592,34.70311986042786,28.115448892660346,0.6287337979272616,20.53686387292253,0.08339503522476285,866.5119168262662,1.0993826812580683,527.892214002933,1.0567857940493268
1426,112.9978119899684,8.844523090982184,167.4438794149796,34.417953086522715,28.15479826540085,0.6769160266352556,20.525793517484882,0.08165370504719646,866.4427467437889,1.151634199509909,527.9278660531479,1.0512195930028654
1427,113.16308698245749,8.97256037681725,167.50399645001534,34.47594369953986,28.190640586982052,0.6297841924696299,20.512536989514512,0.08143927584758949,866.3761583818823,1.2025986825135422,527.9175815249763,1.0539144924205612
1428,113.32515884065091,9.183132459582902,167.67589220122147,34.66076118600505,28.208449419274558,0.6336274561355966,20.503835617022833,0.08059683791538343,866.3101912019869,1.2175748929575083,527.9586505890975,1.112978790442204
1429,113.54666841277042,9.200281726411626,167.81363329393454,35.56026657041441,28.2560012018314,0.6456900779488326,20.498403685627846,0.08047730315464163,866.2485267696595,1.2464968016700766,528.0307994230936,1.1848424343029798
1430,113.69040598898536,9.466018817287924,167.8535778243878,35.37767728769252,28.279477775826116,0.6320885819605544,20.496202091895565,0.08046180744237073,866.1908675433245,1.2567821398403263,528.0065054029333,1.1842339620824076
1431,113.7127046853263,9.367837644842993,168.18668794053417,34.65634106720066,28.29242501955233,0.6177100957112521,20.50021463430512,0.0802500205014264,866.1320271896117,1.2480245155957856,528.0233727279142,1.2010771492240278
1432,113.86137344080527,9.10997945744914,168.4556966546192,32.15309451169365,28.314362796924947,0.5931363006254736,20.50440583776153,0.07939332156830181,866.0778560081073,1.2437452598015684,528.0508179051353,1.2172224584598328
1433,113.97682412162906,8.309614307481613,168.8803337173141,32.599705864539594,28.341721727536296,0.5795514989816876,20.50490860311415,0.07932983351441988,866.0214181014308,1.2397269316739215,528.0676230319692,1.228488536084536
1434,114.18285471425935,7.648139014920348,169.08566491264156,30.96486920185548,28.37015062730583,0.5801900084384028,20.51014265925728,0.07835853866290446,865.9640488771028,1.2229056407346908,528.0915960802472,1.2181678929577928
1435,114.29179982909041,7.867567547902645,169.15063932217592,31.021415198416044,28.406508051154574,0.5558424815687254,20.5128669823404,0.0780432570706738,865.9118475112322,1.200200662533133,528.1388373191508,1.1069877953801377
1436,114.42461749848728,7.124201604354808,169.1400023270576,30.99253164161783,28.44747132710038,0.508803377920353,20.51716324298677,0.07677053938710529,865.8631021231392,1.19625684186234,528.1252930617655,1.1242553126453045
1437,114.46973550473226,7.169684386760987,169.3067597589437,30.836407590294407,28.468813686980074,0.5181360134767375,20.517912441864265,0.0765014382662608,865.8101049472084,1.1998952512783039,528.0975247332321,1.0576736822047414
1438,114.5924446332717,6.637991521082939,169.4278611538155,29.734486887644042,28.490223039754078,0.5149556378519548,20.5151890318126,0.07643930506942502,865.7587925707221,1.183803040491051,528.1179120089399,1.1001597719411693
1439,114.75329638166546,6.572133776474886,169.65115669875476,30.995291003352996,28.530913257132084,0.4598997087211704,20.510197804153158,0.07616059321546752,865.6984206597994,1.1428750802494994,528.1541311108765,1.1634698500026692
1440,114.75198376190465,6.5666050970748415,169.96844153414477,27.77947865036259,28.557923255684635,0.46709643844202337,20.507351888232087,0.07572089660905257,865.6292387769137,1.091098397366924,528.1700253121287,1.1775676544504239
1441,114.85923081939156,6.185301818562119,170.1588579644027,29.636703320407094,28.589418886376553,0.46412707030806405,20.505818769873116,0.07539385105965167,865.5577215224087,1.0363420427085202,528.1702887552319,1.1773897824996862
1442,115.04231134533953,5.8710698298710975,170.34151668389745,30.06553479242366,28.640875045974916,0.45209593479774096,20.50529640362116,0.07514906416535823,865.485816214495,0.948491332433334,528.2094976523756,1.0496651107756494
1443,115.19235071791987,5.734102175901247,170.67349774457142,33.830226011848985,28.694542530288622,0.48501651406429636,20.500605842251876,0.07345100925160704,865.4101580309201,0.8530109632865333,528.2381753946005,1.0096026522268955
1444,115.39684341807032,5.11491447246995,170.86794975668803,33.436017154891964,28.697528165279415,0.48194824440686884,20.489646706633636,0.07199513401594324,865.3422133008346,0.7979045554257687,528.2212539867603,1.0380006607745036
1445,115.45651453658488,4.794396899692121,171.0596213324268,32.85311732845337,28.740156777342687,0.4660654652536614,20.483133601576213,0.07002676669438972,865.2785851544475,0.7687024624150798,528.1723375975293,1.096139752481571
1446,115.53940867392072,4.577864739515946,171.4469248024769,31.417929570232747,28.77917230042099,0.4427627451685561,20.477983473302682,0.06759881920632675,865.2115335639434,0.7319940937759767,528.1288306412786,1.0493966647143163
1447,115.63481557982907,4.756920913870765,171.31444392448705,31.99978819327894,28.824612222180214,0.4505822066732074,20.474368367029108,0.06682742656937803,865.1531086164748,0.6820296779313699,528.1766029102507,1.0415347352497621
1448,115.65485301435932,4.680932967502005,171.55287427991803,30.357556043827763,28.85571364196612,0.420855540540377,20.470305609949488,0.06643440507637322,865.091055570918,0.6181164908614123,528.1507138306852,1.0510675707398196
1449,115.68948919868308,4.531277184833961,171.77505121692,29.85096716408797,28.88943017015451,0.3877319273873544,20.462758737137065,0.06404719608529869,865.0314498213919,0.5920508526689983,528.2219054711798,0.9576906186851117
1450,115.67892237613452,4.512309847765473,172.09946392688482,30.000545227436543,28.91390748360024,0.3518954822078733,20.453063691319485,0.05994934109843203,864.966380272502,0.5886256944634839,528.2320051321599,0.9516746826402543
1451,115.78957039251996,4.713211985976968,172.26479667627783,31.72194754667965,28.945759009219064,0.36797268843264824,20.442298742239412,0.055826208347119176,864.9015340749888,0.61690781724621,528.2766328250004,1.0306650026616555
1452,115.83525697106498,4.805170853752902,172.58909833256413,33.00484814405324,28.981848367178426,0.3445161253583454,20.43202373085569,0.053493715979843814,864.8334379146019,0.6406937132039574,528.2509205239407,0.9869682619714221
1453,115.92144135785124,4.976227602482346,172.61558165355703,33.12633669545007,29.007679083002813,0.36668662320555406,20.416761475710235,0.04692984711049574,864.7689797424764,0.6978088593406278,528.2780157129836,0.9687643308102944
1454,115.92669451182437,4.976665885982232,172.63430488616333,33.138531317468164,29.00691982987636,0.36620278635711334,20.40373160059664,0.040855763174201865,864.7005898131632,0.7645323142711916,528.2899812176987,0.9629304304953892
1455,115.94039611603202,4.9730563575201,172.88366200141678,32.37705051061541,29.026669594103947,0.353597390318265,20.392650085214814,0.03625603999426947,864.6260650365002,0.811196444983094,528.2755554986154,0.9492995527695871
1456,116.06094696215014,5.45863062825814,173.01454234646596,32.31162576662352,29.03833399780403,0.36765714987602993,20.38023904166505,0.030955059592126008,864.5462489719894,0.8807873585317371,528.3119926189252,0.9506210526896736
1457,116.15067952606185,5.600198301059284,173.1624152090293,29.972690435350554,29.05380917860805,0.366583054781457,20.367573216089216,0.026524156138071218,864.4662721430307,0.9320336482935279,528.3483238802761,0.9656721807150519
1458,116.14427000631696,5.597542462921201,173.2828896910974,30.487927288249683,29.082503929512196,0.3733247802045397,20.363221554175304,0.0247795773455186,864.3907464127783,0.9976891056172942,528.396248645351,0.9224874573289704
1459,116.18347905863045,5.381977686467387,173.3992713976073,29.724019806366726,29.111955793060492,0.3747315085962174,20.360598395604416,0.02419587685842003,864.3091304522957,1.0769006167782162,528.3783297866369,0.923140811571649
1460,116.25029371578452,5.077663239209219,173.62274119947736,28.569824293975373,29.156017483035836,0.3239758952855056,20.359413101784487,0.023864270454712063,864.2333330589962,1.1478961418945761,528.4351344254376,0.8993182830771151
1461,116.3645023768377,4.438614298161063,173.76018069600184,28.353985561522347,29.17759897613129,0.307386787223029,20.365412257250412,0.026452709536434693,864.1601499266912,1.1901126998572749,528.409898523015,0.8873149813391472
1462,116.38420482152043,4.406015285246853,174.15794034153652,32.16802768299043,29.21529035500682,0.28347322479939213,20.375898464746353,0.030093086313046004,864.08746474161,1.2091166186048998,528.4331151163752,0.8477444706664385
1463,116.42669385639866,4.503268714785345,174.35509047152146,33.49456261205018,29.221527945763487,0.282332585859247,20.390263459370768,0.033555643552364976,864.013006158958,1.2393618408580358,528.4569364182107,0.8315707838978692
1464,116.58428776335357,4.379038052687967,174.3629240200232,33.602058617803124,29.22766194332617,0.2867132144451005,20.407470816239723,0.03934292392419034,863.9317404541129,1.3219055048322768,528.5158973303777,0.8447277118282088
1465,116.69764664975546,4.1752120788787055,174.45984794341427,34.8258002143883,29.264341079245593,0.31455699938649356,20.427719123905167,0.048400942911508156,863.8394417668325,1.4113148396218962,528.5187931792065,0.8422827421815703
1466,116.70861945353147,4.19633915640418,174.6748388398177,33.32275305771707,29.295926811153468,0.33118882162091057,20.44623217123434,0.05786464658482524,863.747703760072,1.5336094653439258,528.5246215653077,0.8545910145660406
1467,116.78022503436603,4.348152552322861,174.52537720255367,32.9424851081074,29.302627728828956,0.3311981572436029,20.464492986103725,0.06217111689153645,863.6534501351631,1.7087521248656068,528.5072318202867,0.9005500377283443
1468,116.82511196912543,4.379213146960267,174.4312853989563,33.81032998826762,29.32528213578457,0.3307906142580585,20.482813717546975,0.06554660571866758,863.5568206300218,1.888909986312826,528.5569629332261,0.911191198607944
1469,116.82322098066317,4.383886822498425,174.86458459177547,30.02079989657408,29.32870261563752,0.3312629713433185,20.503636197503344,0.06878324810758528,863.461901379299,2.051043706349693,528.5982302745759,0.981145888094157
1470,116.92187709292135,4.406383522976459,175.06579974399986,30.571922417551836,29.3283873571618,0.33088883980528516,20.522666848784034,0.07175742308899676,863.3566330726206,2.172615207003709,528.6317217568499,1.0201183143759356
1471,117.08063131951558,4.0533677948201206,175.26690931325027,28.37589346602376,29.32499461792465,0.3303788220844302,20.541199654640877,0.0739156407389027,863.2596455012352,2.3147853663425524,528.6371584110237,1.0269313551064303
1472,117.18474433776699,4.439190507027881,175.36649113247998,27.913478097732693,29.344578367630323,0.3157443819262608,20.56228310139792,0.08016888224725989,863.1652235184033,2.4292648571695734,528.6695576676975,0.9803643115345853
1473,117.21478001850035,4.6282373261936485,175.2131911066418,26.87319543124409,29.374532785689013,0.35404072402570674,20.58247364663149,0.08987599719925998,863.0759707329853,2.554912722086456,528.6659835535576,0.9806918913818109
1474,117.25764751110162,4.6116921279436704,175.3801675328811,25.30247344800214,29.401844257284125,0.3431668324906511,20.603448900411866,0.10119573917767384,862.9905372992841,2.6396434146339725,528.644271268187,0.9569329932584814
1475,117.37071233448961,4.313650370336965,175.5777224400534,23.68369345156273,29.418562011985905,0.3352518326328967,20.620160717254592,0.11001643515450794,862.9064059183953,2.7202059617764505,528.6725552156629,0.9308438765896105
1476,117.45490680947704,4.292938904693048,175.73333492969923,24.040855557813106,29.399542593592017,0.3416830467976392,20.639001257738496,0.11667128732622266,862.8247576950982,2.808328850607055,528.7074532214195,0.995461139370325
1477,117.49899058816631,4.402434856213607,176.03161851591267,24.664295505507376,29.429574527408285,0.3270151097506881,20.66152652490158,0.12166112917375768,862.7419655262398,2.8900146061931475,528.7453891246555,0.9768175917835835
1478,117.58830816667788,4.880346354278026,176.16325675063993,24.558901793832913,29.47347192945405,0.36252926102262767,20.682707888718564,0.13011245223597692,862.6461810164988,2.9889136871268946,528.7591707798874,1.0123069688035289
1479,117.59441338611455,4.89994359072073,176.38560838570746,26.225426283352306,29.474108541594727,0.362642870179366,20.70650505625878,0.14353730830957276,862.5490917336547,3.0913410019078387,528.8062015951662,1.2694976866104764
1480,117.60098673291321,4.909126225870191,176.8755270257235,28.434851717922754,29.496287133468968,0.34634984935155794,20.730448795278615,0.15945883998760513,862.439286185971,3.214260038878229,528.8830795756703,1.3480832150378577
1481,117.79911837056781,4.64823572949932,176.99546442193318,28.76523033279086,29.533077918003595,0.30659725102682106,20.75097484529769,0.1739149829934008,862.331519123145,3.283805104737731,528.8969460735397,1.3589095710276655
1482,117.90594019583986,4.969114301570699,177.16636798753282,27.955500974422876,29.55848710557971,0.2750902573214395,20.77677753440349,0.19435299703941095,862.2177266057745,3.3604562454784563,528.8986166119937,1.359439580284102
1483,118.0656503169749,4.778565311796149,176.92557354463423,29.560731754852895,29.60316753118755,0.302891902699563,20.80325670397315,0.2120406716055044,862.1033940506007,3.441025058011469,528.9326221033863,1.410958611170504
1484,118.0408973692252,4.829822694424478,177.17048117670683,29.20565929877218,29.629552445910036,0.309403424419088,20.829926686717958,0.23368170652104073,861.9868793281632,3.501857264058994,528.973794390306,1.4566753660804392
1485,118.07833264214041,4.892785824978659,177.34309251708876,28.581245428648984,29.655420799548725,0.30799640604631834,20.856134976555232,0.2516040256357631,861.870789879375,3.4983109283473155,529.0159881875536,1.4741564026530114
1486,118.16400394745237,4.710391340280568,177.53829234356937,27.64477973500927,29.697236598222368,0.3299675536685815,20.881901917893753,0.2648776742873168,861.7540905632056,3.503416834534011,529.0968138880322,1.4960950170747687
1487,118.25441669194016,4.732569506890148,177.6488500811743,27.216974130519116,29.728756504032823,0.34804138350461056,20.907499451411404,0.270389227477395,861.6309031258497,3.577366645063946,529.1011811502508,1.4925502649719053
1488,118.30494652783482,4.57368263330248,177.83896667725358,25.255771880437877,29.749423071353114,0.3362123762525471,20.928741612425046,0.27353558499991587,861.5004076649308,3.623368257543321,529.1096357276799,1.505395915226714
1489,118.36327291369338,4.766230268868036,177.77439016423142,25.45773607128084,29.768184753607734,0.3199420485721869,20.9501218791374,0.27398716309172916,861.370173359535,3.660485926556093,529.1068338642099,1.5012804616212265
1490,118.43779384747035,4.803668146072996,177.99346679079244,25.622515485029,29.7772606664836,0.31631913495107217,20.972356850493053,0.2788864490941631,861.2423541189528,3.7128498946202395,529.1368939212374,1.5395420016721593
1491,118.55426458022694,4.841792137102389,177.7250377837136,28.343348637218686,29.78463102517143,0.31208010144311354,20.9941284429856,0.28483282962314416,861.1125821873436,3.776691024670557,529.1674569458182,1.5057233463778978
1492,118.54739898437855,4.842292394852141,177.84521860140453,28.63434078537537,29.7858979689889,0.3121664385646682,21.009559263004103,0.2881723352718548,860.9717181125618,3.8459603932233777,529.2204425140427,1.473781590973733
1493,118.5867777508758,4.90966913346971,177.60216485694747,28.354761145705123,29.77388118919274,0.30653421202071424,21.03003206475003,0.29047443741917345,860.8332906258975,3.8991506399209337,529.2170563427254,1.4810179613775423
1494,118.63743051684581,5.072734692655363,177.83366291477304,29.634233882084715,29.79667154659762,0.2624230964378255,21.05623264344032,0.2850270934704165,860.6941218431712,3.9468500535362163,529.2748736627345,1.384712590457596
1495,118.64765478180716,4.987174994410847,177.91197850042434,29.370595804433535,29.779912716449118,0.2831244152562891,21.081958198550193,0.28742597693113514,860.555541748463,3.987788717768414,529.379581553116,1.3167531198338704
1496,118.74677644532541,5.001575166824141,177.9829032707551,29.79698383225103,29.80108502393175,0.29095385483550845,21.104677009897436,0.29009014481584205,860.4189351784447,4.006014679681291,529.4161042898754,1.250012130915316
1497,118.7530688907676,5.005418531280896,178.28153583775946,26.902178313047575,29.773668434957763,0.31616481982862776,21.127635073022702,0.2876608149151851,860.2734696511527,3.9591392207698592,529.4278413975126,1.2533138167467068
1498,118.86519267972022,4.6121861030354445,178.51884678604313,27.65384226852905,29.793935515674388,0.31088018210209367,21.155702767034157,0.2864116839989757,860.1211874758728,3.937054712570591,529.5020093001771,1.2117308377802345
1499,119.02594011226654,4.4461919280137625,178.77991677789944,29.77356971387395,29.818707393724914,0.3132601731981777,21.185683682939224,0.28712667800190195,859.9753145863828,3.910168537741695,529.5248607228742,1.2295108059242423
1500,119.14288835538277,4.479336490805487,178.8893021966603,30.705249360218357,29.847003108305998,0.29424695901854825,21.21264903541843,0.2814922041610229,859.8337163153471,3.9236068137340876,529.5271797003506,1.2234508398353519
1501,119.13138655540038,4.480147465100908,178.92201693724027,30.927536856663206,29.84591979605134,0.2940260806801454,21.24166457455874,0.27346652505382246,859.6944854641191,3.9650292157198104,529.5203255274196,1.2158665335860115
1502,119.1046816161422,4.5806887016889855,178.8436157074168,30.666728556069888,29.857040187298452,0.29343801757214866,21.268959366228128,0.25779022729195905,859.5553972034636,3.995748475150706,529.5600183319187,1.2082396237014414
1503,119.12125950041107,4.591074437820509,178.98153884170569,30.680163661171093,29.851407457983047,0.29267867439121253,21.299124023307296,0.24077774518595282,859.4173543852366,4.046985263693153,529.616604261773,1.2589334316384633
1504,119.24169209728878,4.572792722220396,179.21593916226487,30.76312933125858,29.86443349366398,0.2865192960707262,21.3260750438714,0.22285239863754897,859.2799365640243,4.11348273126975,529.6752042492312,1.2784660227308422
1505,119.3712615675863,4.593883600658204,179.22730394854088,30.729708953474333,29.877313029301064,0.2772909443039774,21.35048595160332,0.20275249197047826,859.145247788383,4.137237423354136,529.708517682971,1.2462472952050963
1506,119.26777737398672,4.78785945482607,179.31457789413457,30.5314860063657,29.87214234235689,0.2782328377665375,21.378653548424133,0.18120005395094052,859.0153967386577,4.180451253102901,529.7394765251506,1.26346087369022
1507,119.30923358659608,4.861472291061976,179.45763467151286,28.55356058287695,29.896056410825278,0.2837327670955175,21.408984133801745,0.15601475324189,858.8830199166032,4.198217710965954,529.752184741026,1.2638060502578836
1508,119.40389737006171,4.70697741872774,179.57771349475217,28.99819746426619,29.906753887075066,0.2895548307478104,21.43649908633704,0.14018965534382175,858.7544084169353,4.1771145942414485,529.7630439891601,1.255888464195124
1509,119.5457299343173,4.278922018822278,179.76709130580238,28.262483558289265,29.90810545348887,0.2895087399243193,21.464199568857612,0.12026383091567752,858.6291696526173,4.174247665084452,529.8304346505035,1.2296856917484975
1510,119.63303509052486,3.966893783157328,179.70854438322303,28.816233796626637,29.915132725758752,0.2885787021034057,21.49069645478906,0.10146907583716355,858.5003739297841,4.139374454410722,529.8628856767278,1.268492423730129
1511,119.63362350487346,3.9630537487930027,179.81487678907826,28.654465004403455,29.921022765520284,0.2832760928722971,21.51540198271514,0.09332126813735797,858.3581417596507,4.11051038759643,529.9124760421039,1.205417797807451
1512,119.69385586570965,3.7046994852385717,179.62282065140664,27.054787512454787,29.927990607179648,0.2843786403422705,21.53936676979612,0.0871908578364176,858.2153269009135,4.016818341552157,529.9411787404431,1.1443514936342947
1513,119.68481758682894,3.729159175946847,179.58519422687212,26.906002558835524,29.941139710504743,0.27576214949948047,21.567043858369356,0.08713651888904474,858.0702872987839,3.951421828959514,529.9719886295005,1.1142667030556765
1514,119.64163886540393,3.7893999133243863,179.4886369004958,27.038417971683874,29.9431208098096,0.2750961699775012,21.591858665076003,0.08889734076433131,857.932288635585,3.9537394880430026,529.9772735087739,1.1167179425788454
1515,119.70026978575086,3.8359108778337387,179.55870446264262,27.789019167156525,29.934776373248333,0.2684991584735353,21.615809687891673,0.09563999695834112,857.7949493126983,4.008013458967742,530.0385028971426,1.0790906370025746
1516,119.73395331024152,3.7703227002733075,179.5612597845971,27.773480318710774,29.928800065127255,0.2654915347056516,21.64203388249535,0.10511113317330639,857.6639459594014,4.0501539950177206,530.0450533971712,1.0767401283763665
1517,119.75690210481342,3.789136935677578,179.92961100847063,28.95641048789616,29.930653466275473,0.26391837967234905,21.671308965238474,0.11124371899735475,857.5467370325408,4.074516546256504,530.1170008208389,0.8570552717424679
1518,119.83225479469462,3.8434443818833586,180.1900288270348,25.79802245623653,29.941814479860774,0.26879942311584337,21.703618398094136,0.12062159413953395,857.4311151924242,4.098971639108302,530.13064043523,0.8597662745344787
1519,119.8499988711899,3.704689562639247,180.13387731755134,25.840508252609972,29.96158058531366,0.269712168369425,21.733697272051657,0.12818836326992047,857.3099396260382,4.123829179397979,530.1243536962667,0.8577745031926951
1520,119.92284672559214,3.910664765214911,180.14861079681782,25.88755795948156,29.956160545954653,0.2718381820299648,21.766190264278272,0.1366682193372863,857.1898046929184,4.1340219136701295,530.1373322832227,0.8634976409503485
1521,119.9940572397785,4.1580597416482155,180.2786912199365,25.32525656169772,30.00111756605954,0.3141178564493031,21.797068141109243,0.1393548171092489,857.0691893165389,4.129025630803328,530.1605783296368,0.8547971953571797
1522,119.88895892622973,4.376322641416891,180.56148069647602,26.583696439461296,30.001745378897127,0.31344197043767835,21.822181459121612,0.1415262052244926,856.9368198229275,4.143733447548423,530.1781835578206,0.8199395042260881
1523,119.89250896345298,4.385254011990305,180.70710424891942,25.926530235915966,29.99234055473662,0.30379317326781186,21.84580223257649,0.1448644173233171,856.8065269312406,4.124994688196136,530.2059001691683,0.765319735390617
1524,120.00579723081333,4.61687848039314,180.61856378964436,27.374728959543248,29.999470984744892,0.3046406737341664,21.867984341263632,0.14846067918521522,856.666292745233,4.076575478838999,530.2146651563537,0.7413027757739128
1525,119.9685602886768,4.774106095857209,180.62048547921518,27.358379843732656,30.013652715949103,0.30302391442651944,21.890022586710693,0.14666976762696934,856.5286914898035,3.9815325309258713,530.231920734929,0.7103706505279883
1526,119.92881149340846,4.899458557131133,180.68076047596116,27.54618466318831,30.054162919591327,0.2820847543831009,21.9140819772281,0.1453491863996231,856.3860986512534,3.901999652022872,530.2617630754492,0.7693827576566803
1527,119.95999986051682,4.939648015890158,180.56796044754347,27.334546493288208,30.05154486459654,0.28311204666606243,21.94049906818539,0.14831858027532538,856.2430933351501,3.8026615264840906,530.2974207293106,0.7727199043960445
1528,119.92437898663066,4.825826951791145,180.5288394404707,27.53656585953584,30.031563054140403,0.2666257509911397,21.964964215490273,0.1511174626386175,856.1048662466857,3.756434306149177,530.2856947358824,0.7781301059873356
1529,119.94018971566862,4.818722886859853,180.34180634564888,27.385938968923742,30.04262168206089,0.2624849441752884,21.98833515833794,0.15939681177306017,855.9700106086733,3.689107103981937,530.2410064193053,0.6634460911528324
1530,119.95404918489348,4.786079774766596,180.01724240612396,25.534796360952686,30.030390088817743,0.2790250771947789,22.009097774104227,0.16631405703295177,855.8418368829823,3.6654955941081053,530.2105693097673,0.6460063755333982
1531,119.91225450558291,4.69821579907023,180.0052651482913,25.511013057033296,30.03168533184661,0.27877752302939424,22.030540144997953,0.17135528674698616,855.7074984596007,3.599179766568763,530.2454135431835,0.6646629937136377
1532,119.76322005655817,5.175317252352145,179.94534634013274,25.80955019811293,30.042096618773613,0.27446026174769805,22.048122208858654,0.17843429987304443,855.5823199430858,3.5160582532581826,530.2816556348695,0.6452493685033978
1533,119.67814195233241,5.25409276703883,180.3108176140529,23.39913751405244,30.012653967073007,0.2600819936218524,22.06792710753357,0.18718105524201584,855.4599705554627,3.4219068418553378,530.2986473809292,0.6675383447081983
1534,119.73532887761452,5.037332856342584,180.16381695929144,23.83474792616645,30.024063533329787,0.2755382338524345,22.08573597660929,0.19624308090087655,855.3361625779885,3.3250904755659194,530.295710137961,0.6666032808994924
1535,119.64383824219763,5.440117926212952,180.02155617578902,24.95242095388444,30.018758281634938,0.27436348404065686,22.10070131038256,0.19973199397542996,855.2100671208963,3.1665535457160656,530.3249788121345,0.7068696474024824
1536,119.64235960508545,5.441507016761881,180.00305352475334,24.971487909078856,29.988937047533618,0.26037766880895113,22.119620083043642,0.20469027475284027,855.0846311864111,3.015449068455697,530.2916522709795,0.7022062609295584
1537,119.61760434899911,5.42428634512736,179.8118505337427,27.40096694668065,29.964510827854753,0.2506776841421008,22.141475828881898,0.2071876037287135,854.9690328901374,2.920641265731015,530.3186912896791,0.6570272122248763
1538,119.61496272284872,5.433344217027842,179.60273640166812,30.598731276591234,29.953820697364062,0.2561564490719702,22.1613043558934,0.20176817256403806,854.85281967709,2.8461035591438457,530.3250127836013,0.6557042213904622
1539,119.54565339082664,5.419649145201247,179.75105251184846,30.202451877056273,29.946701597407326,0.26088303482147107,22.18492335133551,0.19702744789083265,854.7370954996226,2.7630378082088995,530.3618037608645,0.680803157795071
1540,119.47877626547366,5.511696596525048,179.65965069269546,29.878068194058958,29.95028523118616,0.26048166976295417,22.208874425714146,0.1983451936715807,854.6124425343047,2.732777593937015,530.3573038714833,0.6805735331255369
1541,119.4122758605056,5.449247087821828,179.7037290731832,28.76280327904052,29.95696027888745,0.25907359748544834,22.230142016532305,0.1971969859960563,854.4980257844966,2.6682227047789713,530.3672078495816,0.66560435584282
1542,119.44309916757385,5.429519131893103,179.6482267367906,28.659439519053183,29.960284467317187,0.2589027203460782,22.25212769039608,0.18832043246876054,854.3930315684238,2.6233947639843467,530.3800382983657,0.6700645360992359
1543,119.43479705138269,5.416922917247022,179.7483190296633,27.641157585972007,29.968453075221262,0.25805215079567717,22.274737858444777,0.18317713109241576,854.2838460990965,2.5820689643234007,530.4845496855359,0.7271060269280663
1544,119.42799210959315,5.391170329627815,179.44371638044376,28.261256873160804,29.979880108316777,0.2514790740166022,22.29964583627294,0.17970927280043575,854.1746581180652,2.5469527838394272,530.4854291574846,0.7260510381134463
1545,119.50606736089242,4.958176887514336,179.52367955140733,28.374931475437094,30.021445768717356,0.2347279612949925,22.322484692591406,0.1805404428518562,854.0637442268776,2.5189917233448087,530.4959759476079,0.7561817778881231
1546,119.47868767486824,4.898412417706838,179.5910970753138,29.034578809824172,30.015298220452266,0.2306009990941421,22.34541628041719,0.17857899413696698,853.9638354476625,2.4180248477276227,530.5262215349518,0.7352280757417596
1547,119.41469585593387,5.138703813698708,179.7339159632432,30.42084504105847,30.026475554223353,0.20573549718303635,22.368574051638937,0.17197226655728481,853.8654396743224,2.3190402823618737,530.5483801033103,0.7293448622479646
1548,119.40223037115163,5.134286636582013,179.61453942795114,29.634821013266023,30.017837483139232,0.20706464451839007,22.389465974649408,0.17047283461545507,853.7731417126035,2.2560147123248275,530.5349477538031,0.724768903992934
1549,119.32012150092862,4.959283966110022,179.3976374626669,27.76415575463206,29.99109122315904,0.21800468610610765,22.407069086106898,0.1695284473629628,853.675802007449,2.189709019691029,530.5580434975607,0.7481885549821166
1550,119.27197110427143,4.797421387611929,179.42242206226962,28.115811663745994,29.980794509918013,0.21868482608778103,22.42682172975556,0.16339239752071497,853.5785137400685,2.1383465644174597,530.633051960024,0.6843835236266191
1551,119.25801846253692,4.8201661162628175,179.3470505680135,27.841410644683524,29.961747172599807,0.23921586208122025,22.447420104730053,0.15897215699908673,853.4827834145159,2.096607441857139,530.6859708055814,0.7446521233494608
1552,119.28329034471673,4.715300994416567,179.3005770209961,28.024728925815616,29.950446704071833,0.2423299672427928,22.47339847769615,0.1507708725441465,853.3874220697076,2.053718918690707,530.7040282965088,0.7518300510179501
1553,119.22487551468588,4.82021642891622,179.14361984837467,28.261010707518274,29.946579489956875,0.24442719218446377,22.500467628381553,0.14809710787737887,853.2988205659151,2.000327448341913,530.6828610452922,0.7423561348714132
1554,119.19276688615285,4.682190502970528,179.05127118571534,27.55878021455987,29.926584213401508,0.26420168621420664,22.52612452040384,0.13702789859206935,853.2103859216244,1.9623156961899206,530.7150356307144,0.8329471209272099
1555,119.0843951700532,4.510211181275038,178.87931060729483,29.383494278230135,29.922072071475476,0.26600066150801355,22.55329144241159,0.11953866349023179,853.1187860265802,1.905417305151001,530.7272726086645,0.8238460292203168
1556,119.21005388193457,4.461019088330415,178.9395112604083,29.744141799915447,29.917054894622858,0.2699815445682831,22.57699991788664,0.10605881563867497,853.028672946382,1.8420770433140758,530.719132147148,0.8264426444170402
1557,119.09972414168749,4.622717471922236,178.8257235980771,31.030546169847387,29.885729925034266,0.2757269173187638,22.59984487142659,0.09337327340229984,852.9385514026575,1.7800267972283357,530.7464911552574,0.8280065080779276
1558,119.09277347256233,4.599263275725129,178.60126885710739,31.026337094622523,29.87741369592256,0.2698538726689417,22.618674346240866,0.08147117957200266,852.8456728059255,1.690986376866075,530.7572898408508,0.810153599318896
1559,118.93816937588218,5.021673974618796,178.52705198282587,30.710739034213745,29.866269857963506,0.27499206366345325,22.639606338683294,0.06799561208271472,852.7588184971179,1.584911831365188,530.7453921316312,0.8042727120569589
1560,118.89286174073685,5.0242123871894995,178.77163762739525,31.26225898109095,29.867547960036095,0.27548111911788953,22.6644786997425,0.05591831252563413,852.6692262210781,1.4891534694430104,530.7573573570047,0.8236041406625637
1561,118.90078324642673,4.987862045416366,178.65195261446138,31.269430592525886,29.867227393272927,0.2756454612692121,22.68383072334044,0.04678466255296776,852.5802397736104,1.4667255827088437,530.8294405847394,1.046162487720192
1562,118.89599223229943,4.987376765724991,178.50537429690633,32.23994632177163,29.849541202067712,0.2801320447945141,22.702918351501683,0.03840845689069366,852.4868457545604,1.4344325063694074,530.8738243207256,1.0334685919387343
1563,118.92341916566234,4.982523491695672,178.5363543801113,32.420425899961536,29.830400439237277,0.2948309711717596,22.719855633993316,0.03689500948293069,852.3962716348151,1.4285470132816642,530.9180669254124,1.0748654364949606
1564,118.99877907142549,5.1091028877271505,178.4972322294756,32.66344901878096,29.81112437244229,0.3135455927323142,22.7367091798893,0.03440644045189268,852.3015924610088,1.4619396728665688,530.927157647483,1.0681620725177106
1565,118.9014494374524,5.080881001120716,178.13051446841277,33.379907458081334,29.799257148620935,0.31316161667301423,22.750176923959025,0.03258704072468767,852.2034325106725,1.5560959628071864,530.9340620179617,1.07491852834352
1566,118.83279471920808,5.217968056140644,178.18759800197637,33.36968130624602,29.790548470123948,0.31287090545482554,22.761782286864687,0.03248400479194678,852.1027706209883,1.6327029221820057,530.9218228953163,1.1049969472783299
1567,118.8049869641036,5.1494825366092325,177.88180125211576,30.34404526330802,29.778775987275743,0.32533583540412514,22.77446121216466,0.03352020341461961,851.9974670719546,1.6562218408411054,530.9146158690712,1.1155111510481963
1568,118.70863358040448,4.979212580560097,177.7694241893656,30.345781498403316,29.745529647311805,0.33644692635236645,22.781888642877004,0.034201310748006,851.889988224416,1.6860435529861995,530.934014976779,1.1203753944595618
1569,118.70224872168052,5.0106420777226575,177.79750732795367,30.420633401380233,29.730173600490936,0.32558097983986933,22.79245919907934,0.03573266391841482,851.7849616933385,1.7337377954222348,530.9664919829986,1.1195298383526342
1570,118.56899709729448,4.704390012077592,177.75843092688956,30.15591377505326,29.731594457476024,0.3253948307159767,22.8008797556965,0.037519724674560814,851.6747842750486,1.7965576302761488,530.9982749223713,1.1508958291972344
1571,118.41650292289366,4.350872144408455,177.57345188602213,30.51186222797739,29.678245815259597,0.2682630973609842,22.81004470931766,0.037891396502931794,851.5640022287657,1.85410424893761,531.0122625951441,1.147788114055423
1572,118.36685330766801,4.68894302599826,177.30684743468032,27.48393851477886,29.67236846798757,0.27225291099820126,22.81867076593598,0.03579858483961087,851.4608149369078,1.9494510853976146,531.0787690101278,1.1825987400742881
1573,118.34644780165024,4.591268761951699,177.02172381119829,28.780817067449036,29.65757403004005,0.26531457975425504,22.82591202635306,0.03361882767789632,851.3585589627444,2.008146700069183,531.1209038166119,1.1716670699463583
1574,118.22988716283785,3.9773010828605964,177.09666957698127,28.054173296006834,29.626796954422726,0.2765705731617657,22.832196974451072,0.03129668275285925,851.2559193073062,2.1073282588457776,531.1328196149835,1.1293000978485488
1575,118.16350765144404,4.365944219946296,176.9856293173812,28.80615407194641,29.596373121762852,0.28072666574927685,22.838306820063675,0.027651157100703587,851.1518976898961,2.1728276848225643,531.1313823305845,1.1333823325025656
1576,118.21129703869175,4.406616519350197,176.79490812809877,28.017603179615918,29.57268555824706,0.250915610583304,22.84383393556431,0.025099087579864725,851.0572503220108,2.2317177937733454,531.125431929567,1.1250676810881497
1577,118.12544546923002,4.224248444792862,176.68073063742486,28.21998789041209,29.551415897955806,0.26387966976617816,22.846532086152777,0.024356086529668954,850.9729337748693,2.239145549665948,531.1274657988539,1.1256541389431791
1578,118.03696001504919,4.16573090669198,176.6202387684259,28.35859423005845,29.536261804229255,0.26314981666690546,22.85183934825678,0.023315360072897827,850.8909752922922,2.255661613766792,531.167966000446,1.0956606992689522
1579,117.98646212749541,4.079861012836699,176.42570810611335,30.4357543430249,29.517258541333746,0.2581763876946368,22.85649438712955,0.02328418937177733,850.8092881488053,2.2525989165547364,531.1850875997912,1.083610835659672
1580,117.91482837570572,4.1678647551034596,176.2895675881511,31.797443393990516,29.50606582493713,0.27469969189209015,22.861138674683335,0.0226995803117873,850.7289125294362,2.250408257644691,531.2104838840384,1.0412529145773923
1581,117.79049604102198,4.43240594965939,176.14417983469298,31.550209928105538,29.498157208551746,0.2703428465632978,22.86555382445489,0.021961733627451133,850.6511668768121,2.2465347240125118,531.2012777259514,1.0426540770557002
1582,117.80279325276835,4.358472929636754,176.25998600658346,32.19519121136487,29.461872513918323,0.2920505714575167,22.868576309180362,0.021250321163302284,850.5692279645083,2.216075569018095,531.2151094651867,1.0439161765894927
1583,117.77982987939168,4.415898622213334,176.09667131777184,30.271429454172004,29.454734225081435,0.2935971172213644,22.86673811171184,0.021790745423670637,850.4886097269866,2.1675228203800545,531.2382657216489,1.0774654814897089
1584,117.67903670481275,4.615456358666913,176.11903941520686,30.25141775580341,29.41098839897143,0.2542364893842096,22.865830514535983,0.022008540872435943,850.4120519180286,2.117250079374541,531.2430637496204,1.0702099221892485
1585,117.71325936445925,4.50402488313503,176.0839337895542,30.558960899941134,29.391770472429297,0.24970837533046727,22.869250575981397,0.020609443611852952,850.3362755356865,2.044841738751901,531.240283974087,1.0679122937386012
1586,117.69827794125166,4.471447831504416,175.88371391555117,31.353517706169733,29.37884962672586,0.255515109531976,22.869054848647888,0.02067435135628529,850.2619873810556,1.9773173746944526,531.3126204963788,1.0790843872317264
1587,117.6113327295171,4.555992811126087,176.0402145720083,30.348033393824547,29.354995632556587,0.2751152239099281,22.870242219189684,0.02041498790714605,850.1915394676633,1.8981301418787158,531.3096653670005,1.086457777621776
1588,117.47501613107221,5.413120287206542,176.0529445023732,30.12092234134977,29.341345762568423,0.28204137117034667,22.875345305953616,0.017998440861876665,850.1184377274942,1.84780276412269,531.350486783789,1.0921060715434778
1589,117.42002779572832,5.511631866130448,176.04044403834877,29.975090868441647,29.33481932029094,0.28276441796842294,22.880072720143794,0.0170887893435492,850.0446983114269,1.7983646651982579,531.350286610374,1.0920071812088814
1590,117.35113656825685,5.784665498532243,175.91556599814115,29.959964636475373,29.30983660656454,0.28091321339414843,22.881543058263002,0.01702453030372731,849.9866240839355,1.7734901369110083,531.3655590633135,1.0700631366716893
1591,117.28400193616554,5.887801781757271,176.20875845647865,29.7525688513361,29.28130378755908,0.28043311047054303,22.882581745588453,0.016746095017575718,849.9197930949113,1.726122758835908,531.3938058220765,1.0237004494645432
1592,117.18135782089978,5.86981373423739,176.25128975566315,30.102733411935407,29.237174081447765,0.3115889122428239,22.889501514096473,0.015049980673596395,849.8533825456777,1.6606568244713114,531.4342873294007,1.0619275068653695
1593,117.04937625001895,5.988346303303232,176.2020577039317,30.127035508945497,29.201426393593405,0.31125554754179746,22.894866531807683,0.014602872012380079,849.785504604474,1.622164358561987,531.4029510808466,0.9909098861757626
1594,116.87214433439419,6.088150876396613,176.27021072611169,29.633429340769045,29.16939569399146,0.31179122640753926,22.89604925853001,0.014544412555938252,849.7208218538224,1.5842905570784347,531.4209711779803,0.9525795897514405
1595,116.796162050482,6.093154011781738,176.00844839034912,29.902688279949537,29.13531874522166,0.25350909248281156,22.895463413920112,0.014557006187883475,849.6523108854886,1.574427655105484,531.3988750711053,0.9439255987370824
1596,116.6632079182789,6.140930479768503,175.86287298571716,27.98281911771813,29.101394322517848,0.23778185492045015,22.894109319051072,0.014731962448490073,849.5669734985207,1.5277214762300522,531.4090582595258,0.9393200254741493
1597,116.70587149849776,6.174798387162453,175.50452893708618,25.53522443809312,29.095523478173714,0.2382009797814105,22.896321304147808,0.014534376506482158,849.4663468734886,1.5451053347123187,531.4463114061313,0.9746581587548506
1598,116.62108802625379,6.090466134920428,175.17352250514602,28.03331742111342,29.065829183046265,0.24378991174610354,22.893168845291843,0.01522538387250802,849.365355161407,1.5645217464027346,531.4683239695638,0.9506590028247933
1599,116.51315754368578,6.291474453067114,175.1554308673008,27.933895980558766,29.034595272752618,0.2881342353134918,22.89185483826744,0.01552922695358916,849.2640390325668,1.6105986120653228,531.4753332045561,0.9552960199246053
1600,116.38555673962466,6.2654086737871815,174.8995928527015,25.0316800018218,29.022043230150903,0.27906504596441095,22.888375122185103,0.017081337847356003,849.1640947900294,1.663432554179559,531.460746318815,0.9487100446707032
1601,116.30095978694484,6.324241686762213,174.68812771810175,25.375255850220004,29.005950101185828,0.2938249476891332,22.87955703547948,0.021715114514137757,849.0638625022783,1.7184072670050314,531.4426860462052,0.9252201063492179
1602,116.2289448008273,6.35306528247874,174.6122160001927,25.424649633177726,28.99487202127294,0.28791984849121716,22.8695951098406,0.025139718382023404,848.9582900671713,1.8000517705040873,531.4537446157894,0.9290446284295949
1603,116.1943985865681,6.364463770703004,174.5428837992795,25.672310901834116,28.97073716924927,0.28792352052793124,22.85421049156066,0.02926079783932895,848.8445891614339,1.8744454390839054,531.4689862843883,0.9073719408109876
1604,116.10661886390946,5.976177277750557,174.4954193133164,25.2064823281476,28.974663126112677,0.28854493669511505,22.843859308433284,0.03273579309623247,848.7326367496133,1.950543384220481,531.4376250707027,0.8660503829236181
1605,116.0338941041604,6.077322154762945,174.41676914817438,26.322925747451922,28.982736261861664,0.3023729330908015,22.836434059392815,0.034589740198994814,848.6149088099403,2.0557809186658353,531.4562639756048,0.8539417743281127
1606,115.88198256789354,5.351512575997847,174.30649693716106,24.92056474357957,28.967017278519073,0.30117021243965325,22.828798135672184,0.0368377291686359,848.4914484764784,2.175301785740171,531.5217505495777,0.9223083523258221
1607,115.85483080976348,5.399648499009797,174.43358611414337,24.74043884306945,28.940138142162144,0.33392763977294887,22.82217549017905,0.0382379203757533,848.3617094155071,2.334724187875744,531.5371905788655,0.931803208719127
1608,115.7141490013805,5.033762971974277,174.3076401657661,25.87342429170406,28.911963338851006,0.3115435896965654,22.82104376773275,0.03842184782303563,848.2256500812874,2.516673003731846,531.5585679593958,0.8968281217712704
1609,115.69400374467412,5.132274147874924,174.1704386677994,25.558889585240927,28.89447115797106,0.3105870426729524,22.816860873077825,0.039160564235648176,848.0852160438378,2.641906511322297,531.6054438673611,0.9241874699963522
1610,115.60643719480653,5.147287763905331,173.90066018856163,22.75711175360182,28.845870649613715,0.3104707587291848,22.81062260501795,0.03831746524391899,847.9492516825911,2.7580044668299726,531.630862966741,0.968774139890079
1611,115.50273352072313,5.42259721230425,174.07374502257574,24.88719506126184,28.811947755972948,0.31523464340146384,22.80521309006768,0.038499265008024905,847.8224766313573,2.895560687044178,531.5750937981462,0.8423082790521363
1612,115.337597671736,5.665352825727003,173.94747923558967,26.303796809352466,28.785905271576603,0.3236352545353786,22.79943338868293,0.03839637175891277,847.6936870603585,3.0558118011458077,531.6162951068167,0.9478696046569102
1613,115.2594231628057,5.305463073167456,173.49328686012848,29.01527921906099,28.773298444246738,0.3264553399811993,22.789898625197814,0.03726777619392099,847.5607073910151,3.257355551814803,531.6202725085802,0.9555130696512483
1614,115.08633906300156,4.539601606611122,173.1798563675219,33.28652337683896,28.74979216923924,0.3497730581432408,22.779668001315862,0.036501116477311114,847.4294926533674,3.5161258003246147,531.6588202244383,0.9643796828258104
1615,115.0131415057866,4.57257403983925,173.2107793365492,33.019347036951075,28.711181257477296,0.363278595265244,22.770184703881572,0.03646372072855363,847.3116028853249,3.7541410462231988,531.6807096898945,0.9849376138400303
1616,114.92746883252904,4.736887356777357,173.09293873147314,32.2015596842643,28.669191701525826,0.37582254300206275,22.75914664879854,0.036437899429273266,847.1958682192707,3.9628068122414377,531.745830965976,0.8962291372155277
1617,114.80458599085198,4.38770429262354,172.8649201287339,33.803004422132,28.631987144226965,0.4220757472890899,22.74637837895585,0.035052375591424434,847.0745116890135,4.176050461080067,531.7901839566345,0.8386615489543323
1618,114.69425994623184,4.453832285739506,172.70734237581016,34.355156696229805,28.623211787315096,0.4235039722549889,22.7384742838795,0.03394312820421158,846.9499850844103,4.431359307297235,531.8200570641864,0.8675510205117783
1619,114.54937513507042,5.077767029626609,172.4249428570161,34.25980707622774,28.589644685944045,0.4060306566294031,22.725742812076238,0.0320716374531335,846.8248561154629,4.693453436492896,531.8263868546533,0.8686418633677471
1620,114.43517283775289,5.291449466814562,172.06191549701038,35.14781079929372,28.56244240490681,0.38126497448969227,22.714293482874858,0.029620015062612363,846.6974799781462,5.0182670440936885,531.8609691639917,0.9590787333840471
1621,114.37583979516214,5.300228318551781,172.0299085058329,35.19663848380938,28.535650920841107,0.39891905930124294,22.70202170285402,0.028630628048494568,846.5776812624287,5.271859124736804,531.8449112759298,0.9921216962768044
1622,114.30618800897959,5.6226658350826355,171.67399198665737,38.39968133823446,28.501872100769177,0.41046542441616124,22.690781935096293,0.03015070944933293,846.4590269365669,5.515162097706824,531.8165434677713,0.9675326995830323
1623,114.05667644543672,5.738380102123738,171.7231081726187,38.132729388981936,28.471708792058152,0.3929806457307812,22.677137842105605,0.03486317394456809,846.3308627236812,5.783790584592761,531.8326535610586,0.9873984923000388
1624,113.91072492873701,5.642268702800873,171.5337749540971,38.97498114946606,28.462953586671198,0.39284947358784206,22.66686050543447,0.03745973692737814,846.2054273041243,6.074666070551353,531.8873374856275,0.8969635383766961
1625,113.7902520340623,6.427551723650193,171.54647927209183,38.967832315139574,28.452650695480358,0.3914054366084225,22.658490570337655,0.04047105673899134,846.0806706112032,6.320904503893884,531.9335184611992,0.7978673635800247
1626,113.6012725952784,5.895742392146727,171.40977842935865,39.17636236800025,28.40414829522164,0.39456788656109576,22.647375296085816,0.04450470540293274,845.9479809541496,6.564094336510159,531.9544567940659,0.8082855793941672
1627,113.52397205825012,5.648409597575334,171.11927378335363,42.444425250449996,28.393114123403443,0.39328062476200026,22.636225441805806,0.04775507694142232,845.8041315718697,6.742666716485853,531.954919612156,0.8076956916059497
1628,113.36297208979553,6.067455133433704,170.99083066851418,42.51013827175908,28.377815555273674,0.3801470569708526,22.622416082979427,0.050256935704476445,845.6617253385317,6.8905469780427175,531.9497731843453,0.8106750315443592
1629,113.24814649021774,5.737907423249787,170.9403411916247,43.107793492719104,28.351161941471986,0.3720373087806284,22.60937977985415,0.04957968031095049,845.5227640691061,6.958595951298265,531.97396244188,0.8058656893024974
1630,113.21364728798515,5.634800711346241,171.00067876364173,42.93429619126444,28.344585369941388,0.37208842685189375,22.5955881667474,0.050537502752196324,845.3800830055457,7.030048645233061,532.0136579203889,0.8070005810725907
1631,113.19574070694846,5.632994517215064,170.91292634486317,42.886870985044155,28.30963532611997,0.3454497206496081,22.582141928245647,0.051448097315929794,845.239793876608,7.04332026351771,532.0340299856894,0.7814983856640686
1632,113.08581246532668,5.796961389524255,170.69428823328855,40.40745808785871,28.283410783335345,0.3814355261502266,22.571887434109147,0.051575395534741796,845.0894748051985,7.098152609635345,532.019215486426,0.8056335418624441
1633,112.92882169934876,6.098200167219086,170.40159674746593,40.406158331157535,28.259142240625305,0.3667904445973783,22.562695089610603,0.05381637760989362,844.942991673464,7.059213089025443,532.0270262709365,0.8165951929223374
1634,112.84758502297564,6.210879476523193,170.08025154105286,41.74785769448053,28.236560608905783,0.3682787799078454,22.55181289189812,0.05611051148143267,844.7932976517291,6.983554782438614,532.0782731035948,0.8007149983927383
1635,112.70965510086491,6.005569189345824,169.9506381106946,42.36275014571833,28.19404209869382,0.38926725186942757,22.538043866734437,0.059947960742397895,844.636800947905,6.881190548560884,532.0792292430292,0.799782942285286
1636,112.56930671531785,5.361528840002825,169.9293514428955,42.42523567725218,28.159200962852914,0.4038842492287225,22.523754647941356,0.06538269351362445,844.4835855920101,6.72586867299262,532.0628942391379,0.7770770521395152
1637,112.45904229267342,5.421405338044765,169.58064252173284,43.66805412422243,28.14291249421444,0.4102106249776663,22.50474621038083,0.07303113749430679,844.328627603273,6.4930219833455975,532.1359264598229,0.7384822150684169
1638,112.4388967488619,5.4994531280221635,169.53630791826902,43.94346815318661,28.137927745352503,0.40519279558191923,22.484295822734595,0.08294111927711541,844.1753000299104,6.311646199531055,532.1199093657941,0.7420757467142484
1639,112.28050680066065,5.862932745039553,169.21769900914012,41.272135311328285,28.118979328665695,0.38514336906461466,22.458760680375594,0.09379608222543424,844.0257390850722,6.0897292976134345,532.1434381880799,0.7441885661706383
1640,112.21455857160521,5.886476639217859,169.16526350141652,41.01391314323492,28.069023469677447,0.44721393556097344,22.43219892345599,0.10536248801347473,843.8623539295886,5.841314374588258,532.1657545915062,0.7186384300045352
1641,112.04169009091058,6.4380331216757325,168.66398100230174,39.3784255247244,28.04119732887749,0.45631531483777554,22.41017082064574,0.11413819212400972,843.6996253434703,5.5821030864773045,532.240540948293,0.8633429060949747
1642,111.89444116346014,6.707541003336042,168.3460276483947,36.21596490630774,28.04310793972421,0.45559656008844696,22.385657586033062,0.11773082307756866,843.5349822502811,5.254169907584397,532.2153516500713,0.8617432837117509
1643,111.82084758830077,6.755861147314538,168.05658696217048,36.6196032531665,28.014939848369963,0.4787661745794178,22.36300777169938,0.11565554924413599,843.3680303943918,4.990091840293166,532.2014815518996,0.884656252137659
1644,111.7942672119911,6.767688764258719,167.74354096701418,37.47258070062837,27.98407406307713,0.5036290531451841,22.34147670777757,0.11520349996150399,843.202860086085,4.650211103977748,532.2551316785965,0.8773355245463971
1645,111.68740016752723,6.660860603018053,167.80169668289076,37.80163667686312,27.93687401009513,0.5038207564502358,22.31895614110174,0.11624467056273816,843.0363441745684,4.391318589734482,532.2859590229428,0.8489975408595318
1646,111.58228688312347,6.88244010306981,167.51222576692314,35.51851977169902,27.915568624804283,0.502144491610979,22.297840148841814,0.1179113068520555,842.8777566298361,4.125069069790152,532.2953389926076,0.837144000843188
1647,111.37627712596999,6.247348528493149,167.50105753178497,35.46641435792081,27.88050895179775,0.49197177456198204,22.273526662802006,0.11725508836861892,842.7286920590236,4.007488919834335,532.2881587054804,0.8319775817536716
1648,111.19398529423967,6.549112879395039,167.39100729456442,37.00070216114076,27.859579297411397,0.4982588810811171,22.25419888804928,0.11877487214305713,842.5725596909059,3.9300864659032344,532.3485385122922,0.913866986889743
1649,111.07164932174796,6.857430859673786,167.2379174974766,35.043888964099864,27.844031355833277,0.5194172996870965,22.2313054870331,0.12198603137108903,842.4196012905863,3.855508430617651,532.3691040302125,0.9191779131853545
1650,110.8763037266862,7.853368136300624,166.93606738725416,35.316874648000045,27.81727091381289,0.48834819614496416,22.211703335553594,0.12706652105639488,842.2671219715277,3.7618159586636946,532.4322365719471,0.9838882192818754
1651,110.81028468158638,7.665578545059626,166.85940741292723,35.33300881980031,27.787235140562952,0.512308474862027,22.198879372521272,0.13020353490295203,842.1161231799972,3.6469252082931676,532.4354275053315,0.9792220649787813
1652,110.75582546406305,7.429523136342246,166.52961267686575,37.01955877843965,27.751906550396853,0.48838129962519516,22.183391984076366,0.13403553828075546,841.9731839118274,3.5376238163249316,532.4804177611004,1.0307291225955175
1653,110.51352590301627,8.174136080109383,166.20915298956737,39.16922663460701,27.69834507696565,0.5632366185057274,22.169443376397766,0.13913395036559034,841.8329956587688,3.4430632767219658,532.4996659794658,0.9968216882347786
1654,110.26969714865947,8.355186103949432,165.84767654536418,36.899893351819124,27.648998492777938,0.5389589207486442,22.150645861422703,0.14696848803088716,841.688812052921,3.357365653041148,532.5598357899594,1.032357986693851
1655,110.18564654624848,8.142192713183949,165.89118925985184,36.96672960196743,27.577119483619377,0.44950830026081195,22.132138849511044,0.14968396206698642,841.5475599006556,3.316122531938019,532.6131787826197,1.0695522348844673
1656,109.99394861133618,8.291229095014893,165.65542018578665,33.998562299549825,27.53819337127809,0.44247103434147333,22.114329558386448,0.1522645918332074,841.4082782961036,3.306928130309365,532.5832589446989,1.051752600557554
1657,109.88949241750396,7.914378399290118,165.32233281976318,31.934288013462236,27.499905787907306,0.5043406163102104,22.094502971642015,0.15403516220923097,841.2781569272572,3.3109798974386235,532.6105014596824,1.068486165181032
1658,109.77220136753043,7.7279778999072155,165.1388254563742,33.05939197160464,27.474885539965893,0.4789083338892787,22.071824044914287,0.15109406975675896,841.157227406694,3.3119667783591575,532.6525584784808,1.0427825023888049
1659,109.62349246055382,7.91348340230029,164.91234217207932,32.48409576375083,27.436753226485195,0.47240398882477685,22.050919825231503,0.14922265105596996,841.027812771038,3.3437305256519076,532.6744148547648,1.0839446247718183
1660,109.51076768437353,7.6853204280243625,164.53507581832307,33.85102978720052,27.435377322961703,0.47188207848907,22.026890719702514,0.14508496677160437,840.9018960248312,3.321387233251947,532.6538323529567,1.086698689148374
1661,109.3899145187776,7.885224944345804,164.03293794122575,26.157973623194504,27.41343832153783,0.474606904048394,22.001608335650307,0.1445739934872451,840.7748848261107,3.2770248038477026,532.6840357427218,1.0500882556261697
1662,109.28695774180449,8.166970101178869,163.89648997313873,26.720294120887985,27.383949843152507,0.48339943995533385,21.976626941426165,0.14187694887067548,840.6479878953525,3.2654273059495416,532.6725055278753,1.0285662000607234
1663,109.1035288400396,7.486044263321835,163.87399626089987,26.950155188391104,27.343869893601497,0.48430639435913153,21.95292035895131,0.139126102814728,840.5203780375368,3.321254548190678,532.7149448814733,1.1174828666110421
1664,108.97914314750204,7.266986001831846,163.90028759930362,26.71372214752676,27.322811554229617,0.4916974509729166,21.929609492884666,0.13714227077399324,840.3969157227763,3.396039548348085,532.7277529418858,1.1257113913848347
1665,108.86024079312739,6.998405954236937,163.7362749457842,26.105816089491903,27.303762552239714,0.49930512006707517,21.90640674128234,0.1351677052415517,840.2666436962984,3.437133557019585,532.721123104976,1.1285931922499195
1666,108.8144245515905,6.820193030818296,163.17176991245634,30.66830051711367,27.283365468791416,0.5121855025231176,21.88656354982692,0.13122759160685718,840.1354037429235,3.4385015081173527,532.7408007324603,1.1460541122712575
1667,108.65980099809121,6.636022023027863,162.95371618028582,32.74962010230796,27.28740065885077,0.5115826748617731,21.867564443739795,0.12600533791628682,839.9999734759663,3.497422034615735,532.742814822451,1.144201911355119
1668,108.56883862195798,6.485805450695944,162.6824781431493,34.11650488586321,27.25522407260901,0.49498618659154614,21.843576134819255,0.11825507186202912,839.8639699512044,3.618879255289972,532.7161060981966,1.1644441082202497
1669,108.52967408290175,6.536864660979268,162.48524831037255,34.85833473783366,27.210456162029278,0.5251102622503028,21.82492135459144,0.11120310305141075,839.7332007182719,3.708274658798872,532.7394886874629,1.1607543397992985
1670,108.42743539539845,6.60240967852779,162.3659917513499,35.695048783449096,27.156868925491565,0.5449318386815966,21.80677092558645,0.10123515449342237,839.6059182547713,3.844486015006229,532.7335853307954,1.1474353629741663
1671,108.23084660601494,6.760555467875357,162.14170226693707,34.4879399455349,27.130546747978133,0.5581136210181938,21.791995761837665,0.0930302377979567,839.4715373030797,3.92480734055729,532.7973114288181,1.0526140969005935
1672,108.14633363962503,6.755388362695059,162.12037341950517,34.667273695952986,27.10183645067509,0.5772822040320392,21.777668688223674,0.08700320936232703,839.3350694737435,3.999379371357857,532.8365903045255,1.0294701339381342
1673,108.08480376520082,6.998672006830404,161.94737965413347,33.28878544453981,27.06302684352009,0.5801276276125081,21.7687596411626,0.08377270539276498,839.2074756082678,4.076796431386381,532.8852066841151,1.147150954684233
1674,107.8917897692326,7.847957652507599,161.7305869704295,34.41409959334573,26.999610321315135,0.6268409251198881,21.758058688101336,0.07808734236231485,839.0890554262819,4.104053470520856,532.9378330716994,1.2353144684772759
1675,107.847845929908,7.966671775748011,161.33363444094036,34.31195827952385,26.96024653754789,0.6023482595105291,21.74551709934641,0.07266609340969343,838.9718494844617,4.08099655390593,532.9514128671153,1.2189181478685864
1676,107.64090852431589,9.051032682248705,161.07105235285132,34.55511863292461,26.929112256780112,0.6366052369428691,21.735349176226332,0.06846191492318052,838.8600253253032,4.061031400632149,532.9867893493447,1.2641541674311991
1677,107.464674918173,8.605307795731386,160.99697132303464,35.21979701959107,26.90323104843566,0.6040298206400949,21.72682545688754,0.06366027063010206,838.750745927773,4.031108296934589,533.0763288777603,1.3644119584194327
1678,107.33825281796591,9.229394296173812,160.74283485951594,35.02791368793048,26.851739452989083,0.5768251927208813,21.720136028288888,0.059501952215697186,838.6489926174789,3.9438423273232868,533.1522293630778,1.4144831641792646
1679,107.16318254831859,9.15302887209627,160.5220124486179,36.04183755264576,26.807497623596486,0.5848091518085886,21.707644065398277,0.05212767972603199,838.5397071723933,3.8207790616862987,533.1949411115393,1.4461583045571245
1680,106.88267881528128,9.269042435047089,160.28707222113985,33.74424978148201,26.76180576512492,0.561244968756748,21.697986814560362,0.04662074841118037,838.4388443285518,3.691476001871198,533.2045935270032,1.4469807157067807
1681,106.64620273941446,9.206249866833407,160.07796197660716,32.200445994463685,26.71085435605431,0.5803029876978548,21.687884711663628,0.040971046507080014,838.3337913893804,3.5320283771155556,533.2128437081542,1.42875099447502
1682,106.4773277922205,9.592919411498695,159.83677832171477,29.784957197529973,26.69956864476827,0.58073672553429,21.67231174190922,0.03317988820345577,838.2420427283874,3.411016541071465,533.2495930622947,1.319664543753681
1683,106.3503727983775,9.967411897396337,159.53642843056136,32.21381895223616,26.67460766375907,0.5476687542250441,21.660168292708658,0.027028850862176296,838.1503214031254,3.2247293789045535,533.2755751581703,1.3352020773976765
1684,106.16169560620322,10.27365882221441,159.46366236845535,32.38575175064818,26.638571274122345,0.5407912492202758,21.650313422695252,0.021391725665986405,838.0590183858039,3.0409672539878665,533.2917611207913,1.345209689396673
1685,106.00975865871376,10.219212103343287,159.38824546486293,31.902598959988392,26.615870444553465,0.553961547297992,21.64295124929703,0.01788414138099011,837.9715235967367,2.876602190964504,533.3349715167692,1.291583859955412
1686,105.83327223269247,9.84259692753789,159.18882901880727,30.398625031326446,26.575998513030815,0.59405405011575,21.63528627073578,0.015435103333357774,837.879582596549,2.688504384462033,533.3810345852692,1.3044972507698913
1687,105.65427712675533,10.108229811224502,158.9946896407723,32.24269465072166,26.532014433254254,0.6030373482884956,21.633517207413437,0.014845718661370452,837.7784185733829,2.500555819724249,533.4062451971363,1.3509513702183225
1688,105.48026793721506,10.062251434074154,158.691438380382,32.87283713746529,26.47361776797346,0.5379285849973048,21.634964702549595,0.015282213370792006,837.6778164147416,2.3454973606448406,533.4728019579518,1.3294836295980486
1689,105.37805968523622,10.21011730710514,158.25711415295012,36.251935649777224,26.40417915418191,0.5381622563727166,21.640239748647527,0.01656464295783322,837.5655275519302,2.1943292699055794,533.5081888734483,1.3408993310605317
1690,105.0985088282787,11.23884250607845,158.0078939224671,33.23554611206033,26.39990965785579,0.5405366707773963,21.64869355904024,0.01889275933166587,837.4621494401363,2.087547122948818,533.5518434557615,1.3153170315774332
1691,105.00671169272572,11.445765778497577,157.77366720060598,35.991396331266635,26.34442508100823,0.6039582825907283,21.65762803597343,0.02336863915229791,837.3618805417037,1.9699744090011542,533.5176323621419,1.2712688688028912
1692,104.8452864803713,11.963521618663746,157.43521856482684,36.430550351416144,26.268633137075746,0.6497031180619209,21.666648318668482,0.02846120362226554,837.2580989531132,1.8486833260772193,533.5638920999295,1.1999969666478518
1693,104.55352351017864,13.331472518564535,157.29853309353962,36.57059716791252,26.249807119926675,0.6423301425697341,21.6707975238197,0.030899839208078313,837.1533723970748,1.7997666997428166,533.627578523305,1.0763445433728007
1694,104.32472562669544,12.973829521572126,157.14627192729918,37.28223276218994,26.22227441307026,0.6474545338879117,21.67434929153877,0.032642916922804105,837.0488872396473,1.7035484867581592,533.6343960361484,1.0769309648384975
1695,104.09527475307341,13.1551859642039,156.74580309519953,33.162090462411975,26.177781208964074,0.695931726651343,21.67865603836294,0.03418732150522131,836.9457204916924,1.6736375259974952,533.6291073342954,1.0895933252297036
1696,103.91572786858669,13.345756754314806,156.400532668823,33.810359649002,26.13037268632715,0.6869484032000581,21.685648849215845,0.03753376114502947,836.8367238232761,1.6293994908079972,533.6761399088172,1.0347977086221227
1697,103.77298813128807,13.221436324287673,155.87744346393885,33.49296925155337,26.08830137962283,0.6867249187122294,21.694286608681253,0.04135989304992634,836.7345300867523,1.603820776900205,533.7048293257347,1.0050287086951055
1698,103.68070976487738,13.24349170738676,155.72984483589087,33.984041393215506,26.043350147707397,0.6858071807746962,21.700734399155248,0.04406826676633072,836.6337808505664,1.6475444500311198,533.6917588331264,0.9925625492484694
1699,103.5842062819996,13.087028559623592,155.2298461511682,32.17726350765105,25.994267107570316,0.7308428150588177,21.70979292093922,0.04634003952532896,836.5374141713179,1.6640122102942343,533.7231821089064,0.9975396315186283
1700,103.5517601996058,13.139139800920034,155.07799177042574,32.13160880637992,25.939157372405464,0.6874209906050122,21.721641661973617,0.05081242075279567,836.4379484959364,1.6928083492000157,533.7249592504446,1.0004468444526164
1701,103.28060300488336,12.922490813340572,154.66431951591505,32.41430007280072,25.913100573924837,0.6830112949342937,21.73171175962407,0.05677029326443568,836.3380847072823,1.712196446717605,533.7936326667364,0.9660554460709719
1702,103.07679800844926,11.561709148296245,154.49855456009684,33.35535418736693,25.846145662646336,0.7288241679974348,21.745709637148444,0.06516752882442822,836.2306234730343,1.739615450394195,533.8037261891674,0.978359527378041
1703,102.94181369995546,12.474244473350245,154.53179733654935,33.44943986056688,25.82112090699289,0.7675342528821616,21.758358467436473,0.07066040750765205,836.1221617427381,1.7748179119861005,533.8354263304176,0.9189053549575917
1704,102.87754194624668,12.550900792635664,154.3103494502237,33.39953199353106,25.768905165941838,0.8122189433350455,21.774042890219885,0.07423874724308029,836.0129386588605,1.8529625614311118,533.8573675021618,0.9648261046154966
1705,102.68174405199578,11.874187364062848,153.82924649992137,31.8162838948931,25.724933794079167,0.8499386763100999,21.78622649812761,0.07750287119031385,835.9058747802933,1.9416836033566385,533.8845502930599,1.0242040407176645
1706,102.55564170457129,12.094185766406612,153.50629745585263,28.978065225964187,25.686606884253884,0.849223348056495,21.801610252884558,0.08370895013971703,835.8025849989258,2.027740654910139,533.9240370302247,0.9617186136092342
1707,102.30030609596031,11.944765600214062,153.23126034600534,29.004047976045893,25.648764550386332,0.914380411348037,21.817758553108938,0.08894944631056766,835.6966847465778,2.097378843580271,533.9605832847624,1.0027599889161254
1708,102.15342108019797,11.411694041323637,152.9377630282015,30.6711689363381,25.608618608510227,0.8547662537785031,21.832664236348393,0.09281781042351189,835.5857420275149,2.1481693259861894,533.9797234604753,0.9985349689623305
1709,101.96118144171565,11.997991117283382,152.6611990492467,30.16625160388564,25.566451427351243,0.8595528489168733,21.843699539088615,0.0932757447205451,835.4804613191818,2.240178566062247,534.004003502428,1.0355918052878386
1710,101.75759251053807,11.669051523078995,152.64307954730927,30.151033959057244,25.49886554055146,0.8091765685260267,21.8589578211439,0.09491620938652565,835.3671111582386,2.321988810514414,534.0731370715097,1.0036725553648416
1711,101.5967613763872,11.695131632808696,152.4419564328522,29.466780023720606,25.43080653198196,0.857961890788603,21.879943867052162,0.09694172454514129,835.253087463954,2.3979505051247547,534.0886194790335,0.976381084512455
1712,101.3658911992761,12.557110290692732,152.17134747829806,29.763741439947264,25.388296565042022,0.8542245856857482,21.896516966019373,0.09503349407296482,835.1393544061534,2.503734247114225,534.1356665908625,1.0117791085328385
1713,101.18549427070182,12.320427439441042,151.7970732108329,32.07464006590353,25.347385864984645,0.8575463355055685,21.913485459006953,0.09323893537730636,835.0228305412268,2.6974538944142754,534.1264882194718,1.003897056995848
1714,100.9447016595336,12.463070156335704,151.57612058908933,30.754544879359173,25.286170076785208,0.8840653462226701,21.93312254662672,0.09194918298830299,834.9092883566901,2.8664541218515054,534.1531013116812,0.9974818320731955
1715,100.7968772767053,11.712617013648014,151.29666817372464,28.980064970618802,25.227327194637567,0.8944471238336122,21.954324870010645,0.09047683062716724,834.7928249539993,3.0666361812235023,534.2147695829983,0.9601630162436295
1716,100.64540583578132,10.139178679738873,151.12490153369674,32.52892801249608,25.198136635418926,0.862771491571816,21.972493871425403,0.09005103255646418,834.6771945416247,3.234383481224199,534.2232104421071,0.9541292662987095
1717,100.43599833648453,10.276246631305655,150.81163743834026,36.27883651924776,25.13023885640254,0.8002184865185089,21.988189121243504,0.08841141081247683,834.5722612361673,3.4012721595749382,534.2833649970829,0.9040563122025379
1718,100.20305775953858,9.797809998593559,150.78620500409787,36.168122695450855,25.07772581281373,0.767764534238414,22.008872614043458,0.08557189376944936,834.4670748966912,3.627752267220241,534.3404398789803,0.764903940947023
1719,99.99357956242915,9.115487665257723,150.58574944835647,36.12200117933385,25.04819940849846,0.7688008877930892,22.02851873817922,0.0865970525226441,834.3614897830878,3.812962670088339,534.3545973663566,0.7429875371950342
1720,99.71821213143647,9.751435870971322,150.20522568200954,39.15241236552083,25.013209005665008,0.7861340277339315,22.048079154349825,0.08986634309621615,834.2586310155743,4.005750500244292,534.3819205067239,0.7435058970898883
1721,99.6395062879187,9.530780726002869,150.00717857189812,37.44420652324785,24.980926152831426,0.7574003597875715,22.068763874435803,0.09665458844639076,834.1585090972309,4.174383130494865,534.4231262180206,0.7651283508959642
1722,99.41734719273646,9.066821703370186,149.84832977986545,36.28399301154919,24.930358408572975,0.7727309345174017,22.095407450916646,0.10844243696702134,834.049964030732,4.4167295177747405,534.4441775335342,0.7480654079658416
1723,99.21800996402452,8.92899580172116,149.40925682184735,35.38080689657585,24.881940578270346,0.776715955185873,22.119691757338632,0.11972842650662796,833.9383267813785,4.644778501748297,534.408201690008,0.752704352886883
1724,99.13166623190955,8.986536960320205,149.0987889305711,37.370345872879675,24.852677074848447,0.807408604205811,22.142967265031338,0.12955059941746777,833.823275024878,4.8049395274170505,534.3907413223709,0.7451471440100794
1725,98.92908341999413,8.427349066581979,148.92650482425444,37.92776173453838,24.794466795490525,0.8048082226092111,22.167757136835068,0.1353403509086037,833.7072611595166,4.9159617972110565,534.4131023883289,0.6926485598458593
1726,98.83533301447618,8.661274953056793,148.70843864450427,37.96563069003446,24.748077780540108,0.8335714146936624,22.190126005557858,0.13849562988493708,833.5805382971183,5.072206680945535,534.4597488855084,0.807819190166251
1727,98.67786194048041,8.117237806031364,148.44167476332566,38.21530117593426,24.684782788231395,0.7577368467674783,22.212979937167738,0.14613630822131965,833.452677193459,5.204128513972515,534.4170394631415,0.7805747035928469
1728,98.52971327649753,8.264023678978287,148.07663035292822,40.0768797530116,24.65462183389294,0.7315551937879308,22.23738604740724,0.15837976861892933,833.3157688671495,5.268575859124463,534.356387018549,0.85087983938846
1729,98.3131038229728,8.595103087162881,147.81934442049618,40.87401811748815,24.602659100433428,0.7625803678031104,22.26752288127109,0.17017709805050457,833.1741685720303,5.3757837870304375,534.3485400612033,0.8499810150864312
1730,98.25279062051264,8.593022782561965,147.42077272610197,39.45980483102267,24.554595437507654,0.7513159173978631,22.30019448501417,0.18842866908322348,833.0218366057655,5.472291428676548,534.3749568183149,0.8382011620749257
1731,98.09340306868322,8.97527148400417,146.92606428956896,40.43794674270276,24.52756594551428,0.7478712699746172,22.333796450109435,0.20471356951762015,832.8728611451646,5.523376957430943,534.4217163711384,0.7525943632769931
1732,97.928312634025,9.285294542702967,146.66926369424246,37.493900875234516,24.48939895738701,0.6745299244164579,22.371919550609476,0.21530560955328495,832.7223320264582,5.498904867771649,534.4645512732369,0.6934279464226332
1733,97.7789710241323,9.22208680866039,146.4147980094762,39.92863697984421,24.433877002081662,0.5767974406331335,22.410048861606924,0.22877558256623637,832.5668573548371,5.382494444965206,534.4484000620189,0.7150209591607616
1734,97.58600011512854,9.916382676553335,146.22616005033,37.81639765069275,24.383369646669138,0.558461366283008,22.445972234874084,0.2404492001094335,832.4124920774208,5.237740059527644,534.4637542185951,0.7124845738342472
1735,97.4173015882028,9.660311640820176,145.8343866848093,33.93458527759885,24.3300014533982,0.5492550970501598,22.479818055850096,0.2459253626487739,832.2539955434981,5.091294671132871,534.4625804610573,0.7141781254798113
1736,97.2719404358678,9.192680086268057,145.41196875278138,32.36989850770827,24.30612461412589,0.5399264891370948,22.51599356064639,0.24670321392181585,832.096224734725,4.927046922328748,534.4824942750969,0.7414988661144714
1737,97.18899547251574,8.983179112586056,145.25608950515888,32.25763146254577,24.274040622256976,0.5227619084837184,22.54844851344691,0.24886095948611608,831.9460637167339,4.793715706724061,534.4562409860263,0.7521555764977832
1738,97.05323083352992,8.752854079517345,145.03026085605276,32.508949658580995,24.22780670066101,0.5055470150051576,22.584146286058886,0.25937618372223964,831.7987215913859,4.669720856888902,534.4511551169264,0.7483718002336156
1739,96.91128607210736,8.279456337736537,145.0742567506464,32.49562033354626,24.196313113260295,0.5247076749750613,22.61565681650115,0.26429344749431083,831.6615246825207,4.581785029152131,534.4405472483957,0.7522210973935288
1740,96.81209933745666,8.865469734612809,144.912687525839,29.59399628980218,24.159858504465664,0.45526908187430537,22.645206326636057,0.2702672996892083,831.5168761138043,4.513857527435725,534.4692599155402,0.7872122170879856
1741,96.66426836576329,8.49764309160817,144.80486593291326,29.876624324550146,24.153052120509102,0.45390302901673746,22.67290968444948,0.27906015236551723,831.372127988896,4.3907777040835345,534.4903969228598,0.7595594940663494
1742,96.51937238081813,8.762441711519363,144.59052551841364,30.554105640546016,24.136932580988383,0.4681143360320397,22.69830741614633,0.2849492326816846,831.2291074309018,4.2705269980204,534.4876944141225,0.7629475061172989
1743,96.50963152879797,8.795244357978381,144.45091525370043,29.005083582786995,24.080896271155115,0.4142908961710231,22.725063681435977,0.28591380031928154,831.0910505031982,4.212784478608081,534.521602696372,0.8030547164554093
1744,96.36699884745238,8.946323342546988,144.172376489361,29.09000670684442,24.02101834661944,0.4254576643612531,22.75331287652219,0.2841198772944213,830.9458183512221,4.126536294390878,534.5028197086773,0.8466853928456297
1745,96.28827844977916,8.979934217747642,143.8400432164915,29.31989954815407,23.99036631705651,0.4391053680620755,22.780281489158384,0.276816559976701,830.8077433919768,4.06129018819463,534.5684849967995,0.7706131017646691
1746,96.15165055417985,9.158085268155833,143.77795380044373,29.10953499218945,23.96042747270484,0.41846316032403147,22.805634640619452,0.273315498759919,830.6671830070173,4.028672452720722,534.5888205843675,0.7783861557803766
1747,95.94071742545562,9.423636228565167,143.74545320307442,29.190132981528432,23.898365260332124,0.47175996047799934,22.833713166629742,0.2736162555449516,830.5162851880156,4.0319832262339,534.6604344912688,0.9340370051034892
1748,95.74703303786733,9.179834885401634,143.430557799061,29.81798323117528,23.8630433210726,0.458186519064553,22.862402616776407,0.2697347811873215,830.3641918447661,4.121935655901243,534.6962202227754,0.9380677809969215
1749,95.5212886527331,8.840505189603922,143.30869799334616,30.232206515740867,23.840025525516495,0.4621719378439361,22.893026494530996,0.2661408778854544,830.2172197722907,4.083636369693343,534.7147689709078,0.9505176548020007
1750,95.35854862426628,8.023009203424179,142.98136387689271,30.11430406124437,23.80362623877805,0.4441030724001419,22.924420597061467,0.2708191368269333,830.0732510359853,4.049928126583133,534.7066858903022,0.9561711558141216
1751,95.18550619661201,8.930364768010572,142.8905611403147,30.301752970538818,23.745384355742285,0.4289980653045384,22.95659930311906,0.2795067603309993,829.9311875074611,3.9796260635105303,534.6984330664999,0.9507502116050561
1752,94.91010668811872,9.254969160922291,142.71607987014505,30.127196286635552,23.719452725671808,0.45600051054938406,22.98523846810322,0.28696847174239304,829.7913693232186,3.946507563472153,534.7118598943351,0.9583913224540359
1753,94.81118132852376,9.459205641111339,142.17733755461717,29.228040027184516,23.678204340150636,0.4795702490349886,23.013033604757084,0.2856515777659896,829.6486823627247,3.941087048283945,534.7679907535436,0.9992204890059098
1754,94.59675482827372,9.173084117440013,141.92088409258105,28.948107723187047,23.669908300593605,0.47637314739383857,23.040625387974263,0.28188264810667013,829.5149807066914,3.92416281744884,534.7461510464615,0.9939885319857394
1755,94.36929765056409,9.447532175546108,141.6143260045551,32.56224357341689,23.653423950830426,0.4712082922890331,23.069617299363458,0.27511852620797955,829.3780000725561,3.9225544688875535,534.6993182820756,1.0200497085156761
1756,94.20267236007138,9.39323886672046,141.18456035806312,34.529695181417694,23.61376780886207,0.4605461753948105,23.091466148634698,0.26806743100669317,829.239385859904,3.897182969939128,534.7211943642754,1.017938523333844
1757,94.09078880546836,9.533091493828561,140.91240819274438,35.31045394633768,23.58756525756235,0.48074816411589927,23.113646583050127,0.26011699976350006,829.1014977228617,3.8515201159448456,534.6843535310483,1.03429579136038
1758,93.93446151827953,8.763505964070951,140.69523295321457,36.75950770456724,23.530730310612128,0.43752573744142015,23.135321785287022,0.24872272202589807,828.9622269090011,3.814659750706767,534.7172851258179,1.0654104530343715
1759,93.74351856965365,9.876300914336833,140.28611811207182,40.047940889493475,23.487618866410386,0.4471358423349602,23.160771427779295,0.22912091634911144,828.824946399104,3.7734047302643794,534.7446309504774,1.1379272800307938
1760,93.59514136302046,9.821008036097234,139.80839294069466,39.44318671472804,23.433520381107655,0.5139078009071664,23.182776309792672,0.2140235605664126,828.685863897469,3.7722954654469425,534.7587865245234,1.1709431381817486
1761,93.50182599028987,9.498103898850962,139.35947743072623,40.93223228252065,23.413823120756412,0.5341669934199298,23.201449101176554,0.2032048697968638,828.5484227221583,3.749884114340487,534.7813846273166,1.1432287549719806
1762,93.47771238036832,9.50856159345896,139.0698814353455,41.78971328432139,23.393734048732384,0.5143290013251266,23.225730350868627,0.18534480614754506,828.4083665891484,3.77350934973151,534.8058054331168,1.2166865200667278
1763,93.32013383865575,9.485964019953801,139.010809919074,41.90004551978675,23.357286795263185,0.512945765676664,23.24758790709726,0.16692967027050554,828.277270526661,3.844901561785714,534.8095521839485,1.21369219526642
1764,93.18548091127661,9.99822720816332,138.85279633929935,39.89805402477105,23.325644264042495,0.5490063818257914,23.26389316537351,0.151421013759071,828.1527879769667,3.8268443755077013,534.8021121770605,1.2183205983767926
1765,92.96273030943993,9.53460166809087,138.6792696477775,38.319560173311345,23.299571882436645,0.5631170099694495,23.28090365426153,0.13727865120841504,828.0355363232123,3.8096667557001376,534.8284746214008,1.2868029313356624
1766,92.66135145194019,8.502648974419829,138.65455913378435,38.445227104469325,23.241697822015226,0.5280150190468019,23.300080047034434,0.12143147675488186,827.9159796154829,3.7684999176129206,534.8465227677152,1.2755118437296127
1767,92.51972935558746,8.833960385095958,138.61047440511996,38.66686376359921,23.197309392288588,0.5652508308472614,23.322224947078713,0.10172723169230097,827.7911707721984,3.7052574585752267,534.8498722565594,1.2795094438905938
1768,92.38578899814715,8.915648566360568,138.21342657658118,35.459642518591856,23.14747782797774,0.598220833407763,23.34026268500979,0.08582636034570096,827.6724988215195,3.6722373088142017,534.8868361010764,1.3247610136082535
1769,92.24570282662542,8.732817584944643,137.94304670503865,34.93565967054172,23.104245735427334,0.5893150406115939,23.35798083067516,0.0724202133219583,827.5530125993286,3.595371642583609,534.8939422761295,1.3135967741679193
1770,92.21055431815785,8.82368460650028,137.993173740403,34.96278987457907,23.05324817130907,0.6351579413341389,23.371862793124336,0.060842494116649756,827.426301465875,3.553285303229368,534.8903966471956,1.3130191747407638
1771,91.98924274979882,8.167761830729336,137.71461362723485,32.36848542349754,23.002097159941137,0.6017868559085129,23.382799277227054,0.0526385066008954,827.2907729185505,3.516366906889124,534.8736015227735,1.2997231411504533
1772,91.8440272736105,8.330537181469529,137.3870162881223,29.831484573013,22.97091730493911,0.6159837289093621,23.392397806962922,0.04906019835173445,827.1697456632556,3.5063250825010734,534.8868392177684,1.300087635503825
1773,91.74507271675853,8.248822906545598,137.0574507480138,33.73344514019738,22.94487372571107,0.6135181258914217,23.40384323505256,0.04509861062359919,827.0519743717444,3.4709659058635904,534.9129127335805,1.2583472278826802
1774,91.5543469555358,8.143010859638842,136.99843766214073,33.751626181212146,22.91003197820264,0.6260828773057634,23.415790517787492,0.04043820659273365,826.9285239267442,3.4090193623304823,534.9468048738673,1.2647444849461942
1775,91.43008163253586,7.960543546772217,136.84139812846152,33.0227481405882,22.87024654837782,0.666239422104291,23.428258681489424,0.03482065023516621,826.8022104220057,3.3129181574743907,534.9881344570383,1.254311914493447
1776,91.20922182807642,8.648069348760341,136.54109150335415,33.58547719850043,22.843515586829763,0.6781008415468444,23.440368905064105,0.02680622468650031,826.6953312733469,3.214561936156297,534.9626662805548,1.1919253921650623
1777,91.04657773992047,8.210361060731195,136.3581715835955,33.426923778193455,22.816768596726046,0.6659656711689371,23.453330695285864,0.021883820161872673,826.5904711033972,3.096837595357213,535.0047342932081,1.1705678330406681
1778,90.98915348996869,7.9805343804628865,136.2316332742849,34.15622843836549,22.76124777022142,0.647383054600929,23.46562558948452,0.020103348236048993,826.482351976589,2.988395057043029,535.0571480373039,1.0188698609422182
1779,90.85071858924022,8.580489466093114,135.99350920680206,35.16119976299503,22.752514540491237,0.6462816346056274,23.47738572743647,0.020587864076811256,826.3797219017719,2.917771863596784,535.0852785679119,1.0099407873238346
1780,90.71341959853478,7.858275975753298,135.85847080731736,35.135725541945426,22.719131418862037,0.6516315436542657,23.485626446206616,0.022251023667130214,826.2859103759371,2.8601128171980874,535.0678591449272,1.0351239256446148
1781,90.61959503195745,7.858055442323712,135.6816654220503,37.42817965734704,22.671671401788878,0.6471870276357023,23.492935792664415,0.023563295691526927,826.1908220382118,2.774851442470186,535.1070107678462,1.0799960976538698
1782,90.53147875331805,7.824790122290043,135.56990080588363,35.70032821315243,22.609536503595272,0.6089029282995837,23.497975187527036,0.024310004813577875,826.0934448227073,2.668041364018366,535.1122059075672,1.0784847989300324
1783,90.40538149926441,7.642945275497607,135.51368726393042,35.8672572042534,22.56618875973205,0.5854991245991947,23.5045720753257,0.026746386896905904,825.983613066192,2.5917668756115333,535.1474502958246,1.0172661656251536
1784,90.28925825554688,8.153691783198973,135.15767201734414,33.79281059198193,22.531578297844124,0.5918785504970397,23.5083828394432,0.027322794949153965,825.8723279731182,2.5054784162888217,535.1475346839336,1.0171996202864457
1785,90.08529051982013,8.677555362244727,135.02483602140384,33.06658868360817,22.488761515775433,0.6332606549885165,23.515466881200645,0.028096220965989543,825.7672647040652,2.424602067852112,535.1901561647323,0.9844524355033714
1786,89.92482050042608,8.261599995132187,134.95508845612758,33.04607764465623,22.4579988818667,0.5911888290996253,23.51910875219357,0.027996541037222874,825.6546414142098,2.37531891912952,535.1813847599633,0.980199517318908
1787,89.71588600895392,7.685639249106372,134.63061035161078,33.78432972613175,22.41059814553735,0.5785347209953824,23.523278283403343,0.027649507872293394,825.5384745105496,2.327555398387072,535.236851505029,0.9566188561384684
1788,89.49049971161143,7.998221042097097,134.3832512722256,34.6620787364637,22.391246269072894,0.5630214374646708,23.523059849895827,0.027616320501306708,825.4255490516931,2.2593282047210406,535.2375900522879,0.9558235516665419
1789,89.29006624942389,7.725504247252574,133.81306224454747,37.395704973838754,22.347568283388426,0.5928608196002635,23.523260654049025,0.02759418691338616,825.3102848941656,2.17352859854287,535.2762543993955,0.9331404970993664
1790,89.13488181080885,8.23383475941524,133.2858420281472,34.1417867403996,22.302361860870114,0.5241336804154129,23.52187023477462,0.02784700531195011,825.2020105148054,2.1204775113330916,535.2857278739571,0.9471711342040889
1791,89.04073347724393,7.691984118282891,133.10650812461782,32.97088324611169,22.26281840502,0.45848645798867166,23.521358762455257,0.027875435627169303,825.0887545612873,2.0590728559457068,535.3310796021201,0.9649966922536773
1792,88.94497272012224,7.5577100184921076,132.93709550393075,32.786503731837435,22.237355622030158,0.43648695034600604,23.525464360450183,0.02798769960107969,824.9806354170727,1.9709405701662184,535.385429008807,0.9436643439335959
1793,88.72317967589086,7.448177348385406,132.52303937946309,29.925540466428373,22.205219596795377,0.42638913084593527,23.531113207108465,0.028116690922065514,824.8797525067549,1.8759598664365742,535.3662095684385,0.9406979035767671
1794,88.6036254021771,7.277087286975839,132.3749516165334,29.608937268293488,22.192795436032014,0.4275804186336248,23.535266446567665,0.02798906438394721,824.7825977684859,1.7929658238477202,535.427439448996,0.8205307032435813
1795,88.37946963990922,7.251938771321689,132.17237254618186,30.427199703570626,22.163353503944933,0.42114536653413287,23.53980375103359,0.02691690923342892,824.6874072576215,1.687734308781077,535.4315232052267,0.8228829400623979
1796,88.16639191891123,7.875745385792069,131.70337350129097,30.184010998306487,22.107489779428114,0.41741095691925933,23.542043873967764,0.026341797222464026,824.5925337335077,1.624739854984052,535.4238417422587,0.8282972658509066
1797,88.03606175627101,8.19585301167994,131.32510608383785,29.59490505110521,22.09766069985642,0.4252592880448914,23.541084437109063,0.026417503641531854,824.5103464408942,1.5907888923886342,535.3928692307624,0.7462954300298227
1798,87.89618807234935,8.151439159522056,131.40762244524225,30.510194183626606,22.047663864801358,0.43920036143213464,23.541398531151582,0.02639546037358715,824.4257379858174,1.6313921301184497,535.3719847678356,0.7580749530175309
1799,87.79329247566744,8.086348472315203,131.16378946564546,29.87523089605368,21.99567120147721,0.4530193414356858,23.542632228983365,0.02658337019065342,824.331816942445,1.6280782517976915,535.3866876120461,0.772667826009695
1800,87.64561177799378,7.356571524212304,130.99286037886267,29.949665629429056,21.958913357344343,0.4336018359065211,23.540303841810356,0.02579021324373936,824.237036793225,1.6267604272637395,535.4478483363064,0.8073275786124156
1801,87.55580610294457,7.625845704216057,130.79016487027468,28.42098543573115,21.92710391061334,0.4526034551739894,23.53463668176245,0.02349884408998576,824.1382051263536,1.6197612149924172,535.4922215332658,0.848748141213183
1802,87.52097439281103,7.684413536128383,130.6443051200004,27.06128328899283,21.914003707468183,0.4438922225449219,23.528168875317828,0.021895544107945485,824.0418895766677,1.622915412017354,535.514815663465,0.866316566703211
1803,87.31738347688248,8.155195488944395,130.5575382647476,27.587929147268934,21.905053451697583,0.43924643632121607,23.524358460305702,0.02151236482596731,823.9450637055089,1.6708653711907344,535.511554353267,0.8602937828904827
1804,87.2618418669972,8.005687944893815,130.4736608346783,26.97851691236566,21.88076484609274,0.38197659578807924,23.517873054000408,0.021956534703160134,823.8430585419248,1.7006081764350407,535.5446506776304,0.835151994069226
1805,87.11892990102713,8.751693779036929,130.41065975995605,27.45299731800909,21.81998800922892,0.37784796357049977,23.510060757007036,0.022652904106842234,823.7466107820057,1.7357035130845122,535.6446357081618,0.872743564976013
1806,86.97524677332524,8.857008181165268,130.36386774247953,27.75332228237233,21.773625821365698,0.39506118640558385,23.503867969447484,0.02509405889744668,823.6555171224417,1.7441398586156172,535.6589197844798,0.8702713799845276
1807,86.81199067259712,8.936261211616078,130.1783863421066,28.536587316959533,21.750872359555316,0.38406845732287964,23.497100393463683,0.02769396327419368,823.5618085835663,1.756737002722955,535.6844637502417,0.7936968949678269
1808,86.58184441425752,8.905216819287787,130.12968753544078,28.46368661057004,21.71691285902758,0.3890560516091074,23.492897773786993,0.029334570224656492,823.4665570260237,1.7986657714063434,535.7035434527294,0.8236817538514493
1809,86.54660737578406,8.994057503679931,129.9786012426938,30.77841463812879,21.682165796198742,0.40650438316843235,23.489693708263747,0.030410333029630917,823.3757939709684,1.8137481865960527,535.7024458686011,0.8214785836676554
1810,86.48581320427903,8.732712778099426,129.9376662722136,30.96697354710811,21.666711437372943,0.4240870524558457,23.488480974043764,0.03074122251949554,823.291086963474,1.842940124476771,535.6797566170511,0.8219360409987218
1811,86.22688598777971,8.689571087239067,129.96995597798153,30.808105347395298,21.635405200306266,0.42449933261252154,23.48583230138793,0.031705222863378055,823.2009419624554,1.8868399071600184,535.7018977075656,0.8037171194896777
1812,85.95166799760716,8.855433808575627,129.96693623563814,30.805147408453017,21.591808992318825,0.36382806435333187,23.484515704888523,0.03186076195812867,823.1195359327243,1.9368553637550399,535.692880877917,0.7861393664647703
1813,85.79416825834033,8.945653362806487,129.790727374856,29.95492338579511,21.541040976826785,0.4003706692977087,23.486529914205843,0.03159399108618391,823.0414869973902,1.973994192636432,535.7169562120981,0.7569892785951878
1814,85.69054858798847,9.011311039492176,129.37429363175934,28.93824393609119,21.521841374057562,0.4011325875660085,23.49346220359999,0.02990509256851821,822.9545349648328,1.9735980957894343,535.7749694963883,0.7592830432675449
1815,85.61512230385623,8.859424457030842,129.15091374628255,27.09737790272349,21.488112177960314,0.3978698689413541,23.50098719619376,0.029616060608482264,822.8591093674811,1.9848554415076678,535.750828033689,0.7405215036878245
1816,85.5194229448837,9.055583918156085,129.00768690774441,26.250511723585763,21.453417771158943,0.41324481397262003,23.5075714220872,0.029955981751945436,822.7595913321118,2.013642508213448,535.772920576218,0.7302684479994467
1817,85.34844331780405,9.685327762223514,128.8624947514,25.509136515141243,21.44853451817542,0.4119921846444365,23.51284809623244,0.030499656259128632,822.6562873547824,2.0787650249582783,535.7813248004463,0.7294062515905384
1818,85.28273017340948,9.437630599301125,128.67828327654163,25.859462723865434,21.426957900910374,0.42849412660710734,23.522592461773833,0.03201350666655662,822.5565632642282,2.119092300735266,535.7900539036963,0.744100578834479
1819,85.11441831620124,9.421577166881049,128.50367098444528,26.104614377185015,21.394940085929644,0.4327672050531549,23.529443651466064,0.0329445210830426,822.456688603801,2.131866993987976,535.8447067390551,0.727053790186085
1820,84.99361777503631,8.926388386987105,128.29696438993756,23.607891582769856,21.378786703744915,0.4468556752123299,23.538432096453892,0.032835896407816305,822.3646513903644,2.174499211595091,535.8843850254482,0.7279253595829314
1821,84.84164746350501,9.142719700999622,128.06902359862562,22.876677316483917,21.366514105558505,0.4371099897503282,23.55033751952838,0.033720812534292266,822.2794567610935,2.235025436862738,535.8792130639022,0.7401804127288274
1822,84.73185694423749,9.09667922441941,127.78893651222707,23.891613184815398,21.340993995374383,0.43751902570829526,23.558791093866972,0.035474774696899844,822.1925406510633,2.26405674207989,535.9071475461876,0.7418813627810285
1823,84.60222933147868,8.615844710439491,127.76033428295635,24.201454376879926,21.305897879699664,0.42660724334534467,23.56487448121481,0.03677718078445398,822.1003320605364,2.290017745075272,535.9509121175105,0.7358409742950809
1824,84.4739524085475,8.770720201883298,127.67500409969182,23.23483202662821,21.289400982879833,0.42089622576919233,23.569214956103885,0.03729827314009506,822.0159192542272,2.293218424167656,535.9753286286949,0.7616000890597102
1825,84.3562936349065,8.350872990602884,127.30644631921628,24.315285901103618,21.250910770208055,0.4862100596766454,23.57431975909427,0.03801514290473355,821.930298771475,2.2990357579860836,535.9846039069025,0.7640407605900725
1826,84.30238004130388,8.505392228916996,127.33999391092884,24.437211761411582,21.22498830253513,0.4817044992058996,23.580770255147865,0.03796919495473733,821.8270830577659,2.2845783933715222,536.0050609496473,0.7663614821145449
1827,84.1608512826109,8.329014898458219,127.16289926231862,24.212211726486963,21.190577822437398,0.4595317628698358,23.584958384302546,0.0388807518560443,821.7206774978098,2.2547217503754573,536.0091208926156,0.7653758238797093
1828,84.03315964797383,7.220424897349749,126.88844229129072,26.2172989532788,21.178258928852788,0.4577066055360411,23.590408472675353,0.04159979486517059,821.6205330210224,2.223925912758978,536.0677838353827,0.8074249675497591
1829,83.98199424697955,7.215332517750816,126.86784234073345,26.187939908553204,21.139524491747803,0.42030844832830233,23.596408055253868,0.045790666521305125,821.5259588260938,2.172803794812671,536.0605413740223,0.8166817390817949
1830,83.84287878000715,6.495127382161368,126.60365176789779,26.564301302101164,21.101743677542235,0.43900115174773646,23.597945419984516,0.046504989837285654,821.4262169086268,2.10785772944077,536.1232866313711,0.741055921487932
1831,83.74433845396338,6.079864748816657,126.57075875220978,26.726277565434327,21.063670660928377,0.47627729888592946,23.601645766239482,0.048413305401067655,821.3172930102072,2.0621394813754756,536.1035936805905,0.7401694644558556
1832,83.63324724747282,5.605677638782812,126.03442570172174,25.964444059910676,21.05152235607145,0.4755871175224053,23.608439812767532,0.05200242233132414,821.2066223596975,2.0132535326867154,536.1252300080083,0.7191265508085812
1833,83.52270128737258,5.226436300962233,125.96878853900684,25.28947444964178,21.02014365453812,0.4788899804386846,23.611775193644625,0.054183632721120235,821.1075354217853,2.013501991070914,536.1548137480166,0.7045998183321291
1834,83.50081306969672,5.171487841314959,125.80498075241037,25.520685955628313,20.993560773336593,0.48312801998040655,23.62122492929135,0.059884450822361046,821.0116453071666,2.0000113970440996,536.1537999013094,0.7075305525812202
1835,83.4196651923404,5.4462899751781,125.50405591044071,24.739772188469292,20.973898006947884,0.5035584201889969,23.630131182275377,0.06605524280388123,820.9187720542739,1.9463021723301068,536.1431456528834,0.7196400017902013
1836,83.31194664833458,5.1814633523034725,125.30281899455329,23.52577571896988,20.934454882595652,0.46860719950789265,23.638302285704636,0.06880646808609941,820.8320212228584,1.9346839529562005,536.1418056215031,0.7222979372088502
1837,83.21093937874429,5.148248825567778,125.32553761968414,23.563787079213537,20.91371233665862,0.47125533154614324,23.647162312539102,0.07176132514342819,820.7539951451138,1.9107673576925874,536.157743769665,0.7429899251697544
1838,83.17987775504578,5.1915437009653544,125.21858397627445,23.86100989648841,20.862567606475906,0.45631148684192196,23.655529177735637,0.07432229514721134,820.6690870304612,1.8898558617899048,536.2192223470953,0.752589294758091
1839,83.07885989635177,5.317023898004914,125.39583370598524,22.637728166372728,20.858381110877097,0.4565031361544602,23.66519834870155,0.07541818198280296,820.5817479018638,1.8823410496302924,536.2045510375391,0.7718298137864015
1840,82.9660279695118,5.804146832309378,125.36534088782253,22.808846392415003,20.81910641851508,0.4469539010388654,23.677302405908726,0.07616072531844661,820.4945066285999,1.8698399228645344,536.2124890327661,0.7756120196187549
1841,82.83239619752867,4.900309702702415,125.1740837843426,22.082465107448296,20.79758204325806,0.41352465107981007,23.68925016873594,0.07852610690002101,820.4068686367881,1.8809265772524908,536.2220521807569,0.7884266417785459
1842,82.80747692438932,4.704872144794065,124.94405289917964,22.78197716691125,20.7650322942224,0.3841754018418672,23.69957920178894,0.08281078526821511,820.3135100927055,1.8738804405862906,536.2341341318378,0.8031867973370748
1843,82.80306008425089,4.69932362483614,124.96917006689917,22.85556981751744,20.738511753496212,0.375674225700407,23.710682386730547,0.08854700606405862,820.2128297482942,1.8555371042022,536.3124558429339,0.9079957160151138
1844,82.7322874081231,4.43374158818413,124.8733999844327,22.371079443652746,20.692108161361816,0.3788921538591194,23.72084901136448,0.09187425860197701,820.1075421480267,1.8494108170990522,536.3341781832067,0.9162262455392418
1845,82.70461265240914,4.46015636920138,124.8551634124737,22.37443761162376,20.67177237436454,0.36400181984948976,23.730828297443626,0.09307228771185845,819.9997539032234,1.8167284562540722,536.337709748386,0.9130994379766373
1846,82.68810968473764,4.513958477031384,124.98239459804921,22.044409213149507,20.660922800774873,0.3676774473242669,23.74282762794097,0.09391183280100661,819.9012199208258,1.7806031169104184,536.393649047023,0.9043169103433202
1847,82.63039453890086,4.5684534649000295,124.84939505667984,23.5156048159812,20.638046781008505,0.3562764413651524,23.75702743111029,0.09634554242456408,819.7895401377776,1.7665181215746666,536.4460168124415,0.9920288895803021
1848,82.55146909296394,4.558659668211134,124.50606709733401,19.589384706283266,20.641967722868475,0.357429730661598,23.771418474193172,0.09958377760059718,819.6883432640486,1.7977407902974654,536.4678736063869,0.9328555886560669
1849,82.43083104569376,4.540140983569906,124.51300636724713,19.61954689597508,20.643062858843493,0.35737716049635426,23.77914206904591,0.10061308738490712,819.5882512142126,1.8166475883722648,536.4938615274871,0.9541801500871561
1850,82.25163849805314,4.676267481326887,124.40162709346896,19.767313510610784,20.631861091368474,0.34824006534519275,23.788106190970225,0.10227152422216505,819.486909300879,1.8475448736001148,536.4903227401356,0.949533454906477
1851,82.19692182118438,4.643420794637461,124.24858586374621,19.33990732524452,20.59440596076367,0.40132274677642715,23.7952806091635,0.10200178226659194,819.3877446382801,1.8809193836437372,536.4713001442583,0.9464128385169189
1852,82.08306594991576,4.4442205180357535,124.0489707984825,18.32172462642316,20.55747823338567,0.36968937064459834,23.80608091477278,0.10113115090528389,819.293320301055,1.8876695854203962,536.4707128076616,0.9464563622442255
1853,82.11800779496103,4.442034394804213,124.00705580237148,18.289071508711228,20.506080449907927,0.3567464337381445,23.81618375248201,0.09951710525122179,819.2083820915884,1.8953198517516079,536.5173850684364,1.0425927617908624
1854,82.01564293640511,3.90010371370359,123.59381582809931,20.104520648438566,20.465094780893303,0.27888785119292103,23.83018870605425,0.09529730665250956,819.1275875960517,1.8931417094738578,536.5551429410159,1.0727191115160144
1855,81.92483160657208,4.489590116181035,123.51965437016581,20.139933246991504,20.441900403502135,0.3105607355454201,23.849609746530685,0.09215065586387605,819.0432780804942,1.8910478888669995,536.540447423791,1.0318322202563093
1856,81.94232561558755,4.546700198927311,123.45419142846485,20.0131485759423,20.44603361838109,0.3115323763943061,23.87084441427177,0.08476747524691264,818.9562904095982,1.8548562821337056,536.5348993728369,1.0403501846292957
1857,81.88030005944401,4.659055962969997,123.43731853894268,20.023571705012557,20.4356549711446,0.2960738574952209,23.891088531137836,0.0751902558082393,818.8671259565513,1.844072902877985,536.594728354281,1.0125483774973483
1858,81.85504252203687,4.735846743565597,123.41799457578185,19.796443088009962,20.41989960859541,0.2963543034503172,23.909552373636085,0.0661438912072917,818.7822389687842,1.8492105260735388,536.6218048811759,1.0683429392773285
1859,81.70766218017675,5.042026018909271,123.39711260703524,20.016329994182474,20.41379297955656,0.2961636780230362,23.924250521722612,0.05706191129472603,818.6925972057394,1.8323410548686532,536.6052767560744,1.08074296437186
1860,81.58425641953218,4.444720282034237,123.4403257185958,20.399011135624974,20.41669865204036,0.2984644657929453,23.935572617617254,0.04962665280850841,818.6011910023018,1.810916358361012,536.6478041195461,1.041742273263535
1861,81.60874727143607,4.393768363849003,123.2480547292074,20.32082919881196,20.422179665351667,0.30494700146767034,23.95087489272976,0.039693742943353996,818.5178051329813,1.7922618904750467,536.6959162940298,1.0782780017039602
1862,81.70575268793132,4.330696935294669,122.91576533071337,21.009970966370872,20.416609941312526,0.2975929277072971,23.95939548690313,0.03364675552326956,818.4259129889372,1.7819714708993812,536.7300111679967,1.117702908857137
1863,81.71282011678446,4.33245860650089,122.91874506083494,21.040346843515692,20.424638473720123,0.2930807901217917,23.965328852926767,0.029492820938605172,818.3293379969648,1.7614490797445534,536.7741130376023,1.1234632599111314
1864,81.64140009671031,4.423005791017041,123.02498843738367,21.051658156437817,20.421526684740762,0.28970781020648045,23.970482563564143,0.026388632921287652,818.2328490596346,1.735234546490008,536.7766605449411,1.1260833960239933
1865,81.48042414857062,4.69614422919239,122.89179752345734,20.663497960716818,20.398941815880583,0.30195480288186066,23.97256508294551,0.025313661796702292,818.1437381875797,1.7266305155248642,536.8339436565478,1.1455995679523086
1866,81.41847330038405,4.800804149320895,122.6720854382259,20.60918018649599,20.385499643735656,0.3113373129772169,23.976993963767317,0.0237782364576022,818.0604957526641,1.727228185985723,536.8622066402388,1.1424433645062357
1867,81.47715428451045,4.72582531275743,122.50109550564238,20.279075632587602,20.366769360808128,0.28801253888955153,23.981320625193316,0.02220317538218917,817.9871465609525,1.733381369787174,536.9016914056592,1.145838159545919
1868,81.35442045112042,4.466427032370032,122.46731273813236,20.285662174929495,20.357461015098274,0.28936601694994,23.982272628538702,0.021968977805779492,817.9151492911955,1.7092706583234751,536.9195556035742,1.1591360721266932
1869,81.29304263554778,4.694484869221885,122.54001917808242,20.70880120735755,20.354089834089912,0.2886432525148426,23.985194477036398,0.021093597991781468,817.8458392623667,1.6620493293160987,536.9056492977271,1.1656463516555906
1870,81.2216847755271,4.548665039046389,122.22946663289468,21.3409327861187,20.352814364238647,0.2881998901917691,23.98908290631628,0.020004833239825343,817.7715637196139,1.6291288153833698,536.8982456144798,1.168967027530534
1871,81.20223748519591,4.599358514504203,122.13083656220222,21.45960120629411,20.33361308062416,0.2634459384020932,23.990657137148087,0.01977328399258654,817.6991283513961,1.5851000377279643,536.926151288121,1.076529759468459
1872,81.14103397253909,4.656097120505866,122.12448388168117,21.500248765988104,20.301439919985036,0.2906262140910435,23.992505572177993,0.019479794873442008,817.6278909832346,1.5189532894050113,536.9352509105503,1.075010090290198
1873,81.04790771512893,4.690058122417678,122.04352139623661,21.889618729411605,20.29670647526253,0.28887792773345367,23.991621040440524,0.0198324412967214,817.5534251045442,1.4808147823493212,536.961952356325,1.1117626577354627
1874,81.03886956307281,4.6998299782878155,121.75812879318626,20.666795225866146,20.26964051686067,0.2836284368522881,23.990365034512376,0.02057069088293417,817.4721971923889,1.4168739561258632,536.9768972224118,1.126850076616695
1875,81.0165832392611,4.62536369703686,121.98373931511989,20.947491153277902,20.282949485458552,0.27094013937021155,23.989786886107243,0.0208495369548814,817.3962627936329,1.344548023550689,536.9998069218196,1.1233517143673724
1876,81.00650123920997,4.618912480526631,121.70602874788057,20.29281688774387,20.265222852552824,0.27246671697983227,23.992082025387468,0.019920994253497096,817.3246928633965,1.3128226800462328,537.0465232447837,1.190717498166241
1877,80.90401143591806,5.0818844845999145,121.6515962551906,20.24760413679681,20.247901766643977,0.27339753114275905,23.995953888693833,0.01910708049088571,817.2476242125938,1.3067897799978687,537.0718404443395,1.1681581794929663
1878,80.8633822186248,4.811629135273655,121.60266920045422,20.873254582302543,20.2228448621697,0.2689359644731176,23.993654874912036,0.01950065117117624,817.1645146374768,1.3010456463268518,537.0774695123094,1.1787537610867584
1879,80.83824427026163,4.745041860552522,121.54876647413381,20.418028958998367,20.21725332224883,0.2654693360627708,23.98753543352388,0.020223807159416435,817.0757305919036,1.2767592259254867,537.1174906812524,1.110135335725545
1880,80.79119720928686,4.650909530350945,121.51114631003678,20.65123738666791,20.216955927337448,0.26564586825048264,23.98905645288137,0.019953794212123885,816.9865182271342,1.2694464413739701,537.0985196695617,1.1299706473903008
1881,80.74040157277202,4.50999431944608,121.223935385956,23.696762679892547,20.221474281501624,0.26144915837897204,23.988381233501464,0.02003729522287097,816.8994721144941,1.3164912229135146,537.1233816453826,1.0870341140033157
1882,80.70378096400417,4.407946431391295,121.44955206642348,22.727052536955245,20.202531468015493,0.2577319585232112,23.987366544653845,0.019994829427087763,816.8063678145865,1.4055846250437585,537.137399621323,1.0698354276804178
1883,80.66945600018352,4.341356899661278,121.20612610083663,21.740417769164,20.204412843263118,0.2578984073125458,23.993683033346173,0.022332195092251494,816.7157268850239,1.470031030832602,537.1297661951538,1.0805130590792422
1884,80.54711074333005,4.209588769213405,121.31516269909963,22.311265542216603,20.19058371246779,0.2657744017710864,23.99961080731675,0.025960199949391558,816.6219444963443,1.5240268650819038,537.186450132374,0.9615351249219402
1885,80.57198170943072,4.20118422199234,121.43603177738018,22.570048576113567,20.206823476657448,0.2720820970331325,24.00451617332323,0.029047644771708778,816.5198343364935,1.5650575967350437,537.2194817371145,0.8906192725948262
1886,80.54100586586281,4.166629082226525,121.35841765383415,22.57148262777296,20.192240491146844,0.27689778529123754,24.0130270214155,0.03265134297641795,816.4181261973139,1.6147563444222643,537.3014677936577,0.8782783051844261
1887,80.53989951781284,4.165885620702544,121.26417645888706,21.987830775793658,20.18103437157667,0.2797296662524253,24.022307653842496,0.03723481153923348,816.3078932422702,1.643165467381729,537.3082726551803,0.878967554889167
1888,80.47997081859526,4.199184617954751,121.24924007685398,21.999828710753903,20.186247599274346,0.2765313323362505,24.028290081593138,0.038880110272215676,816.1924865015421,1.7434612476593954,537.2910700325705,0.8764320983298327
1889,80.52407887231884,4.252829117858713,120.98252384467415,22.776599216528155,20.176404000003295,0.2703848086125696,24.03641216604934,0.041007263693209305,816.0806353988529,1.8458937581481811,537.3212392785993,0.793348188045584
1890,80.54041938283245,4.184881271555618,121.08823905355786,23.526531181656658,20.175171480892487,0.27096481156094293,24.043255149214016,0.042894706292542814,815.9735710976187,1.9062870746105187,537.3223751918828,0.7918344796218519
1891,80.48171658278699,4.077783026777748,121.01668339098977,23.598390859482663,20.15236673915896,0.2571255753359371,24.04864191809496,0.044738297702679564,815.8616977318627,2.0242605590308522,537.3544472900375,0.8295578592956208
1892,80.34149109244619,3.4703207489135997,121.06400991806322,23.401459192413423,20.155224265887803,0.2590326896674694,24.052901817529055,0.04657811698816751,815.7434440378145,2.192157937047835,537.3883518973792,0.8714179929890128
1893,80.23650281811466,3.3853249933881613,120.9290780837494,22.67161892549122,20.127872320109383,0.2913815915102115,24.058894015284608,0.05061080941810809,815.6255727353587,2.3836037046729577,537.3282491067406,0.8682070296283882
1894,80.20977251335256,3.279181737161251,120.80843475909087,22.39560427279115,20.132030677228922,0.28709804054053184,24.067710413425317,0.05578193964639953,815.5132606260745,2.5717178294392204,537.388447839785,1.0154672468752095
1895,80.16023188388648,3.2654951884919243,120.78855034490984,22.27294853843838,20.113552533169326,0.28907445793944947,24.07911918302809,0.06150845571043057,815.3964982886732,2.7781783288409225,537.4285583986599,0.9814676979948221
1896,80.15435375577881,3.260911823570772,120.6452452012253,21.53331615702348,20.105418094034334,0.2904646277381027,24.09141911092206,0.06887143384487383,815.2744199390036,2.95771638455789,537.4540377220854,1.0273781308143122
1897,80.08602945449407,3.4107493335717898,120.67404526548606,21.311793682949084,20.113496722529025,0.2972951902980927,24.10170850463226,0.07621207480813677,815.1626111547125,3.1627488595861375,537.4261735908792,1.003890917783158
1898,80.00245970711076,3.658881366944985,120.60271276745954,21.417137416231675,20.089707435276797,0.2882735608842074,24.1126141487627,0.08510879546247554,815.0526548957367,3.3419778457040388,537.4525327968792,0.944523852606808
1899,80.08378680097115,3.91455897897391,120.63740029569142,21.916919660027165,20.076618247694064,0.2819699275172732,24.12750494141739,0.09379656541535718,814.9410516791994,3.5113176923219838,537.456892637209,0.9461870128491712
1900,80.20100887811962,3.980906386988933,120.62819307781675,21.91391743185137,20.0678404943456,0.2736323261553354,24.143628208009687,0.10583624715236767,814.8290368155721,3.7012344131208827,537.4838360843205,0.9599474871889604
1901,80.15782744646714,3.990462820058441,120.75933864082572,23.10557490445857,20.08135742121664,0.2528227374086117,24.16542326649669,0.12109197340731818,814.7155920996186,3.8899542424510765,537.5272829648769,0.9303541758146697
1902,80.17752164190813,4.009577163268097,120.63729249074679,23.626564901539282,20.058155496150693,0.28015873780289874,24.18719231627767,0.13882295800528838,814.5935781767149,4.079209855123826,537.5834514924974,0.9611733062111393
1903,80.10581921851677,3.8619001221886156,120.51299801086817,23.707899971140087,20.046416584642618,0.3035295397499961,24.205490973866077,0.14802997911885518,814.4676738500171,4.232086444573917,537.5362606801622,0.9678628188152649
1904,80.09602369587947,3.8267960155158804,120.64665254815225,22.092671990704364,20.05328718053667,0.31073229775236355,24.223535185160657,0.15768774033785074,814.3398825254578,4.346115142975445,537.5589597924971,1.0091400366700198
1905,80.1284768186105,3.642560275972713,120.61822700041634,22.085383340102684,20.075258408915726,0.29681109198326155,24.23352383232781,0.16313503380159858,814.211970809434,4.472422873440738,537.5807447054761,1.0321915843120981
1906,80.00866955546239,3.4208425077658133,120.50084011079271,22.251846104135875,20.060407492752947,0.29004085375803706,24.24498171284227,0.16939986684613825,814.080931985919,4.577645133184094,537.6368353268773,0.9681048392129232
1907,80.02739757886323,3.4179084703560134,120.44457124788092,22.155177248152793,20.04059257323868,0.2752671080740252,24.261155586806538,0.1795179513789345,813.9476990136683,4.741680285697887,537.6164185668581,0.9807800907692336
1908,80.05573289835236,3.4418083284489054,120.30257658295946,20.76987616217605,20.033580007243785,0.2779466128262368,24.280482738638597,0.19269987814657344,813.8152324610002,4.882332217517244,537.59813323506,0.9721793898865619
1909,80.09487526239663,3.2806164849280792,120.46154718777123,21.19747882511821,20.031765853507938,0.2772007745874138,24.302277583153764,0.20315585671938724,813.6844603622676,4.997241641628275,537.6582185106766,0.936211259980889
1910,80.03339656536963,3.364503699788817,120.16451318053083,20.531003703946638,20.023816442755706,0.26666608441672907,24.32576023742839,0.21102622473151292,813.5546033958651,5.100429151374361,537.6286709107658,1.0050617439301635
1911,80.0700283914526,3.5180162680118996,120.2977963677468,21.030839047887728,19.994663736713193,0.24299037598823559,24.343434769663737,0.21517364144802295,813.4222414834466,5.1579659972606455,537.5905870121355,1.0295413393520831
1912,79.98701913598083,3.2367944995360474,120.51276047409496,20.472493165158625,19.981415076415768,0.22655459944262585,24.365082304842076,0.2154975321867608,813.2975012601238,5.221341539681177,537.6023212786076,1.049389959602939
1913,79.94031553555996,3.153218385575644,120.27303888655351,19.68926272770367,19.968767261685713,0.22514360065209157,24.38757546037834,0.21336979730105496,813.1805306417966,5.244235476345041,537.6207783602222,1.0783369635104827
1914,80.0166496706341,3.3401984319529063,120.09924588788027,19.28168190657614,19.95343378653241,0.20849648281038802,24.407077051591145,0.20906451142867957,813.0674819949639,5.232290864192401,537.6249976233823,1.0768355760421735
1915,80.18548591720273,3.624441724980411,120.13387648697724,19.409308948856236,19.95954312542512,0.20570548127206503,24.425435335942442,0.20207171707697033,812.9527974382952,5.201728656753957,537.6083342784382,1.06421660376526
1916,80.23127221617001,3.6252965910560975,120.14388001097353,19.358709251030966,19.97788718694751,0.21334400102583742,24.43869784090353,0.19706774860003973,812.8411490689384,5.126683756449282,537.644146989467,1.120421164822864
1917,80.23571438346671,3.6449355793235703,120.3183717548292,20.565543720593393,19.971360030748016,0.20827851914367398,24.456589528699464,0.19373020530590945,812.7226131129833,5.029023238364174,537.670843466228,1.1706058417617704
1918,80.21847829875804,3.68978248701524,120.31075689404977,20.549394543349493,19.962673038218917,0.21051290492392463,24.475397833608064,0.18947984335678525,812.5972707652903,4.895544238593716,537.6771928700961,1.1732842016652258
1919,80.30523781888382,3.667783236038501,120.07167397004451,20.059150356927457,19.958538524080048,0.20787541543832308,24.49541572162298,0.18641658330926947,812.4692824685918,4.700009623457141,537.6939013209353,1.1414942933766303
1920,80.34779023077535,3.773037823033779,120.11430358650678,19.5890312035553,19.96303952799558,0.2137876116099555,24.51672208867405,0.1852746977430421,812.3457574225432,4.530264697408095,537.7618460069581,1.2063642270633512
1921,80.33939367350457,3.7919731846388327,120.01110899568921,20.329867894463394,19.945780129693386,0.20994876597438233,24.541252455761743,0.18734851281962514,812.2199326926498,4.326418916073502,537.7851567313724,1.1490858228050183
1922,80.35415500098011,3.76816084818244,120.05379385781788,20.31839119589255,19.966018500773135,0.19546385454759493,24.56908697897768,0.19306792926686014,812.0970220461816,4.048912625723562,537.8263333484742,1.1742985437784106
1923,80.45227742630954,3.895813539831236,120.12541252247105,20.231318186349224,19.960043724379897,0.19242382891486046,24.60271760430917,0.19508984561326922,811.9774834363861,3.816116817916818,537.8541135726721,1.2392061147291882
1924,80.45750269944287,3.8954232346207847,120.2724157941854,20.33382559968771,19.973617768766918,0.19447603806329236,24.63556556042316,0.18661910760128833,811.8605776028176,3.5712935253628815,537.8672094827355,1.2473431266704265
1925,80.49543498037444,4.095122387912301,120.27097884637264,20.310912982279405,19.97443835694735,0.19479147430163304,24.66916513344897,0.18160762223886787,811.742875695931,3.2690373122610437,537.8760952856977,1.244382942063617
1926,80.49900893766552,4.09997390949755,120.3874364340456,19.987559410732693,19.988390904381475,0.1992369753871644,24.69994987667526,0.17753241941870393,811.6247439339246,2.991468244207995,537.8366435748577,1.2399547024475674
1927,80.59966700393815,3.7192548494372737,120.53778713105086,21.221404713813005,19.99163790395937,0.19849721439598214,24.725653550576496,0.17321003647232827,811.5114520814882,2.7608603818610575,537.8639669029802,1.2448766383226557
1928,80.60277197381468,3.7357538234810823,120.62201958906967,20.47603894415264,20.00263331204779,0.19791262694565093,24.75350028345716,0.16241441547148,811.3972272984932,2.562193827058553,537.8435417267167,1.2543254157117951
1929,80.68228030189682,4.20071450018694,120.42919620556263,20.861621710847633,19.999848501107987,0.19613268751166507,24.7833281677443,0.1476214267117385,811.284026825962,2.3626099382746673,537.876505670633,1.2692569471418123
1930,80.7253347178146,4.287833357549208,120.60104257673815,21.32910302454272,20.026637403399224,0.22758437406603643,24.805033136480976,0.1337913608654571,811.1718367053669,2.1775429314574954,537.8859485304688,1.2398925509982246
1931,80.7455254144278,4.313569660180941,120.9391380652325,19.033990710837713,20.039800613669755,0.23222954810291382,24.8283011510548,0.11841907279867352,811.0612292187861,2.0375233946531406,537.8874740801117,1.2368965565489234
1932,80.80433487447273,4.537685124473262,120.91441928218184,18.866186922724857,20.059452182007213,0.24330859628612048,24.852607387723552,0.1060286130280049,810.9508283099083,1.9721007186546964,537.9256974053609,1.2313311869051469
1933,80.8750839637187,4.784310584372161,121.08733422568895,19.060351283254697,20.080213342762878,0.274791583552355,24.870352223341953,0.1028381146459214,810.8378691226625,1.8733647291876743,537.9909308019763,1.2219930121760374
1934,80.96916027516308,4.689692236695619,120.77679677457479,20.418862232100157,20.099836352139516,0.27372051191684105,24.883832976139082,0.10021527231648025,810.7240070590321,1.777008253301523,538.0082970071602,1.2213285628491652
1935,80.99958225331638,4.738858797785422,120.6743266881343,19.967343526773927,20.090543079714433,0.26485402206930375,24.89896629202128,0.09774568961226045,810.6102690336113,1.704900441520696,538.0641630044482,1.2597724100091001
1936,81.05804791343644,4.829724481455994,120.85273900319595,21.112311142648675,20.09645528984189,0.2615655353245225,24.914327323788115,0.09481140637603797,810.4949565903822,1.6457336511519385,538.0430033873588,1.2315396421086553
1937,81.0224057484789,4.908952569638604,120.84473863289345,21.09694434187597,20.09807219086715,0.26066078381449975,24.932118121926266,0.09529171905753207,810.3838156107463,1.5860820282852166,538.1112523716255,1.392233899327138
1938,81.04557918057033,4.827835893954111,120.9597500284327,21.674991003098544,20.08618336806608,0.2697834762254964,24.949154183509076,0.08816041277631297,810.2819572049672,1.5736441376938632,538.1213876419836,1.373181401932076
1939,81.0525016192677,4.846550324426686,121.42155549401203,24.856179870558137,20.100532512708345,0.28461789929154957,24.96015666099323,0.08106807014064493,810.1767964504262,1.5665299296116262,538.1488974213934,1.3318360776506284
1940,81.08641891202795,4.755298540105043,121.44488711077547,25.156364282019133,20.117518308265872,0.29259111523614695,24.9715144176267,0.07328381605972038,810.0652805758755,1.5289424984407485,538.2183664019292,1.3673259109413833
1941,81.13343035231782,4.755569336077033,121.49990304544279,25.00753956629402,20.128445674891356,0.2935101977679168,24.982105220875464,0.06542236584076654,809.9535063926082,1.574488430498851,538.2156572964017,1.3649384982918578
1942,81.20684228225817,4.70969850106274,121.38834799387818,25.929221966837957,20.126278796186092,0.2918707743188457,24.993023237928824,0.05771921355602607,809.850041413663,1.6458317752201395,538.2353587488566,1.4088051421260426
1943,81.25375113247243,4.518559851903771,121.52557292806411,26.558580087242582,20.150561770807737,0.2595043002119568,25.001643761849323,0.05338516291164032,809.7519484012314,1.7081807068431174,538.2688677820673,1.304005389151702
1944,81.296586489164,4.631884207800377,121.41725039979904,27.709396798307136,20.173182962174693,0.26563582617668663,25.012790478027565,0.0498037760699642,809.6499367449092,1.772787865263881,538.2265672249773,1.238677766674108
1945,81.28943113526113,4.666785312459131,121.34769831318755,27.680633565767085,20.187646245814395,0.25942532820338277,25.022985764483256,0.046507548477051686,809.5551086836779,1.8315864541274733,538.256997509675,1.2706541193303578
1946,81.3209568943843,4.658766078627104,121.35876617865512,27.64871162041492,20.201628554604095,0.25877769069172624,25.032650666212586,0.04453305412207851,809.4622450248914,1.8822635975581905,538.2278086711908,1.2713050020420702
1947,81.36679670442574,4.391175336745108,121.47533205256788,27.43646519940004,20.189488321247826,0.2531619945282578,25.03953905588003,0.042276592826297865,809.3678210870606,1.930609949000991,538.2396021169301,1.2524755279976256
1948,81.47949030109088,3.9068937924103713,121.6235805324751,27.523656773338903,20.200175643933054,0.24803740264760585,25.050034298669594,0.04221520973617802,809.2708233867786,1.9670809771484814,538.277072161236,1.2274817313414381
1949,81.50269778810022,4.035049548900737,121.45229580069702,26.570345541770592,20.223974698685357,0.2662419252335681,25.06296813101673,0.04340448354561458,809.1740022868928,2.0025813776430987,538.3284050491106,1.304084433857512
1950,81.46504126773776,3.963962797142761,121.63485152035948,27.90513018777528,20.243492076069018,0.28904204608981304,25.075340388647206,0.04705800488750863,809.0816227301349,2.0371585124360285,538.3482549858729,1.3264508658474177
1951,81.46504917613056,3.9639228774080357,121.6993509735059,29.00691082044461,20.253151157021108,0.28216857297741343,25.08354167740395,0.04986945804721496,808.9884209039157,2.0835702718781755,538.3597206282823,1.3309114051759074
1952,81.49552966757034,3.989882634419365,121.85785976937684,28.275689294772185,20.29648653351127,0.2574909882615222,25.093122596035556,0.05516500717867739,808.8900659828395,2.194755024201849,538.359634371052,1.3307588522632574
1953,81.53950735884926,3.8947677675775596,122.11864553912503,29.169030432631068,20.329512427174453,0.21003671089717552,25.10931585511288,0.06190554104266266,808.7875163469215,2.323357720814602,538.3802142303091,1.2658776215001883
1954,81.57351915790017,3.957642584336253,122.18891960906281,28.825198138914974,20.326367449707103,0.20792674115336035,25.126437618339878,0.07022347760762959,808.6906672720394,2.400155582853854,538.3704858768959,1.2581828905618568
1955,81.66929630828182,3.7455409550484817,122.18641310550737,28.836466591150106,20.349324003901078,0.23318608982700337,25.147203154590105,0.07563880987116052,808.596997204962,2.4749589028569208,538.3890362305237,1.2853255713569713
1956,81.78662145913661,3.550485618059851,122.46073691418101,29.65637425861352,20.365540861542858,0.23212472428528907,25.16510274896111,0.0787421729734521,808.5015444323276,2.5642894830600365,538.4075455967281,1.3048036856526264
1957,81.8971435040662,3.85061762311653,122.59690446804572,29.874009780090542,20.3821382423248,0.23082266400205773,25.17968262197384,0.0833855596870484,808.4180111716851,2.6440554629053263,538.4667306089199,1.287228213373816
1958,81.93251809415604,3.8602034269796692,122.71465111569407,30.328665537458935,20.390662181262215,0.2221463583068047,25.190402945630463,0.08713031712254635,808.3427778335692,2.6765599708766104,538.5167397945563,1.30142610414601
1959,82.03092151520087,3.7626763952461624,122.89871951588253,33.13453081878774,20.402423025375693,0.22421644190723505,25.20242733181017,0.09143752794196565,808.2684346948226,2.6938870379504087,538.5285220949502,1.3160676920555363
1960,82.13845238327771,3.4251944887351873,123.20206484495299,32.218221717604806,20.406005559937014,0.22541374709690892,25.212570329107177,0.09374326168694255,808.1966510478626,2.7002438851348005,538.5473743754333,1.2274364886389648
1961,82.1980464999082,3.7100968015115017,123.45369309997749,36.51318113687282,20.436932009377404,0.22731081758638416,25.224955360925968,0.09329600259986807,808.1166544223395,2.7312945746329076,538.6120446416056,1.14555813685458
1962,82.29367444731551,3.6629015548454147,123.49530047702737,36.68915036910648,20.446620643924906,0.22859876379053054,25.23314682422545,0.09126508464186489,808.0327150510886,2.7622583912669882,538.6131312093391,1.1458535648785042
1963,82.40464542821213,3.6851064246898577,123.85191342132094,37.59344024106151,20.48549875073109,0.24601087980143377,25.242811578833816,0.08921272463464666,807.9428255263708,2.765223385762721,538.6141628986923,1.1463875363175455
1964,82.45900513327973,3.9085642672337557,124.03554514679092,36.70808552805937,20.508690646044,0.25511939694012914,25.255854233383776,0.0853112198701755,807.8495853659599,2.741941199053237,538.6416343005461,1.1246847841989613
1965,82.36606664698958,3.8306263189410794,123.99607006683331,36.886490370345676,20.534897605193073,0.25612217609024585,25.269846900320232,0.07890129633203942,807.7540617236776,2.7256259644880534,538.6824399591334,1.1187936465294912
1966,82.46016932869502,4.080600352223303,124.25587539530909,37.03474645863676,20.551764400196618,0.27366684310869255,25.281356239887128,0.06929177748665694,807.6525155725573,2.6855925210658307,538.6540254085781,1.123898452417361
1967,82.51715854966022,4.248883991409996,124.23052257166484,36.87407272653484,20.572933327649935,0.28051821856440395,25.285194635145675,0.06628541284463128,807.5514329587172,2.666376842358479,538.6219802530726,1.1365275676277082
1968,82.6138799340944,3.927881302080389,124.55585720519865,40.12976529632225,20.611261578456585,0.2797295474077984,25.288995336655706,0.0634418060145781,807.4505376171933,2.6612655707958512,538.624023340608,1.1343073763075717
1969,82.71556873328444,4.3811424068918,124.85229131237564,38.87486612263458,20.630463741234948,0.28086659619131255,25.293289125314285,0.06105019777727658,807.3428061251861,2.662978408594413,538.6869886582173,1.1458209433560889
1970,82.80147010464853,4.730246975843901,125.1800665484068,38.161262050002485,20.639859169935427,0.2869384834353003,25.29376921986818,0.06078657726365211,807.2347319561007,2.662511734713055,538.6687530570146,1.117516477328165
1971,82.91396787131936,4.49684568964412,125.29492617371923,36.19203194977849,20.664338938699938,0.26654564341596976,25.29344456063729,0.060864794937583074,807.1227765289119,2.673153272528251,538.7246121867632,1.1006506656921569
1972,82.93555673717665,4.388474870653136,125.50240798437119,36.512233395038464,20.68069936591446,0.2614588738442929,25.29331804146714,0.060850549049170984,807.0021744881137,2.6449714728664406,538.7407017491378,1.127076060189797
1973,82.96851987880835,4.480353518990084,125.6273602696687,36.21725863717424,20.71872721757446,0.28582475991426526,25.292212612057632,0.06054435346869609,806.8825423852527,2.6279108630115715,538.7446399781143,1.1353976396716383
1974,83.02499321311721,4.360952505038147,125.626533877849,36.219673602233414,20.742636846077698,0.2978928672382424,25.296236343772033,0.06153262702819143,806.7621188345857,2.581309525890204,538.7753185339949,1.1666710145378232
1975,82.96677485386454,4.4140502566966795,125.77052831134213,37.968271061509704,20.751007365524305,0.2918343352580332,25.296102155137532,0.06149983416934982,806.6380582301152,2.50133200249139,538.7966570394091,1.1526501123369206
1976,83.07698945035514,4.635651650203923,125.77163074589603,37.95957893981533,20.779852243337338,0.3178560745239861,25.293205106658835,0.06136839484397875,806.5169021948595,2.4332209528204967,538.8623271462526,1.1174478617217634
1977,83.22812827512723,5.202691859829727,125.8137498776534,38.26067289299448,20.810492310489998,0.31350284237216386,25.296556448367088,0.061791737103203626,806.392403969975,2.391019122371822,538.8887264085142,1.1393274751864688
1978,83.27537054866448,5.31953253546591,125.96031306451128,37.10216424041071,20.826809358041743,0.3080164707610625,25.29867162559836,0.061796258574740845,806.2706081688135,2.372487210249983,538.9062696966677,1.091263623100145
1979,83.29484247326106,5.426724333220174,126.27168568270793,34.81039951352013,20.869523287561293,0.34850673846415586,25.30278400783218,0.062410430637344846,806.1519556450224,2.324798621686336,538.9213323808158,1.1026018737716237
1980,83.41452033145961,6.0150821789489894,126.30293314777813,34.85109293669646,20.88729495767352,0.37839708653453547,25.312865602456522,0.061768492545811494,806.0403508995028,2.2461735548393045,538.9788710407254,0.9947948291167653
1981,83.50814277240724,6.157237550172977,126.3526558116775,34.93343524462823,20.915095937224333,0.3970659965141979,25.325666665573202,0.06373838484466868,805.9364941765839,2.164189710954316,539.0416741220945,0.9335751462493047
1982,83.52775356859289,6.200654124915065,126.47506041132252,35.00373982682268,20.931898180202158,0.40782368415572073,25.33774551320847,0.06789426319459924,805.8420984552588,2.108864824221374,539.0595681790431,0.9404243507674299
1983,83.48093775205983,6.234877924255621,126.4546601810535,35.04957372759165,20.940828942802877,0.41910234962470905,25.347305457301943,0.07010812090322988,805.744613220781,2.055509715395182,539.0579916594146,0.9390704340891928
1984,83.58904051403574,6.664815096893566,126.9335667813158,31.43683270563309,20.94086432842533,0.4190744666708928,25.358337407514572,0.07104816371049417,805.6505967185423,1.9977501004042697,539.1148150608929,1.0259525793147843
1985,83.68862475773223,6.946823241589672,127.19409560309045,31.315771183335833,20.975142828524167,0.4351163959706241,25.369551861731132,0.07347842520516253,805.5539685021565,1.9748057581339395,539.1259663835724,1.0470823515513483
1986,83.79678684704857,7.435395201868733,127.1320974864416,31.359374288756374,21.011603136967924,0.4267001361859133,25.379722460435982,0.07507043533427986,805.464509033262,1.9427655502720638,539.1580088651376,1.0364535590962196
1987,83.85629514830731,7.03719119505697,127.44937155082538,32.80395524177326,21.051409735746578,0.41265904024488176,25.388502482163286,0.07895173671449406,805.3703451749785,1.9134919268303017,539.1120940139658,0.9751572986456423
1988,84.08254974696221,7.769086245126291,127.61239192875699,33.73047467863141,21.10053062153346,0.3696497694516459,25.402070749306144,0.08186873254413267,805.2831848546681,1.8529267191589447,539.1611323178753,0.9289145529840352
1989,84.14369080048256,7.764369069777707,127.51591504869822,32.5225204680107,21.11259687313083,0.3734358777288236,25.422922555900133,0.08283282582425397,805.2027487610956,1.7906071806404804,539.1783362965326,0.9059811423946494
1990,84.32168337332166,8.06085882040787,127.42678207942421,32.773334211578316,21.12439621703017,0.3719950516794319,25.44623050524707,0.08578536544324893,805.1269900497338,1.7226619168341641,539.1382626478473,0.9051188594026057
1991,84.34879039752035,7.985095897298308,127.55509149250378,32.05037170539094,21.15379150153144,0.37398478195216045,25.47108118403228,0.0878377674052294,805.0629128225635,1.6810129270151206,539.155306741465,0.9002636156244481
1992,84.41527690491377,7.982299551733783,127.7014233719863,29.254191916355847,21.169444976304245,0.3635587542874085,25.49512403074752,0.08944550612713663,805.000147575497,1.6327716906504675,539.1494291447824,0.8941490522683723
1993,84.5394681477526,7.737422886291063,127.8078431765287,29.697407557315074,21.208935427512923,0.3547298851350571,25.517262092963463,0.09006685903384268,804.9310366843132,1.5842733163643432,539.2164750665487,0.9010665980250668
1994,84.58247010225601,7.751154251529093,128.25645416974194,26.71343298200301,21.220629482727485,0.3532451387529848,25.534069793434096,0.09085500043208873,804.8609933715526,1.5566532282870258,539.275005369082,0.9207114211654316
1995,84.73445963685019,7.089027091495339,128.4262558217214,25.240662776487447,21.263503182623296,0.36736441760613014,25.554799046608828,0.09458397289333705,804.7912240347184,1.505728413220181,539.2964397946133,0.9542879200989239
1996,84.92194343291916,7.788299427992141,128.66558801776992,24.094824974735847,21.279321958111133,0.35592182383794885,25.574788264811104,0.09883771291000769,804.7204057028503,1.4488697337825749,539.3434473991421,0.8926026343858542
1997,85.08051361284615,7.3328191848980495,128.9431750286342,24.986663283443843,21.31769592611705,0.3386575866622293,25.596913306029023,0.09951809439191686,804.6480925643181,1.4029036228639173,539.3862406995928,0.844673575948585
1998,85.29042467169455,8.274034316496074,129.02110628295932,24.74968864484549,21.355764666512105,0.3263860362377692,25.613641674282906,0.10352039475268564,804.5763875993807,1.3582305420417138,539.4195822858046,0.8650098823805897
1999,85.40727100772669,8.83429020531387,129.3324557440057,23.853729691442386,21.386863228091855,0.36370529468488677,25.628052654298973,0.10835337158945747,804.4981324507237,1.3376952220588825,539.4261020341386,0.8790795832522595
